fecha_hora,via,dataset,modelo,exp,modo,tipo,ticker,lookback,config_json,semillas,n_train,n_val,n_eval,val_f1_ens,val_f1_mean,val_f1_std,eval_f1_ens,eval_f1_mean,eval_f1_std,eval_f1_buy,eval_f1_hold,eval_f1_sell,eval_sharpe,eval_win_rate,eval_profit_factor,eval_max_dd,eval_signal_buy,eval_signal_hold,eval_signal_sell,epocas,segundos,es_evaluacion_en_test,notas
2026-08-14 21:03:03,V0-replicacion,v1,LSTM,A,final,global,GLOBAL,20.0,"{""lookback"": 20, ""escalador"": ""minmax"", ""clip"": 0.0, ""alineado"": false, ""arch"": ""lstm"", ""hidden"": 128, ""layers"": 2, ""dropout"": 0.3, ""bidir"": true, ""pooling"": ""last"", ""filtros"": [64, 128, 192], ""kernel"": 3, ""dilatacion"": 1, ""batchnorm"": true, ""fc_dim"": 128, ""pool_cnn"": ""gap_gmp"", ""epochs"": 80, ""patience"": 15, ""batch"": 128, ""lr"": 0.001, ""weight_decay"": 0.0001, ""class_weight"": ""balanced"", ""scheduler"": ""plateau"", ""grad_clip"": 1.0, ""criterio"": ""val_loss"", ""loss"": ""ce"", ""label_smooth"": 0.0, ""focal_gamma"": 2.0, ""refit_trainval"": false}","[42, 1, 7]",17472,1624,1596,0.3251,0.3254,0.03,0.3451,0.3435,0.0264,0.3936,0.531,0.1107,-0.0239,0.5118,0.9939,-0.5425,46.2,46.7,7.1,"[1, 4, 1]",36.6,True,replicacion de v4
2026-08-14 21:03:48,V0-replicacion,v1,LSTM,A,final,global,GLOBAL,60.0,"{""lookback"": 60, ""escalador"": ""minmax"", ""clip"": 0.0, ""alineado"": false, ""arch"": ""lstm"", ""hidden"": 128, ""layers"": 2, ""dropout"": 0.3, ""bidir"": true, ""pooling"": ""last"", ""filtros"": [64, 128, 192], ""kernel"": 3, ""dilatacion"": 1, ""batchnorm"": true, ""fc_dim"": 128, ""pool_cnn"": ""gap_gmp"", ""epochs"": 80, ""patience"": 15, ""batch"": 128, ""lr"": 0.001, ""weight_decay"": 0.0001, ""class_weight"": ""balanced"", ""scheduler"": ""plateau"", ""grad_clip"": 1.0, ""criterio"": ""val_loss"", ""loss"": ""ce"", ""label_smooth"": 0.0, ""focal_gamma"": 2.0, ""refit_trainval"": false}","[42, 1, 7]",17192,1344,1316,0.3526,0.3193,0.0178,0.3891,0.34,0.0199,0.2739,0.5225,0.3709,0.9645,0.5104,1.2837,-0.3917,14.7,45.4,39.9,"[1, 2, 3]",45.1,True,replicacion de v4
2026-08-14 21:04:10,V0-replicacion,v1,LSTM,B,final,global,GLOBAL,20.0,"{""lookback"": 20, ""escalador"": ""minmax"", ""clip"": 0.0, ""alineado"": false, ""arch"": ""lstm"", ""hidden"": 128, ""layers"": 2, ""dropout"": 0.3, ""bidir"": true, ""pooling"": ""last"", ""filtros"": [64, 128, 192], ""kernel"": 3, ""dilatacion"": 1, ""batchnorm"": true, ""fc_dim"": 128, ""pool_cnn"": ""gap_gmp"", ""epochs"": 80, ""patience"": 15, ""batch"": 128, ""lr"": 0.001, ""weight_decay"": 0.0001, ""class_weight"": ""balanced"", ""scheduler"": ""plateau"", ""grad_clip"": 1.0, ""criterio"": ""val_loss"", ""loss"": ""ce"", ""label_smooth"": 0.0, ""focal_gamma"": 2.0, ""refit_trainval"": false}","[42, 1, 7]",10423,1624,1596,0.3323,0.3341,0.0213,0.3617,0.3632,0.0243,0.3347,0.563,0.1872,-0.1352,0.4945,0.9637,-0.5569,32.2,54.8,13.0,"[1, 1, 6]",22.0,True,replicacion de v4
2026-08-14 21:04:37,V0-replicacion,v1,LSTM,B,final,global,GLOBAL,60.0,"{""lookback"": 60, ""escalador"": ""minmax"", ""clip"": 0.0, ""alineado"": false, ""arch"": ""lstm"", ""hidden"": 128, ""layers"": 2, ""dropout"": 0.3, ""bidir"": true, ""pooling"": ""last"", ""filtros"": [64, 128, 192], ""kernel"": 3, ""dilatacion"": 1, ""batchnorm"": true, ""fc_dim"": 128, ""pool_cnn"": ""gap_gmp"", ""epochs"": 80, ""patience"": 15, ""batch"": 128, ""lr"": 0.001, ""weight_decay"": 0.0001, ""class_weight"": ""balanced"", ""scheduler"": ""plateau"", ""grad_clip"": 1.0, ""criterio"": ""val_loss"", ""loss"": ""ce"", ""label_smooth"": 0.0, ""focal_gamma"": 2.0, ""refit_trainval"": false}","[42, 1, 7]",10143,1344,1316,0.3657,0.3498,0.0101,0.37,0.3518,0.0119,0.3013,0.5225,0.2861,0.4327,0.4914,1.12,-0.4064,24.0,47.1,28.9,"[2, 3, 1]",27.1,True,replicacion de v4
2026-08-14 21:04:51,V0-replicacion,v1,LSTM,C,final,global,GLOBAL,20.0,"{""lookback"": 20, ""escalador"": ""minmax"", ""clip"": 0.0, ""alineado"": false, ""arch"": ""lstm"", ""hidden"": 128, ""layers"": 2, ""dropout"": 0.3, ""bidir"": true, ""pooling"": ""last"", ""filtros"": [64, 128, 192], ""kernel"": 3, ""dilatacion"": 1, ""batchnorm"": true, ""fc_dim"": 128, ""pool_cnn"": ""gap_gmp"", ""epochs"": 80, ""patience"": 15, ""batch"": 128, ""lr"": 0.001, ""weight_decay"": 0.0001, ""class_weight"": ""balanced"", ""scheduler"": ""plateau"", ""grad_clip"": 1.0, ""criterio"": ""val_loss"", ""loss"": ""ce"", ""label_smooth"": 0.0, ""focal_gamma"": 2.0, ""refit_trainval"": false}","[42, 1, 7]",6902,1624,1596,0.3707,0.3413,0.0141,0.3702,0.3516,0.0211,0.3565,0.4735,0.2806,0.1627,0.4959,1.039,-0.6315,34.5,38.3,27.1,"[1, 2, 1]",14.0,True,replicacion de v4
2026-08-14 21:05:10,V0-replicacion,v1,LSTM,C,final,global,GLOBAL,60.0,"{""lookback"": 60, ""escalador"": ""minmax"", ""clip"": 0.0, ""alineado"": false, ""arch"": ""lstm"", ""hidden"": 128, ""layers"": 2, ""dropout"": 0.3, ""bidir"": true, ""pooling"": ""last"", ""filtros"": [64, 128, 192], ""kernel"": 3, ""dilatacion"": 1, ""batchnorm"": true, ""fc_dim"": 128, ""pool_cnn"": ""gap_gmp"", ""epochs"": 80, ""patience"": 15, ""batch"": 128, ""lr"": 0.001, ""weight_decay"": 0.0001, ""class_weight"": ""balanced"", ""scheduler"": ""plateau"", ""grad_clip"": 1.0, ""criterio"": ""val_loss"", ""loss"": ""ce"", ""label_smooth"": 0.0, ""focal_gamma"": 2.0, ""refit_trainval"": false}","[42, 1, 7]",6622,1344,1316,0.3661,0.2746,0.0457,0.3517,0.2842,0.047,0.3397,0.4329,0.2826,0.3431,0.4856,1.0851,-0.548,28.0,36.5,35.5,"[2, 1, 3]",18.5,True,replicacion de v4
2026-08-14 21:05:46,V0-replicacion,v1,CNN,A,final,global,GLOBAL,20.0,"{""lookback"": 20, ""escalador"": ""minmax"", ""clip"": 0.0, ""alineado"": false, ""arch"": ""cnn"", ""hidden"": 128, ""layers"": 2, ""dropout"": 0.3, ""bidir"": true, ""pooling"": ""last"", ""filtros"": [64, 128, 192], ""kernel"": 3, ""dilatacion"": 1, ""batchnorm"": true, ""fc_dim"": 128, ""pool_cnn"": ""gap_gmp"", ""epochs"": 80, ""patience"": 15, ""batch"": 128, ""lr"": 0.001, ""weight_decay"": 0.0001, ""class_weight"": ""balanced"", ""scheduler"": ""plateau"", ""grad_clip"": 1.0, ""criterio"": ""val_loss"", ""loss"": ""ce"", ""label_smooth"": 0.0, ""focal_gamma"": 2.0, ""refit_trainval"": false}","[42, 1, 7]",17472,1624,1596,0.2832,0.2918,0.0104,0.3236,0.3228,0.0084,0.4,0.5542,0.0165,0.1608,0.5162,1.0438,-0.4718,47.2,51.6,1.3,"[1, 1, 4]",36.2,True,replicacion de v4
2026-08-14 21:06:33,V0-replicacion,v1,CNN,A,final,global,GLOBAL,60.0,"{""lookback"": 60, ""escalador"": ""minmax"", ""clip"": 0.0, ""alineado"": false, ""arch"": ""cnn"", ""hidden"": 128, ""layers"": 2, ""dropout"": 0.3, ""bidir"": true, ""pooling"": ""last"", ""filtros"": [64, 128, 192], ""kernel"": 3, ""dilatacion"": 1, ""batchnorm"": true, ""fc_dim"": 128, ""pool_cnn"": ""gap_gmp"", ""epochs"": 80, ""patience"": 15, ""batch"": 128, ""lr"": 0.001, ""weight_decay"": 0.0001, ""class_weight"": ""balanced"", ""scheduler"": ""plateau"", ""grad_clip"": 1.0, ""criterio"": ""val_loss"", ""loss"": ""ce"", ""label_smooth"": 0.0, ""focal_gamma"": 2.0, ""refit_trainval"": false}","[42, 1, 7]",17192,1344,1316,0.3425,0.3211,0.0254,0.3606,0.3383,0.0209,0.3293,0.5318,0.2206,0.0246,0.4673,1.0068,-0.3652,23.3,51.2,25.5,"[7, 4, 7]",46.5,True,replicacion de v4
2026-08-14 21:06:54,V0-replicacion,v1,CNN,B,final,global,GLOBAL,20.0,"{""lookback"": 20, ""escalador"": ""minmax"", ""clip"": 0.0, ""alineado"": false, ""arch"": ""cnn"", ""hidden"": 128, ""layers"": 2, ""dropout"": 0.3, ""bidir"": true, ""pooling"": ""last"", ""filtros"": [64, 128, 192], ""kernel"": 3, ""dilatacion"": 1, ""batchnorm"": true, ""fc_dim"": 128, ""pool_cnn"": ""gap_gmp"", ""epochs"": 80, ""patience"": 15, ""batch"": 128, ""lr"": 0.001, ""weight_decay"": 0.0001, ""class_weight"": ""balanced"", ""scheduler"": ""plateau"", ""grad_clip"": 1.0, ""criterio"": ""val_loss"", ""loss"": ""ce"", ""label_smooth"": 0.0, ""focal_gamma"": 2.0, ""refit_trainval"": false}","[42, 1, 7]",10423,1624,1596,0.3235,0.3198,0.0055,0.3434,0.3446,0.0126,0.4023,0.5153,0.1127,0.1213,0.5102,1.0309,-0.4343,48.9,44.6,6.5,"[1, 1, 1]",21.6,True,replicacion de v4
2026-08-14 21:07:19,V0-replicacion,v1,CNN,B,final,global,GLOBAL,60.0,"{""lookback"": 60, ""escalador"": ""minmax"", ""clip"": 0.0, ""alineado"": false, ""arch"": ""cnn"", ""hidden"": 128, ""layers"": 2, ""dropout"": 0.3, ""bidir"": true, ""pooling"": ""last"", ""filtros"": [64, 128, 192], ""kernel"": 3, ""dilatacion"": 1, ""batchnorm"": true, ""fc_dim"": 128, ""pool_cnn"": ""gap_gmp"", ""epochs"": 80, ""patience"": 15, ""batch"": 128, ""lr"": 0.001, ""weight_decay"": 0.0001, ""class_weight"": ""balanced"", ""scheduler"": ""plateau"", ""grad_clip"": 1.0, ""criterio"": ""val_loss"", ""loss"": ""ce"", ""label_smooth"": 0.0, ""focal_gamma"": 2.0, ""refit_trainval"": false}","[42, 1, 7]",10143,1344,1316,0.355,0.2664,0.0768,0.3344,0.3086,0.0724,0.3805,0.4077,0.2152,0.4729,0.5416,1.1207,-0.4408,50.5,33.4,16.2,"[3, 2, 5]",24.5,True,replicacion de v4
2026-08-14 21:07:34,V0-replicacion,v1,CNN,C,final,global,GLOBAL,20.0,"{""lookback"": 20, ""escalador"": ""minmax"", ""clip"": 0.0, ""alineado"": false, ""arch"": ""cnn"", ""hidden"": 128, ""layers"": 2, ""dropout"": 0.3, ""bidir"": true, ""pooling"": ""last"", ""filtros"": [64, 128, 192], ""kernel"": 3, ""dilatacion"": 1, ""batchnorm"": true, ""fc_dim"": 128, ""pool_cnn"": ""gap_gmp"", ""epochs"": 80, ""patience"": 15, ""batch"": 128, ""lr"": 0.001, ""weight_decay"": 0.0001, ""class_weight"": ""balanced"", ""scheduler"": ""plateau"", ""grad_clip"": 1.0, ""criterio"": ""val_loss"", ""loss"": ""ce"", ""label_smooth"": 0.0, ""focal_gamma"": 2.0, ""refit_trainval"": false}","[42, 1, 7]",6902,1624,1596,0.352,0.316,0.0243,0.3727,0.3412,0.0268,0.3229,0.5069,0.2884,-0.3174,0.4944,0.9241,-0.6664,32.1,43.6,24.3,"[3, 1, 2]",15.3,True,replicacion de v4
2026-08-14 21:07:52,V0-replicacion,v1,CNN,C,final,global,GLOBAL,60.0,"{""lookback"": 60, ""escalador"": ""minmax"", ""clip"": 0.0, ""alineado"": false, ""arch"": ""cnn"", ""hidden"": 128, ""layers"": 2, ""dropout"": 0.3, ""bidir"": true, ""pooling"": ""last"", ""filtros"": [64, 128, 192], ""kernel"": 3, ""dilatacion"": 1, ""batchnorm"": true, ""fc_dim"": 128, ""pool_cnn"": ""gap_gmp"", ""epochs"": 80, ""patience"": 15, ""batch"": 128, ""lr"": 0.001, ""weight_decay"": 0.0001, ""class_weight"": ""balanced"", ""scheduler"": ""plateau"", ""grad_clip"": 1.0, ""criterio"": ""val_loss"", ""loss"": ""ce"", ""label_smooth"": 0.0, ""focal_gamma"": 2.0, ""refit_trainval"": false}","[42, 1, 7]",6622,1344,1316,0.321,0.3319,0.0268,0.3153,0.3158,0.0259,0.1787,0.4072,0.36,-0.665,0.4762,0.8521,-0.8017,12.5,34.6,52.9,"[1, 8, 7]",18.2,True,replicacion de v4
2026-08-14 21:08:31,V0-replicacion,v1,CNN-LSTM,A,final,global,GLOBAL,20.0,"{""lookback"": 20, ""escalador"": ""minmax"", ""clip"": 0.0, ""alineado"": false, ""arch"": ""cnn_lstm"", ""hidden"": 128, ""layers"": 2, ""dropout"": 0.3, ""bidir"": false, ""pooling"": ""last"", ""filtros"": [64, 128], ""kernel"": 3, ""dilatacion"": 1, ""batchnorm"": true, ""fc_dim"": 128, ""pool_cnn"": ""gap_gmp"", ""epochs"": 80, ""patience"": 15, ""batch"": 128, ""lr"": 0.001, ""weight_decay"": 0.0001, ""class_weight"": ""balanced"", ""scheduler"": ""plateau"", ""grad_clip"": 1.0, ""criterio"": ""val_loss"", ""loss"": ""ce"", ""label_smooth"": 0.0, ""focal_gamma"": 2.0, ""refit_trainval"": false}","[42, 1, 7]",17472,1624,1596,0.3704,0.3511,0.0121,0.3641,0.3665,0.0091,0.3794,0.4257,0.2871,0.0837,0.4932,1.0191,-0.5342,35.7,31.0,33.3,"[2, 2, 3]",38.5,True,replicacion de v4
2026-08-14 21:09:10,V0-replicacion,v1,CNN-LSTM,A,final,global,GLOBAL,60.0,"{""lookback"": 60, ""escalador"": ""minmax"", ""clip"": 0.0, ""alineado"": false, ""arch"": ""cnn_lstm"", ""hidden"": 128, ""layers"": 2, ""dropout"": 0.3, ""bidir"": false, ""pooling"": ""last"", ""filtros"": [64, 128], ""kernel"": 3, ""dilatacion"": 1, ""batchnorm"": true, ""fc_dim"": 128, ""pool_cnn"": ""gap_gmp"", ""epochs"": 80, ""patience"": 15, ""batch"": 128, ""lr"": 0.001, ""weight_decay"": 0.0001, ""class_weight"": ""balanced"", ""scheduler"": ""plateau"", ""grad_clip"": 1.0, ""criterio"": ""val_loss"", ""loss"": ""ce"", ""label_smooth"": 0.0, ""focal_gamma"": 2.0, ""refit_trainval"": false}","[42, 1, 7]",17192,1344,1316,0.3737,0.334,0.017,0.3764,0.3517,0.0132,0.3601,0.4921,0.277,0.6859,0.5019,1.1865,-0.46,31.2,40.8,28.0,"[3, 2, 3]",39.4,True,replicacion de v4
2026-08-14 21:09:33,V0-replicacion,v1,CNN-LSTM,B,final,global,GLOBAL,20.0,"{""lookback"": 20, ""escalador"": ""minmax"", ""clip"": 0.0, ""alineado"": false, ""arch"": ""cnn_lstm"", ""hidden"": 128, ""layers"": 2, ""dropout"": 0.3, ""bidir"": false, ""pooling"": ""last"", ""filtros"": [64, 128], ""kernel"": 3, ""dilatacion"": 1, ""batchnorm"": true, ""fc_dim"": 128, ""pool_cnn"": ""gap_gmp"", ""epochs"": 80, ""patience"": 15, ""batch"": 128, ""lr"": 0.001, ""weight_decay"": 0.0001, ""class_weight"": ""balanced"", ""scheduler"": ""plateau"", ""grad_clip"": 1.0, ""criterio"": ""val_loss"", ""loss"": ""ce"", ""label_smooth"": 0.0, ""focal_gamma"": 2.0, ""refit_trainval"": false}","[42, 1, 7]",10423,1624,1596,0.3487,0.2985,0.0331,0.3835,0.3335,0.0379,0.3308,0.5462,0.2734,0.1467,0.5047,1.0408,-0.4033,22.3,53.2,24.5,"[2, 1, 1]",23.4,True,replicacion de v4
2026-08-14 21:10:01,V0-replicacion,v1,CNN-LSTM,B,final,global,GLOBAL,60.0,"{""lookback"": 60, ""escalador"": ""minmax"", ""clip"": 0.0, ""alineado"": false, ""arch"": ""cnn_lstm"", ""hidden"": 128, ""layers"": 2, ""dropout"": 0.3, ""bidir"": false, ""pooling"": ""last"", ""filtros"": [64, 128], ""kernel"": 3, ""dilatacion"": 1, ""batchnorm"": true, ""fc_dim"": 128, ""pool_cnn"": ""gap_gmp"", ""epochs"": 80, ""patience"": 15, ""batch"": 128, ""lr"": 0.001, ""weight_decay"": 0.0001, ""class_weight"": ""balanced"", ""scheduler"": ""plateau"", ""grad_clip"": 1.0, ""criterio"": ""val_loss"", ""loss"": ""ce"", ""label_smooth"": 0.0, ""focal_gamma"": 2.0, ""refit_trainval"": false}","[42, 1, 7]",10143,1344,1316,0.352,0.3139,0.0321,0.3761,0.3453,0.0051,0.3106,0.5951,0.2226,0.7256,0.5209,1.2606,-0.4342,17.1,65.4,17.5,"[4, 2, 2]",27.7,True,replicacion de v4
2026-08-14 21:10:19,V0-replicacion,v1,CNN-LSTM,C,final,global,GLOBAL,20.0,"{""lookback"": 20, ""escalador"": ""minmax"", ""clip"": 0.0, ""alineado"": false, ""arch"": ""cnn_lstm"", ""hidden"": 128, ""layers"": 2, ""dropout"": 0.3, ""bidir"": false, ""pooling"": ""last"", ""filtros"": [64, 128], ""kernel"": 3, ""dilatacion"": 1, ""batchnorm"": true, ""fc_dim"": 128, ""pool_cnn"": ""gap_gmp"", ""epochs"": 80, ""patience"": 15, ""batch"": 128, ""lr"": 0.001, ""weight_decay"": 0.0001, ""class_weight"": ""balanced"", ""scheduler"": ""plateau"", ""grad_clip"": 1.0, ""criterio"": ""val_loss"", ""loss"": ""ce"", ""label_smooth"": 0.0, ""focal_gamma"": 2.0, ""refit_trainval"": false}","[42, 1, 7]",6902,1624,1596,0.33,0.2916,0.0089,0.3366,0.3048,0.0249,0.0923,0.496,0.4215,-0.0164,0.4793,0.9959,-0.5058,4.9,42.5,52.6,"[3, 1, 1]",17.9,True,replicacion de v4
2026-08-14 21:10:35,V0-replicacion,v1,CNN-LSTM,C,final,global,GLOBAL,60.0,"{""lookback"": 60, ""escalador"": ""minmax"", ""clip"": 0.0, ""alineado"": false, ""arch"": ""cnn_lstm"", ""hidden"": 128, ""layers"": 2, ""dropout"": 0.3, ""bidir"": false, ""pooling"": ""last"", ""filtros"": [64, 128], ""kernel"": 3, ""dilatacion"": 1, ""batchnorm"": true, ""fc_dim"": 128, ""pool_cnn"": ""gap_gmp"", ""epochs"": 80, ""patience"": 15, ""batch"": 128, ""lr"": 0.001, ""weight_decay"": 0.0001, ""class_weight"": ""balanced"", ""scheduler"": ""plateau"", ""grad_clip"": 1.0, ""criterio"": ""val_loss"", ""loss"": ""ce"", ""label_smooth"": 0.0, ""focal_gamma"": 2.0, ""refit_trainval"": false}","[42, 1, 7]",6622,1344,1316,0.3627,0.3363,0.0277,0.371,0.3449,0.0258,0.3229,0.5247,0.2655,0.624,0.5083,1.1817,-0.4634,25.8,49.6,24.6,"[1, 1, 1]",16.0,True,replicacion de v4
2026-08-14 21:11:50,V1-D1_criterio,v1,LSTM,B,dev,global,GLOBAL,20.0,"{""lookback"": 20, ""escalador"": ""minmax"", ""clip"": 0.0, ""alineado"": false, ""arch"": ""lstm"", ""hidden"": 128, ""layers"": 2, ""dropout"": 0.3, ""bidir"": true, ""pooling"": ""last"", ""filtros"": [64, 128, 192], ""kernel"": 3, ""dilatacion"": 1, ""batchnorm"": true, ""fc_dim"": 128, ""pool_cnn"": ""gap_gmp"", ""epochs"": 80, ""patience"": 15, ""batch"": 128, ""lr"": 0.001, ""weight_decay"": 0.0001, ""class_weight"": ""balanced"", ""scheduler"": ""plateau"", ""grad_clip"": 1.0, ""criterio"": ""val_loss"", ""loss"": ""ce"", ""label_smooth"": 0.0, ""focal_gamma"": 2.0, ""refit_trainval"": false}","[42, 1, 7, 2024, 100]",8673,1610,1624,0.2514,0.2561,0.0226,0.2882,0.2859,0.0305,0.1194,0.5306,0.2147,-0.3938,0.457,0.8658,-0.5309,6.5,77.1,16.4,"[21, 1, 16, 13, 16]",51.4,False,variante=val_loss
2026-08-14 21:12:42,V1-D1_criterio,v1,LSTM,B,dev,global,GLOBAL,20.0,"{""lookback"": 20, ""escalador"": ""minmax"", ""clip"": 0.0, ""alineado"": false, ""arch"": ""lstm"", ""hidden"": 128, ""layers"": 2, ""dropout"": 0.3, ""bidir"": true, ""pooling"": ""last"", ""filtros"": [64, 128, 192], ""kernel"": 3, ""dilatacion"": 1, ""batchnorm"": true, ""fc_dim"": 128, ""pool_cnn"": ""gap_gmp"", ""epochs"": 80, ""patience"": 15, ""batch"": 128, ""lr"": 0.001, ""weight_decay"": 0.0001, ""class_weight"": ""balanced"", ""scheduler"": ""plateau"", ""grad_clip"": 1.0, ""criterio"": ""val_f1"", ""loss"": ""ce"", ""label_smooth"": 0.0, ""focal_gamma"": 2.0, ""refit_trainval"": false}","[42, 1, 7, 2024, 100]",8673,1610,1624,0.3671,0.3521,0.0065,0.3489,0.3444,0.0146,0.2993,0.358,0.3894,-0.1402,0.492,0.9693,-0.6165,23.7,30.4,45.9,"[5, 12, 13, 20, 24]",52.0,False,variante=val_f1
2026-08-14 21:13:42,V1-D1_criterio,v1,LSTM,B,dev,global,GLOBAL,20.0,"{""lookback"": 20, ""escalador"": ""minmax"", ""clip"": 0.0, ""alineado"": false, ""arch"": ""lstm"", ""hidden"": 128, ""layers"": 2, ""dropout"": 0.3, ""bidir"": true, ""pooling"": ""last"", ""filtros"": [64, 128, 192], ""kernel"": 3, ""dilatacion"": 1, ""batchnorm"": true, ""fc_dim"": 128, ""pool_cnn"": ""gap_gmp"", ""epochs"": 80, ""patience"": 15, ""batch"": 128, ""lr"": 0.001, ""weight_decay"": 0.0001, ""class_weight"": ""balanced"", ""scheduler"": ""plateau"", ""grad_clip"": 1.0, ""criterio"": ""val_f1_ma3"", ""loss"": ""ce"", ""label_smooth"": 0.0, ""focal_gamma"": 2.0, ""refit_trainval"": false}","[42, 1, 7, 2024, 100]",8673,1610,1624,0.344,0.3335,0.0181,0.3486,0.3336,0.009,0.2544,0.415,0.3764,-0.5347,0.492,0.8812,-0.711,18.3,38.4,43.3,"[27, 28, 15, 20, 9]",60.5,False,variante=val_f1_ma3
2026-08-14 21:14:21,V1-D1_criterio,v1,CNN,B,dev,global,GLOBAL,20.0,"{""lookback"": 20, ""escalador"": ""minmax"", ""clip"": 0.0, ""alineado"": false, ""arch"": ""cnn"", ""hidden"": 128, ""layers"": 2, ""dropout"": 0.3, ""bidir"": true, ""pooling"": ""last"", ""filtros"": [64, 128, 192], ""kernel"": 3, ""dilatacion"": 1, ""batchnorm"": true, ""fc_dim"": 128, ""pool_cnn"": ""gap_gmp"", ""epochs"": 80, ""patience"": 15, ""batch"": 128, ""lr"": 0.001, ""weight_decay"": 0.0001, ""class_weight"": ""balanced"", ""scheduler"": ""plateau"", ""grad_clip"": 1.0, ""criterio"": ""val_loss"", ""loss"": ""ce"", ""label_smooth"": 0.0, ""focal_gamma"": 2.0, ""refit_trainval"": false}","[42, 1, 7, 2024, 100]",8673,1610,1624,0.2339,0.2462,0.024,0.2949,0.3006,0.0289,0.1643,0.5315,0.1888,-0.1808,0.5014,0.9346,-0.4257,9.1,78.5,12.4,"[4, 9, 4, 4, 9]",38.3,False,variante=val_loss
2026-08-14 21:15:21,V1-D1_criterio,v1,CNN,B,dev,global,GLOBAL,20.0,"{""lookback"": 20, ""escalador"": ""minmax"", ""clip"": 0.0, ""alineado"": false, ""arch"": ""cnn"", ""hidden"": 128, ""layers"": 2, ""dropout"": 0.3, ""bidir"": true, ""pooling"": ""last"", ""filtros"": [64, 128, 192], ""kernel"": 3, ""dilatacion"": 1, ""batchnorm"": true, ""fc_dim"": 128, ""pool_cnn"": ""gap_gmp"", ""epochs"": 80, ""patience"": 15, ""batch"": 128, ""lr"": 0.001, ""weight_decay"": 0.0001, ""class_weight"": ""balanced"", ""scheduler"": ""plateau"", ""grad_clip"": 1.0, ""criterio"": ""val_f1"", ""loss"": ""ce"", ""label_smooth"": 0.0, ""focal_gamma"": 2.0, ""refit_trainval"": false}","[42, 1, 7, 2024, 100]",8673,1610,1624,0.3695,0.3589,0.004,0.3309,0.3279,0.0085,0.2816,0.2875,0.4234,-0.3082,0.5043,0.9369,-0.7133,21.0,20.4,58.6,"[20, 15, 24, 12, 14]",60.1,False,variante=val_f1
2026-08-14 21:16:24,V1-D1_criterio,v1,CNN,B,dev,global,GLOBAL,20.0,"{""lookback"": 20, ""escalador"": ""minmax"", ""clip"": 0.0, ""alineado"": false, ""arch"": ""cnn"", ""hidden"": 128, ""layers"": 2, ""dropout"": 0.3, ""bidir"": true, ""pooling"": ""last"", ""filtros"": [64, 128, 192], ""kernel"": 3, ""dilatacion"": 1, ""batchnorm"": true, ""fc_dim"": 128, ""pool_cnn"": ""gap_gmp"", ""epochs"": 80, ""patience"": 15, ""batch"": 128, ""lr"": 0.001, ""weight_decay"": 0.0001, ""class_weight"": ""balanced"", ""scheduler"": ""plateau"", ""grad_clip"": 1.0, ""criterio"": ""val_f1_ma3"", ""loss"": ""ce"", ""label_smooth"": 0.0, ""focal_gamma"": 2.0, ""refit_trainval"": false}","[42, 1, 7, 2024, 100]",8673,1610,1624,0.3425,0.334,0.0068,0.3254,0.3226,0.0179,0.2249,0.3235,0.4277,-0.503,0.4867,0.8968,-0.7894,15.4,23.7,60.9,"[25, 5, 25, 1, 41]",63.2,False,variante=val_f1_ma3
2026-08-14 21:17:03,V1-D1_criterio,v1,CNN-LSTM,B,dev,global,GLOBAL,20.0,"{""lookback"": 20, ""escalador"": ""minmax"", ""clip"": 0.0, ""alineado"": false, ""arch"": ""cnn_lstm"", ""hidden"": 128, ""layers"": 2, ""dropout"": 0.3, ""bidir"": false, ""pooling"": ""last"", ""filtros"": [64, 128], ""kernel"": 3, ""dilatacion"": 1, ""batchnorm"": true, ""fc_dim"": 128, ""pool_cnn"": ""gap_gmp"", ""epochs"": 80, ""patience"": 15, ""batch"": 128, ""lr"": 0.001, ""weight_decay"": 0.0001, ""class_weight"": ""balanced"", ""scheduler"": ""plateau"", ""grad_clip"": 1.0, ""criterio"": ""val_loss"", ""loss"": ""ce"", ""label_smooth"": 0.0, ""focal_gamma"": 2.0, ""refit_trainval"": false}","[42, 1, 7, 2024, 100]",8673,1610,1624,0.2916,0.2936,0.0164,0.3374,0.335,0.0098,0.2077,0.4975,0.3069,-0.4168,0.4916,0.8849,-0.576,12.7,59.8,27.5,"[9, 3, 4, 6, 3]",39.2,False,variante=val_loss
2026-08-14 21:18:01,V1-D1_criterio,v1,CNN-LSTM,B,dev,global,GLOBAL,20.0,"{""lookback"": 20, ""escalador"": ""minmax"", ""clip"": 0.0, ""alineado"": false, ""arch"": ""cnn_lstm"", ""hidden"": 128, ""layers"": 2, ""dropout"": 0.3, ""bidir"": false, ""pooling"": ""last"", ""filtros"": [64, 128], ""kernel"": 3, ""dilatacion"": 1, ""batchnorm"": true, ""fc_dim"": 128, ""pool_cnn"": ""gap_gmp"", ""epochs"": 80, ""patience"": 15, ""batch"": 128, ""lr"": 0.001, ""weight_decay"": 0.0001, ""class_weight"": ""balanced"", ""scheduler"": ""plateau"", ""grad_clip"": 1.0, ""criterio"": ""val_f1"", ""loss"": ""ce"", ""label_smooth"": 0.0, ""focal_gamma"": 2.0, ""refit_trainval"": false}","[42, 1, 7, 2024, 100]",8673,1610,1624,0.3559,0.3543,0.003,0.3301,0.3348,0.0062,0.243,0.3472,0.4003,-0.8049,0.4827,0.8412,-0.8738,17.5,25.1,57.3,"[13, 9, 27, 10, 19]",58.2,False,variante=val_f1
2026-08-14 21:19:04,V1-D1_criterio,v1,CNN-LSTM,B,dev,global,GLOBAL,20.0,"{""lookback"": 20, ""escalador"": ""minmax"", ""clip"": 0.0, ""alineado"": false, ""arch"": ""cnn_lstm"", ""hidden"": 128, ""layers"": 2, ""dropout"": 0.3, ""bidir"": false, ""pooling"": ""last"", ""filtros"": [64, 128], ""kernel"": 3, ""dilatacion"": 1, ""batchnorm"": true, ""fc_dim"": 128, ""pool_cnn"": ""gap_gmp"", ""epochs"": 80, ""patience"": 15, ""batch"": 128, ""lr"": 0.001, ""weight_decay"": 0.0001, ""class_weight"": ""balanced"", ""scheduler"": ""plateau"", ""grad_clip"": 1.0, ""criterio"": ""val_f1_ma3"", ""loss"": ""ce"", ""label_smooth"": 0.0, ""focal_gamma"": 2.0, ""refit_trainval"": false}","[42, 1, 7, 2024, 100]",8673,1610,1624,0.3563,0.3381,0.0115,0.3199,0.31,0.024,0.2211,0.3136,0.4249,-0.9225,0.4729,0.8222,-0.9296,16.2,20.6,63.2,"[5, 21, 29, 12, 23]",62.7,False,variante=val_f1_ma3
2026-08-14 21:19:56,V1-D2_alineado,v1,LSTM,B,dev,global,GLOBAL,20.0,"{""lookback"": 20, ""escalador"": ""minmax"", ""clip"": 0.0, ""alineado"": false, ""arch"": ""lstm"", ""hidden"": 128, ""layers"": 2, ""dropout"": 0.3, ""bidir"": true, ""pooling"": ""last"", ""filtros"": [64, 128, 192], ""kernel"": 3, ""dilatacion"": 1, ""batchnorm"": true, ""fc_dim"": 128, ""pool_cnn"": ""gap_gmp"", ""epochs"": 80, ""patience"": 15, ""batch"": 128, ""lr"": 0.001, ""weight_decay"": 0.0001, ""class_weight"": ""balanced"", ""scheduler"": ""plateau"", ""grad_clip"": 1.0, ""criterio"": ""val_f1"", ""loss"": ""ce"", ""label_smooth"": 0.0, ""focal_gamma"": 2.0, ""refit_trainval"": false}","[42, 1, 7, 2024, 100]",8673,1610,1624,0.3671,0.3521,0.0065,0.3489,0.3444,0.0146,0.2993,0.358,0.3894,-0.1402,0.492,0.9693,-0.6165,23.7,30.4,45.9,"[5, 12, 13, 20, 24]",51.6,False,variante=no
2026-08-14 21:20:43,V1-D2_alineado,v1,LSTM,B,dev,global,GLOBAL,20.0,"{""lookback"": 20, ""escalador"": ""minmax"", ""clip"": 0.0, ""alineado"": true, ""arch"": ""lstm"", ""hidden"": 128, ""layers"": 2, ""dropout"": 0.3, ""bidir"": true, ""pooling"": ""last"", ""filtros"": [64, 128, 192], ""kernel"": 3, ""dilatacion"": 1, ""batchnorm"": true, ""fc_dim"": 128, ""pool_cnn"": ""gap_gmp"", ""epochs"": 80, ""patience"": 15, ""batch"": 128, ""lr"": 0.001, ""weight_decay"": 0.0001, ""class_weight"": ""balanced"", ""scheduler"": ""plateau"", ""grad_clip"": 1.0, ""criterio"": ""val_f1"", ""loss"": ""ce"", ""label_smooth"": 0.0, ""focal_gamma"": 2.0, ""refit_trainval"": false}","[42, 1, 7, 2024, 100]",8813,1750,1764,0.3531,0.3538,0.0067,0.3475,0.3417,0.0127,0.2923,0.3824,0.3679,-0.5345,0.492,0.8855,-0.7989,23.9,32.8,43.3,"[11, 6, 3, 21, 12]",47.7,False,variante=si
2026-08-14 21:21:23,V1-D2_alineado,v1,CNN,B,dev,global,GLOBAL,20.0,"{""lookback"": 20, ""escalador"": ""minmax"", ""clip"": 0.0, ""alineado"": false, ""arch"": ""cnn"", ""hidden"": 128, ""layers"": 2, ""dropout"": 0.3, ""bidir"": true, ""pooling"": ""last"", ""filtros"": [64, 128, 192], ""kernel"": 3, ""dilatacion"": 1, ""batchnorm"": true, ""fc_dim"": 128, ""pool_cnn"": ""gap_gmp"", ""epochs"": 80, ""patience"": 15, ""batch"": 128, ""lr"": 0.001, ""weight_decay"": 0.0001, ""class_weight"": ""balanced"", ""scheduler"": ""plateau"", ""grad_clip"": 1.0, ""criterio"": ""val_loss"", ""loss"": ""ce"", ""label_smooth"": 0.0, ""focal_gamma"": 2.0, ""refit_trainval"": false}","[42, 1, 7, 2024, 100]",8673,1610,1624,0.2339,0.2462,0.024,0.2949,0.3006,0.0289,0.1643,0.5315,0.1888,-0.1808,0.5014,0.9346,-0.4257,9.1,78.5,12.4,"[4, 9, 4, 4, 9]",40.1,False,variante=no
2026-08-14 21:22:12,V1-D2_alineado,v1,CNN,B,dev,global,GLOBAL,20.0,"{""lookback"": 20, ""escalador"": ""minmax"", ""clip"": 0.0, ""alineado"": true, ""arch"": ""cnn"", ""hidden"": 128, ""layers"": 2, ""dropout"": 0.3, ""bidir"": true, ""pooling"": ""last"", ""filtros"": [64, 128, 192], ""kernel"": 3, ""dilatacion"": 1, ""batchnorm"": true, ""fc_dim"": 128, ""pool_cnn"": ""gap_gmp"", ""epochs"": 80, ""patience"": 15, ""batch"": 128, ""lr"": 0.001, ""weight_decay"": 0.0001, ""class_weight"": ""balanced"", ""scheduler"": ""plateau"", ""grad_clip"": 1.0, ""criterio"": ""val_loss"", ""loss"": ""ce"", ""label_smooth"": 0.0, ""focal_gamma"": 2.0, ""refit_trainval"": false}","[42, 1, 7, 2024, 100]",8813,1750,1764,0.2474,0.254,0.0138,0.3331,0.3139,0.0221,0.2399,0.5155,0.2438,-0.1888,0.521,0.9417,-0.5844,15.9,66.3,17.9,"[2, 4, 13, 17, 19]",48.1,False,variante=si
2026-08-14 21:22:50,V1-D2_alineado,v1,CNN-LSTM,B,dev,global,GLOBAL,20.0,"{""lookback"": 20, ""escalador"": ""minmax"", ""clip"": 0.0, ""alineado"": false, ""arch"": ""cnn_lstm"", ""hidden"": 128, ""layers"": 2, ""dropout"": 0.3, ""bidir"": false, ""pooling"": ""last"", ""filtros"": [64, 128], ""kernel"": 3, ""dilatacion"": 1, ""batchnorm"": true, ""fc_dim"": 128, ""pool_cnn"": ""gap_gmp"", ""epochs"": 80, ""patience"": 15, ""batch"": 128, ""lr"": 0.001, ""weight_decay"": 0.0001, ""class_weight"": ""balanced"", ""scheduler"": ""plateau"", ""grad_clip"": 1.0, ""criterio"": ""val_loss"", ""loss"": ""ce"", ""label_smooth"": 0.0, ""focal_gamma"": 2.0, ""refit_trainval"": false}","[42, 1, 7, 2024, 100]",8673,1610,1624,0.2916,0.2936,0.0164,0.3374,0.335,0.0098,0.2077,0.4975,0.3069,-0.4168,0.4916,0.8849,-0.576,12.7,59.8,27.5,"[9, 3, 4, 6, 3]",38.1,False,variante=no
2026-08-14 21:23:28,V1-D2_alineado,v1,CNN-LSTM,B,dev,global,GLOBAL,20.0,"{""lookback"": 20, ""escalador"": ""minmax"", ""clip"": 0.0, ""alineado"": true, ""arch"": ""cnn_lstm"", ""hidden"": 128, ""layers"": 2, ""dropout"": 0.3, ""bidir"": false, ""pooling"": ""last"", ""filtros"": [64, 128], ""kernel"": 3, ""dilatacion"": 1, ""batchnorm"": true, ""fc_dim"": 128, ""pool_cnn"": ""gap_gmp"", ""epochs"": 80, ""patience"": 15, ""batch"": 128, ""lr"": 0.001, ""weight_decay"": 0.0001, ""class_weight"": ""balanced"", ""scheduler"": ""plateau"", ""grad_clip"": 1.0, ""criterio"": ""val_loss"", ""loss"": ""ce"", ""label_smooth"": 0.0, ""focal_gamma"": 2.0, ""refit_trainval"": false}","[42, 1, 7, 2024, 100]",8813,1750,1764,0.2488,0.2688,0.0333,0.3062,0.3085,0.0194,0.112,0.5216,0.2851,-0.7924,0.4596,0.7676,-0.7907,6.0,69.2,24.8,"[6, 3, 8, 3, 3]",38.1,False,variante=si
2026-08-14 21:24:14,V1-D3_escalador,v1,LSTM,B,dev,global,GLOBAL,20.0,"{""lookback"": 20, ""escalador"": ""minmax"", ""clip"": 0.0, ""alineado"": true, ""arch"": ""lstm"", ""hidden"": 128, ""layers"": 2, ""dropout"": 0.3, ""bidir"": true, ""pooling"": ""last"", ""filtros"": [64, 128, 192], ""kernel"": 3, ""dilatacion"": 1, ""batchnorm"": true, ""fc_dim"": 128, ""pool_cnn"": ""gap_gmp"", ""epochs"": 80, ""patience"": 15, ""batch"": 128, ""lr"": 0.001, ""weight_decay"": 0.0001, ""class_weight"": ""balanced"", ""scheduler"": ""plateau"", ""grad_clip"": 1.0, ""criterio"": ""val_f1"", ""loss"": ""ce"", ""label_smooth"": 0.0, ""focal_gamma"": 2.0, ""refit_trainval"": false}","[42, 1, 7, 2024, 100]",8813,1750,1764,0.3531,0.3538,0.0067,0.3475,0.3417,0.0127,0.2923,0.3824,0.3679,-0.5345,0.492,0.8855,-0.7989,23.9,32.8,43.3,"[11, 6, 3, 21, 12]",46.0,False,variante=minmax
2026-08-14 21:24:51,V1-D3_escalador,v1,LSTM,B,dev,global,GLOBAL,20.0,"{""lookback"": 20, ""escalador"": ""standard"", ""clip"": 0.0, ""alineado"": true, ""arch"": ""lstm"", ""hidden"": 128, ""layers"": 2, ""dropout"": 0.3, ""bidir"": true, ""pooling"": ""last"", ""filtros"": [64, 128, 192], ""kernel"": 3, ""dilatacion"": 1, ""batchnorm"": true, ""fc_dim"": 128, ""pool_cnn"": ""gap_gmp"", ""epochs"": 80, ""patience"": 15, ""batch"": 128, ""lr"": 0.001, ""weight_decay"": 0.0001, ""class_weight"": ""balanced"", ""scheduler"": ""plateau"", ""grad_clip"": 1.0, ""criterio"": ""val_f1"", ""loss"": ""ce"", ""label_smooth"": 0.0, ""focal_gamma"": 2.0, ""refit_trainval"": false}","[42, 1, 7, 2024, 100]",8813,1750,1764,0.3569,0.3539,0.0085,0.3398,0.3372,0.0237,0.2673,0.348,0.4042,-0.1406,0.4923,0.97,-0.754,17.9,26.3,55.8,"[4, 11, 2, 8, 2]",36.9,False,variante=standard
2026-08-14 21:25:33,V1-D3_escalador,v1,LSTM,B,dev,global,GLOBAL,20.0,"{""lookback"": 20, ""escalador"": ""robust"", ""clip"": 5.0, ""alineado"": true, ""arch"": ""lstm"", ""hidden"": 128, ""layers"": 2, ""dropout"": 0.3, ""bidir"": true, ""pooling"": ""last"", ""filtros"": [64, 128, 192], ""kernel"": 3, ""dilatacion"": 1, ""batchnorm"": true, ""fc_dim"": 128, ""pool_cnn"": ""gap_gmp"", ""epochs"": 80, ""patience"": 15, ""batch"": 128, ""lr"": 0.001, ""weight_decay"": 0.0001, ""class_weight"": ""balanced"", ""scheduler"": ""plateau"", ""grad_clip"": 1.0, ""criterio"": ""val_f1"", ""loss"": ""ce"", ""label_smooth"": 0.0, ""focal_gamma"": 2.0, ""refit_trainval"": false}","[42, 1, 7, 2024, 100]",8813,1750,1764,0.356,0.3461,0.0079,0.3046,0.3093,0.0229,0.2411,0.248,0.4247,-0.5828,0.4721,0.8867,-0.8086,17.1,15.8,67.1,"[4, 11, 9, 10, 8]",42.7,False,variante=robust_clip5
2026-08-14 21:26:22,V1-D3_escalador,v1,CNN,B,dev,global,GLOBAL,20.0,"{""lookback"": 20, ""escalador"": ""minmax"", ""clip"": 0.0, ""alineado"": true, ""arch"": ""cnn"", ""hidden"": 128, ""layers"": 2, ""dropout"": 0.3, ""bidir"": true, ""pooling"": ""last"", ""filtros"": [64, 128, 192], ""kernel"": 3, ""dilatacion"": 1, ""batchnorm"": true, ""fc_dim"": 128, ""pool_cnn"": ""gap_gmp"", ""epochs"": 80, ""patience"": 15, ""batch"": 128, ""lr"": 0.001, ""weight_decay"": 0.0001, ""class_weight"": ""balanced"", ""scheduler"": ""plateau"", ""grad_clip"": 1.0, ""criterio"": ""val_loss"", ""loss"": ""ce"", ""label_smooth"": 0.0, ""focal_gamma"": 2.0, ""refit_trainval"": false}","[42, 1, 7, 2024, 100]",8813,1750,1764,0.2474,0.254,0.0138,0.3331,0.3139,0.0221,0.2399,0.5155,0.2438,-0.1888,0.521,0.9417,-0.5844,15.9,66.3,17.9,"[2, 4, 13, 17, 19]",48.8,False,variante=minmax
2026-08-14 21:27:01,V1-D3_escalador,v1,CNN,B,dev,global,GLOBAL,20.0,"{""lookback"": 20, ""escalador"": ""standard"", ""clip"": 0.0, ""alineado"": true, ""arch"": ""cnn"", ""hidden"": 128, ""layers"": 2, ""dropout"": 0.3, ""bidir"": true, ""pooling"": ""last"", ""filtros"": [64, 128, 192], ""kernel"": 3, ""dilatacion"": 1, ""batchnorm"": true, ""fc_dim"": 128, ""pool_cnn"": ""gap_gmp"", ""epochs"": 80, ""patience"": 15, ""batch"": 128, ""lr"": 0.001, ""weight_decay"": 0.0001, ""class_weight"": ""balanced"", ""scheduler"": ""plateau"", ""grad_clip"": 1.0, ""criterio"": ""val_loss"", ""loss"": ""ce"", ""label_smooth"": 0.0, ""focal_gamma"": 2.0, ""refit_trainval"": false}","[42, 1, 7, 2024, 100]",8813,1750,1764,0.2377,0.2608,0.017,0.3512,0.3263,0.0287,0.2134,0.4758,0.3644,-0.2473,0.5207,0.9345,-0.6533,13.7,52.0,34.4,"[2, 4, 2, 8, 10]",38.7,False,variante=standard
2026-08-14 21:27:40,V1-D3_escalador,v1,CNN,B,dev,global,GLOBAL,20.0,"{""lookback"": 20, ""escalador"": ""robust"", ""clip"": 5.0, ""alineado"": true, ""arch"": ""cnn"", ""hidden"": 128, ""layers"": 2, ""dropout"": 0.3, ""bidir"": true, ""pooling"": ""last"", ""filtros"": [64, 128, 192], ""kernel"": 3, ""dilatacion"": 1, ""batchnorm"": true, ""fc_dim"": 128, ""pool_cnn"": ""gap_gmp"", ""epochs"": 80, ""patience"": 15, ""batch"": 128, ""lr"": 0.001, ""weight_decay"": 0.0001, ""class_weight"": ""balanced"", ""scheduler"": ""plateau"", ""grad_clip"": 1.0, ""criterio"": ""val_loss"", ""loss"": ""ce"", ""label_smooth"": 0.0, ""focal_gamma"": 2.0, ""refit_trainval"": false}","[42, 1, 7, 2024, 100]",8813,1750,1764,0.2391,0.2547,0.0091,0.3245,0.3198,0.0246,0.1209,0.4484,0.4042,-0.6236,0.481,0.8551,-0.8038,6.1,43.4,50.5,"[6, 10, 2, 4, 6]",38.7,False,variante=robust_clip5
2026-08-14 21:28:19,V1-D3_escalador,v1,CNN-LSTM,B,dev,global,GLOBAL,20.0,"{""lookback"": 20, ""escalador"": ""minmax"", ""clip"": 0.0, ""alineado"": false, ""arch"": ""cnn_lstm"", ""hidden"": 128, ""layers"": 2, ""dropout"": 0.3, ""bidir"": false, ""pooling"": ""last"", ""filtros"": [64, 128], ""kernel"": 3, ""dilatacion"": 1, ""batchnorm"": true, ""fc_dim"": 128, ""pool_cnn"": ""gap_gmp"", ""epochs"": 80, ""patience"": 15, ""batch"": 128, ""lr"": 0.001, ""weight_decay"": 0.0001, ""class_weight"": ""balanced"", ""scheduler"": ""plateau"", ""grad_clip"": 1.0, ""criterio"": ""val_loss"", ""loss"": ""ce"", ""label_smooth"": 0.0, ""focal_gamma"": 2.0, ""refit_trainval"": false}","[42, 1, 7, 2024, 100]",8673,1610,1624,0.2916,0.2936,0.0164,0.3374,0.335,0.0098,0.2077,0.4975,0.3069,-0.4168,0.4916,0.8849,-0.576,12.7,59.8,27.5,"[9, 3, 4, 6, 3]",39.0,False,variante=minmax
2026-08-14 21:28:53,V1-D3_escalador,v1,CNN-LSTM,B,dev,global,GLOBAL,20.0,"{""lookback"": 20, ""escalador"": ""standard"", ""clip"": 0.0, ""alineado"": false, ""arch"": ""cnn_lstm"", ""hidden"": 128, ""layers"": 2, ""dropout"": 0.3, ""bidir"": false, ""pooling"": ""last"", ""filtros"": [64, 128], ""kernel"": 3, ""dilatacion"": 1, ""batchnorm"": true, ""fc_dim"": 128, ""pool_cnn"": ""gap_gmp"", ""epochs"": 80, ""patience"": 15, ""batch"": 128, ""lr"": 0.001, ""weight_decay"": 0.0001, ""class_weight"": ""balanced"", ""scheduler"": ""plateau"", ""grad_clip"": 1.0, ""criterio"": ""val_loss"", ""loss"": ""ce"", ""label_smooth"": 0.0, ""focal_gamma"": 2.0, ""refit_trainval"": false}","[42, 1, 7, 2024, 100]",8673,1610,1624,0.2697,0.2834,0.0343,0.3275,0.3153,0.0393,0.179,0.4878,0.3157,-0.2384,0.4817,0.933,-0.6074,9.3,59.7,31.0,"[2, 1, 4, 5, 4]",34.9,False,variante=standard
2026-08-14 21:29:28,V1-D3_escalador,v1,CNN-LSTM,B,dev,global,GLOBAL,20.0,"{""lookback"": 20, ""escalador"": ""robust"", ""clip"": 5.0, ""alineado"": false, ""arch"": ""cnn_lstm"", ""hidden"": 128, ""layers"": 2, ""dropout"": 0.3, ""bidir"": false, ""pooling"": ""last"", ""filtros"": [64, 128], ""kernel"": 3, ""dilatacion"": 1, ""batchnorm"": true, ""fc_dim"": 128, ""pool_cnn"": ""gap_gmp"", ""epochs"": 80, ""patience"": 15, ""batch"": 128, ""lr"": 0.001, ""weight_decay"": 0.0001, ""class_weight"": ""balanced"", ""scheduler"": ""plateau"", ""grad_clip"": 1.0, ""criterio"": ""val_loss"", ""loss"": ""ce"", ""label_smooth"": 0.0, ""focal_gamma"": 2.0, ""refit_trainval"": false}","[42, 1, 7, 2024, 100]",8673,1610,1624,0.2543,0.2681,0.0186,0.3321,0.3059,0.0367,0.165,0.493,0.3383,-0.4551,0.4803,0.8792,-0.6503,7.5,57.7,34.9,"[3, 1, 4, 2, 4]",34.1,False,variante=robust_clip5
2026-08-14 21:30:14,V1-D4_pesos,v1,LSTM,B,dev,global,GLOBAL,20.0,"{""lookback"": 20, ""escalador"": ""minmax"", ""clip"": 0.0, ""alineado"": true, ""arch"": ""lstm"", ""hidden"": 128, ""layers"": 2, ""dropout"": 0.3, ""bidir"": true, ""pooling"": ""last"", ""filtros"": [64, 128, 192], ""kernel"": 3, ""dilatacion"": 1, ""batchnorm"": true, ""fc_dim"": 128, ""pool_cnn"": ""gap_gmp"", ""epochs"": 80, ""patience"": 15, ""batch"": 128, ""lr"": 0.001, ""weight_decay"": 0.0001, ""class_weight"": ""balanced"", ""scheduler"": ""plateau"", ""grad_clip"": 1.0, ""criterio"": ""val_f1"", ""loss"": ""ce"", ""label_smooth"": 0.0, ""focal_gamma"": 2.0, ""refit_trainval"": false}","[42, 1, 7, 2024, 100]",8813,1750,1764,0.3531,0.3538,0.0067,0.3475,0.3417,0.0127,0.2923,0.3824,0.3679,-0.5345,0.492,0.8855,-0.7989,23.9,32.8,43.3,"[11, 6, 3, 21, 12]",46.1,False,variante=balanced
2026-08-14 21:31:03,V1-D4_pesos,v1,LSTM,B,dev,global,GLOBAL,20.0,"{""lookback"": 20, ""escalador"": ""minmax"", ""clip"": 0.0, ""alineado"": true, ""arch"": ""lstm"", ""hidden"": 128, ""layers"": 2, ""dropout"": 0.3, ""bidir"": true, ""pooling"": ""last"", ""filtros"": [64, 128, 192], ""kernel"": 3, ""dilatacion"": 1, ""batchnorm"": true, ""fc_dim"": 128, ""pool_cnn"": ""gap_gmp"", ""epochs"": 80, ""patience"": 15, ""batch"": 128, ""lr"": 0.001, ""weight_decay"": 0.0001, ""class_weight"": ""none"", ""scheduler"": ""plateau"", ""grad_clip"": 1.0, ""criterio"": ""val_f1"", ""loss"": ""ce"", ""label_smooth"": 0.0, ""focal_gamma"": 2.0, ""refit_trainval"": false}","[42, 1, 7, 2024, 100]",8813,1750,1764,0.3392,0.3261,0.0106,0.353,0.345,0.0098,0.2654,0.476,0.3176,-0.2511,0.5,0.9364,-0.6521,17.4,51.2,31.3,"[11, 6, 19, 9, 18]",49.1,False,variante=none
2026-08-14 21:31:44,V1-D4_pesos,v1,LSTM,B,dev,global,GLOBAL,20.0,"{""lookback"": 20, ""escalador"": ""minmax"", ""clip"": 0.0, ""alineado"": true, ""arch"": ""lstm"", ""hidden"": 128, ""layers"": 2, ""dropout"": 0.3, ""bidir"": true, ""pooling"": ""last"", ""filtros"": [64, 128, 192], ""kernel"": 3, ""dilatacion"": 1, ""batchnorm"": true, ""fc_dim"": 128, ""pool_cnn"": ""gap_gmp"", ""epochs"": 80, ""patience"": 15, ""batch"": 128, ""lr"": 0.001, ""weight_decay"": 0.0001, ""class_weight"": ""sqrt"", ""scheduler"": ""plateau"", ""grad_clip"": 1.0, ""criterio"": ""val_f1"", ""loss"": ""ce"", ""label_smooth"": 0.0, ""focal_gamma"": 2.0, ""refit_trainval"": false}","[42, 1, 7, 2024, 100]",8813,1750,1764,0.3546,0.3443,0.0121,0.358,0.3471,0.0098,0.2783,0.4756,0.3201,-0.3473,0.4994,0.9152,-0.7134,20.1,48.7,31.2,"[11, 6, 3, 9, 12]",41.6,False,variante=sqrt
2026-08-14 21:32:33,V1-D4_pesos,v1,CNN,B,dev,global,GLOBAL,20.0,"{""lookback"": 20, ""escalador"": ""minmax"", ""clip"": 0.0, ""alineado"": true, ""arch"": ""cnn"", ""hidden"": 128, ""layers"": 2, ""dropout"": 0.3, ""bidir"": true, ""pooling"": ""last"", ""filtros"": [64, 128, 192], ""kernel"": 3, ""dilatacion"": 1, ""batchnorm"": true, ""fc_dim"": 128, ""pool_cnn"": ""gap_gmp"", ""epochs"": 80, ""patience"": 15, ""batch"": 128, ""lr"": 0.001, ""weight_decay"": 0.0001, ""class_weight"": ""balanced"", ""scheduler"": ""plateau"", ""grad_clip"": 1.0, ""criterio"": ""val_loss"", ""loss"": ""ce"", ""label_smooth"": 0.0, ""focal_gamma"": 2.0, ""refit_trainval"": false}","[42, 1, 7, 2024, 100]",8813,1750,1764,0.2474,0.254,0.0138,0.3331,0.3139,0.0221,0.2399,0.5155,0.2438,-0.1888,0.521,0.9417,-0.5844,15.9,66.3,17.9,"[2, 4, 13, 17, 19]",48.7,False,variante=balanced
2026-08-14 21:33:19,V1-D4_pesos,v1,CNN,B,dev,global,GLOBAL,20.0,"{""lookback"": 20, ""escalador"": ""minmax"", ""clip"": 0.0, ""alineado"": true, ""arch"": ""cnn"", ""hidden"": 128, ""layers"": 2, ""dropout"": 0.3, ""bidir"": true, ""pooling"": ""last"", ""filtros"": [64, 128, 192], ""kernel"": 3, ""dilatacion"": 1, ""batchnorm"": true, ""fc_dim"": 128, ""pool_cnn"": ""gap_gmp"", ""epochs"": 80, ""patience"": 15, ""batch"": 128, ""lr"": 0.001, ""weight_decay"": 0.0001, ""class_weight"": ""none"", ""scheduler"": ""plateau"", ""grad_clip"": 1.0, ""criterio"": ""val_loss"", ""loss"": ""ce"", ""label_smooth"": 0.0, ""focal_gamma"": 2.0, ""refit_trainval"": false}","[42, 1, 7, 2024, 100]",8813,1750,1764,0.2293,0.2423,0.017,0.3118,0.3039,0.0308,0.1587,0.5381,0.2387,-0.3494,0.5057,0.881,-0.6123,7.4,75.1,17.5,"[19, 4, 3, 17, 5]",46.2,False,variante=none
2026-08-14 21:34:03,V1-D4_pesos,v1,CNN,B,dev,global,GLOBAL,20.0,"{""lookback"": 20, ""escalador"": ""minmax"", ""clip"": 0.0, ""alineado"": true, ""arch"": ""cnn"", ""hidden"": 128, ""layers"": 2, ""dropout"": 0.3, ""bidir"": true, ""pooling"": ""last"", ""filtros"": [64, 128, 192], ""kernel"": 3, ""dilatacion"": 1, ""batchnorm"": true, ""fc_dim"": 128, ""pool_cnn"": ""gap_gmp"", ""epochs"": 80, ""patience"": 15, ""batch"": 128, ""lr"": 0.001, ""weight_decay"": 0.0001, ""class_weight"": ""sqrt"", ""scheduler"": ""plateau"", ""grad_clip"": 1.0, ""criterio"": ""val_loss"", ""loss"": ""ce"", ""label_smooth"": 0.0, ""focal_gamma"": 2.0, ""refit_trainval"": false}","[42, 1, 7, 2024, 100]",8813,1750,1764,0.219,0.2401,0.0159,0.3042,0.2932,0.0362,0.1499,0.5381,0.2246,-0.4185,0.4977,0.8576,-0.5823,7.4,75.7,16.9,"[2, 4, 15, 12, 8]",43.4,False,variante=sqrt
2026-08-14 21:34:41,V1-D4_pesos,v1,CNN-LSTM,B,dev,global,GLOBAL,20.0,"{""lookback"": 20, ""escalador"": ""minmax"", ""clip"": 0.0, ""alineado"": false, ""arch"": ""cnn_lstm"", ""hidden"": 128, ""layers"": 2, ""dropout"": 0.3, ""bidir"": false, ""pooling"": ""last"", ""filtros"": [64, 128], ""kernel"": 3, ""dilatacion"": 1, ""batchnorm"": true, ""fc_dim"": 128, ""pool_cnn"": ""gap_gmp"", ""epochs"": 80, ""patience"": 15, ""batch"": 128, ""lr"": 0.001, ""weight_decay"": 0.0001, ""class_weight"": ""balanced"", ""scheduler"": ""plateau"", ""grad_clip"": 1.0, ""criterio"": ""val_loss"", ""loss"": ""ce"", ""label_smooth"": 0.0, ""focal_gamma"": 2.0, ""refit_trainval"": false}","[42, 1, 7, 2024, 100]",8673,1610,1624,0.2916,0.2936,0.0164,0.3374,0.335,0.0098,0.2077,0.4975,0.3069,-0.4168,0.4916,0.8849,-0.576,12.7,59.8,27.5,"[9, 3, 4, 6, 3]",38.4,False,variante=balanced
2026-08-14 21:35:20,V1-D4_pesos,v1,CNN-LSTM,B,dev,global,GLOBAL,20.0,"{""lookback"": 20, ""escalador"": ""minmax"", ""clip"": 0.0, ""alineado"": false, ""arch"": ""cnn_lstm"", ""hidden"": 128, ""layers"": 2, ""dropout"": 0.3, ""bidir"": false, ""pooling"": ""last"", ""filtros"": [64, 128], ""kernel"": 3, ""dilatacion"": 1, ""batchnorm"": true, ""fc_dim"": 128, ""pool_cnn"": ""gap_gmp"", ""epochs"": 80, ""patience"": 15, ""batch"": 128, ""lr"": 0.001, ""weight_decay"": 0.0001, ""class_weight"": ""none"", ""scheduler"": ""plateau"", ""grad_clip"": 1.0, ""criterio"": ""val_loss"", ""loss"": ""ce"", ""label_smooth"": 0.0, ""focal_gamma"": 2.0, ""refit_trainval"": false}","[42, 1, 7, 2024, 100]",8673,1610,1624,0.2438,0.2546,0.014,0.308,0.3118,0.008,0.1426,0.5158,0.2654,-0.3355,0.4782,0.8927,-0.5473,7.4,70.4,22.2,"[9, 3, 4, 6, 3]",38.5,False,variante=none
2026-08-14 21:35:58,V1-D4_pesos,v1,CNN-LSTM,B,dev,global,GLOBAL,20.0,"{""lookback"": 20, ""escalador"": ""minmax"", ""clip"": 0.0, ""alineado"": false, ""arch"": ""cnn_lstm"", ""hidden"": 128, ""layers"": 2, ""dropout"": 0.3, ""bidir"": false, ""pooling"": ""last"", ""filtros"": [64, 128], ""kernel"": 3, ""dilatacion"": 1, ""batchnorm"": true, ""fc_dim"": 128, ""pool_cnn"": ""gap_gmp"", ""epochs"": 80, ""patience"": 15, ""batch"": 128, ""lr"": 0.001, ""weight_decay"": 0.0001, ""class_weight"": ""sqrt"", ""scheduler"": ""plateau"", ""grad_clip"": 1.0, ""criterio"": ""val_loss"", ""loss"": ""ce"", ""label_smooth"": 0.0, ""focal_gamma"": 2.0, ""refit_trainval"": false}","[42, 1, 7, 2024, 100]",8673,1610,1624,0.2531,0.2632,0.0129,0.3063,0.3154,0.0069,0.1521,0.5158,0.2509,-0.4829,0.4636,0.8493,-0.6088,8.3,70.4,21.4,"[9, 3, 4, 6, 3]",38.1,False,variante=sqrt
2026-08-14 21:36:44,V1-D5_pooling,v1,LSTM,B,dev,global,GLOBAL,20.0,"{""lookback"": 20, ""escalador"": ""minmax"", ""clip"": 0.0, ""alineado"": true, ""arch"": ""lstm"", ""hidden"": 128, ""layers"": 2, ""dropout"": 0.3, ""bidir"": true, ""pooling"": ""last"", ""filtros"": [64, 128, 192], ""kernel"": 3, ""dilatacion"": 1, ""batchnorm"": true, ""fc_dim"": 128, ""pool_cnn"": ""gap_gmp"", ""epochs"": 80, ""patience"": 15, ""batch"": 128, ""lr"": 0.001, ""weight_decay"": 0.0001, ""class_weight"": ""balanced"", ""scheduler"": ""plateau"", ""grad_clip"": 1.0, ""criterio"": ""val_f1"", ""loss"": ""ce"", ""label_smooth"": 0.0, ""focal_gamma"": 2.0, ""refit_trainval"": false}","[42, 1, 7, 2024, 100]",8813,1750,1764,0.3531,0.3538,0.0067,0.3475,0.3417,0.0127,0.2923,0.3824,0.3679,-0.5345,0.492,0.8855,-0.7989,23.9,32.8,43.3,"[11, 6, 3, 21, 12]",46.1,False,variante=last
2026-08-14 21:37:35,V1-D5_pooling,v1,LSTM,B,dev,global,GLOBAL,20.0,"{""lookback"": 20, ""escalador"": ""minmax"", ""clip"": 0.0, ""alineado"": true, ""arch"": ""lstm"", ""hidden"": 128, ""layers"": 2, ""dropout"": 0.3, ""bidir"": true, ""pooling"": ""meanmax"", ""filtros"": [64, 128, 192], ""kernel"": 3, ""dilatacion"": 1, ""batchnorm"": true, ""fc_dim"": 128, ""pool_cnn"": ""gap_gmp"", ""epochs"": 80, ""patience"": 15, ""batch"": 128, ""lr"": 0.001, ""weight_decay"": 0.0001, ""class_weight"": ""balanced"", ""scheduler"": ""plateau"", ""grad_clip"": 1.0, ""criterio"": ""val_f1"", ""loss"": ""ce"", ""label_smooth"": 0.0, ""focal_gamma"": 2.0, ""refit_trainval"": false}","[42, 1, 7, 2024, 100]",8813,1750,1764,0.3524,0.3463,0.0213,0.3393,0.3356,0.0138,0.2826,0.3712,0.364,-0.462,0.4907,0.9004,-0.7597,22.1,32.9,45.0,"[17, 13, 2, 15, 16]",50.9,False,variante=meanmax
2026-08-14 21:38:44,V1-D5_pooling,v1,LSTM,B,dev,global,GLOBAL,20.0,"{""lookback"": 20, ""escalador"": ""minmax"", ""clip"": 0.0, ""alineado"": true, ""arch"": ""lstm"", ""hidden"": 128, ""layers"": 2, ""dropout"": 0.3, ""bidir"": true, ""pooling"": ""attn"", ""filtros"": [64, 128, 192], ""kernel"": 3, ""dilatacion"": 1, ""batchnorm"": true, ""fc_dim"": 128, ""pool_cnn"": ""gap_gmp"", ""epochs"": 80, ""patience"": 15, ""batch"": 128, ""lr"": 0.001, ""weight_decay"": 0.0001, ""class_weight"": ""balanced"", ""scheduler"": ""plateau"", ""grad_clip"": 1.0, ""criterio"": ""val_f1"", ""loss"": ""ce"", ""label_smooth"": 0.0, ""focal_gamma"": 2.0, ""refit_trainval"": false}","[42, 1, 7, 2024, 100]",8813,1750,1764,0.3533,0.349,0.0045,0.3442,0.3463,0.0086,0.3078,0.3651,0.3596,-0.592,0.4914,0.8762,-0.8143,25.9,30.7,43.4,"[24, 27, 12, 16, 23]",68.9,False,variante=attn
2026-08-14 21:39:32,V1-D5_pooling,v1,CNN,B,dev,global,GLOBAL,20.0,"{""lookback"": 20, ""escalador"": ""minmax"", ""clip"": 0.0, ""alineado"": true, ""arch"": ""cnn"", ""hidden"": 128, ""layers"": 2, ""dropout"": 0.3, ""bidir"": true, ""pooling"": ""last"", ""filtros"": [64, 128, 192], ""kernel"": 3, ""dilatacion"": 1, ""batchnorm"": true, ""fc_dim"": 128, ""pool_cnn"": ""gap_gmp"", ""epochs"": 80, ""patience"": 15, ""batch"": 128, ""lr"": 0.001, ""weight_decay"": 0.0001, ""class_weight"": ""balanced"", ""scheduler"": ""plateau"", ""grad_clip"": 1.0, ""criterio"": ""val_loss"", ""loss"": ""ce"", ""label_smooth"": 0.0, ""focal_gamma"": 2.0, ""refit_trainval"": false}","[42, 1, 7, 2024, 100]",8813,1750,1764,0.2474,0.254,0.0138,0.3331,0.3139,0.0221,0.2399,0.5155,0.2438,-0.1888,0.521,0.9417,-0.5844,15.9,66.3,17.9,"[2, 4, 13, 17, 19]",48.8,False,variante=gap_gmp
2026-08-14 21:40:07,V1-D5_pooling,v1,CNN,B,dev,global,GLOBAL,20.0,"{""lookback"": 20, ""escalador"": ""minmax"", ""clip"": 0.0, ""alineado"": true, ""arch"": ""cnn"", ""hidden"": 128, ""layers"": 2, ""dropout"": 0.3, ""bidir"": true, ""pooling"": ""last"", ""filtros"": [64, 128, 192], ""kernel"": 3, ""dilatacion"": 1, ""batchnorm"": true, ""fc_dim"": 128, ""pool_cnn"": ""gap"", ""epochs"": 80, ""patience"": 15, ""batch"": 128, ""lr"": 0.001, ""weight_decay"": 0.0001, ""class_weight"": ""balanced"", ""scheduler"": ""plateau"", ""grad_clip"": 1.0, ""criterio"": ""val_loss"", ""loss"": ""ce"", ""label_smooth"": 0.0, ""focal_gamma"": 2.0, ""refit_trainval"": false}","[42, 1, 7, 2024, 100]",8813,1750,1764,0.2397,0.2712,0.03,0.3355,0.3075,0.0289,0.1886,0.5149,0.303,-0.3262,0.5086,0.9065,-0.6826,12.2,63.5,24.2,"[2, 1, 6, 1, 11]",34.5,False,variante=gap
2026-08-14 21:40:40,V1-D5_pooling,v1,CNN,B,dev,global,GLOBAL,20.0,"{""lookback"": 20, ""escalador"": ""minmax"", ""clip"": 0.0, ""alineado"": true, ""arch"": ""cnn"", ""hidden"": 128, ""layers"": 2, ""dropout"": 0.3, ""bidir"": true, ""pooling"": ""last"", ""filtros"": [64, 128, 192], ""kernel"": 3, ""dilatacion"": 1, ""batchnorm"": true, ""fc_dim"": 128, ""pool_cnn"": ""flatten"", ""epochs"": 80, ""patience"": 15, ""batch"": 128, ""lr"": 0.001, ""weight_decay"": 0.0001, ""class_weight"": ""balanced"", ""scheduler"": ""plateau"", ""grad_clip"": 1.0, ""criterio"": ""val_loss"", ""loss"": ""ce"", ""label_smooth"": 0.0, ""focal_gamma"": 2.0, ""refit_trainval"": false}","[42, 1, 7, 2024, 100]",8813,1750,1764,0.2677,0.2895,0.0323,0.3296,0.3306,0.0196,0.2147,0.526,0.2483,-0.1351,0.5043,0.9578,-0.4901,12.9,67.4,19.7,"[2, 3, 6, 5, 2]",32.8,False,variante=flatten
2026-08-14 21:41:19,V1-D5_pooling,v1,CNN-LSTM,B,dev,global,GLOBAL,20.0,"{""lookback"": 20, ""escalador"": ""minmax"", ""clip"": 0.0, ""alineado"": false, ""arch"": ""cnn_lstm"", ""hidden"": 128, ""layers"": 2, ""dropout"": 0.3, ""bidir"": false, ""pooling"": ""last"", ""filtros"": [64, 128], ""kernel"": 3, ""dilatacion"": 1, ""batchnorm"": true, ""fc_dim"": 128, ""pool_cnn"": ""gap_gmp"", ""epochs"": 80, ""patience"": 15, ""batch"": 128, ""lr"": 0.001, ""weight_decay"": 0.0001, ""class_weight"": ""balanced"", ""scheduler"": ""plateau"", ""grad_clip"": 1.0, ""criterio"": ""val_loss"", ""loss"": ""ce"", ""label_smooth"": 0.0, ""focal_gamma"": 2.0, ""refit_trainval"": false}","[42, 1, 7, 2024, 100]",8673,1610,1624,0.2916,0.2936,0.0164,0.3374,0.335,0.0098,0.2077,0.4975,0.3069,-0.4168,0.4916,0.8849,-0.576,12.7,59.8,27.5,"[9, 3, 4, 6, 3]",39.0,False,variante=last
2026-08-14 21:41:58,V1-D5_pooling,v1,CNN-LSTM,B,dev,global,GLOBAL,20.0,"{""lookback"": 20, ""escalador"": ""minmax"", ""clip"": 0.0, ""alineado"": false, ""arch"": ""cnn_lstm"", ""hidden"": 128, ""layers"": 2, ""dropout"": 0.3, ""bidir"": false, ""pooling"": ""meanmax"", ""filtros"": [64, 128], ""kernel"": 3, ""dilatacion"": 1, ""batchnorm"": true, ""fc_dim"": 128, ""pool_cnn"": ""gap_gmp"", ""epochs"": 80, ""patience"": 15, ""batch"": 128, ""lr"": 0.001, ""weight_decay"": 0.0001, ""class_weight"": ""balanced"", ""scheduler"": ""plateau"", ""grad_clip"": 1.0, ""criterio"": ""val_loss"", ""loss"": ""ce"", ""label_smooth"": 0.0, ""focal_gamma"": 2.0, ""refit_trainval"": false}","[42, 1, 7, 2024, 100]",8673,1610,1624,0.2307,0.2464,0.0183,0.3104,0.3055,0.0293,0.1533,0.5156,0.2622,-0.3689,0.4945,0.8825,-0.5469,7.1,71.9,21.0,"[2, 3, 9, 4, 4]",39.5,False,variante=meanmax
2026-08-14 21:42:40,V1-D5_pooling,v1,CNN-LSTM,B,dev,global,GLOBAL,20.0,"{""lookback"": 20, ""escalador"": ""minmax"", ""clip"": 0.0, ""alineado"": false, ""arch"": ""cnn_lstm"", ""hidden"": 128, ""layers"": 2, ""dropout"": 0.3, ""bidir"": false, ""pooling"": ""attn"", ""filtros"": [64, 128], ""kernel"": 3, ""dilatacion"": 1, ""batchnorm"": true, ""fc_dim"": 128, ""pool_cnn"": ""gap_gmp"", ""epochs"": 80, ""patience"": 15, ""batch"": 128, ""lr"": 0.001, ""weight_decay"": 0.0001, ""class_weight"": ""balanced"", ""scheduler"": ""plateau"", ""grad_clip"": 1.0, ""criterio"": ""val_loss"", ""loss"": ""ce"", ""label_smooth"": 0.0, ""focal_gamma"": 2.0, ""refit_trainval"": false}","[42, 1, 7, 2024, 100]",8673,1610,1624,0.2299,0.2581,0.0365,0.3201,0.3051,0.0382,0.2029,0.5098,0.2477,-0.0301,0.5388,0.99,-0.5539,12.5,71.4,16.1,"[1, 10, 2, 5, 3]",41.3,False,variante=attn
2026-08-14 21:43:26,V1-D6_refit,v1,LSTM,B,dev,global,GLOBAL,20.0,"{""lookback"": 20, ""escalador"": ""minmax"", ""clip"": 0.0, ""alineado"": true, ""arch"": ""lstm"", ""hidden"": 128, ""layers"": 2, ""dropout"": 0.3, ""bidir"": true, ""pooling"": ""last"", ""filtros"": [64, 128, 192], ""kernel"": 3, ""dilatacion"": 1, ""batchnorm"": true, ""fc_dim"": 128, ""pool_cnn"": ""gap_gmp"", ""epochs"": 80, ""patience"": 15, ""batch"": 128, ""lr"": 0.001, ""weight_decay"": 0.0001, ""class_weight"": ""balanced"", ""scheduler"": ""plateau"", ""grad_clip"": 1.0, ""criterio"": ""val_f1"", ""loss"": ""ce"", ""label_smooth"": 0.0, ""focal_gamma"": 2.0, ""refit_trainval"": false}","[42, 1, 7, 2024, 100]",8813,1750,1764,0.3531,0.3538,0.0067,0.3475,0.3417,0.0127,0.2923,0.3824,0.3679,-0.5345,0.492,0.8855,-0.7989,23.9,32.8,43.3,"[11, 6, 3, 21, 12]",46.5,False,variante=no
2026-08-14 21:44:34,V1-D6_refit,v1,LSTM,B,dev,global,GLOBAL,20.0,"{""lookback"": 20, ""escalador"": ""minmax"", ""clip"": 0.0, ""alineado"": true, ""arch"": ""lstm"", ""hidden"": 128, ""layers"": 2, ""dropout"": 0.3, ""bidir"": true, ""pooling"": ""last"", ""filtros"": [64, 128, 192], ""kernel"": 3, ""dilatacion"": 1, ""batchnorm"": true, ""fc_dim"": 128, ""pool_cnn"": ""gap_gmp"", ""epochs"": 80, ""patience"": 15, ""batch"": 128, ""lr"": 0.001, ""weight_decay"": 0.0001, ""class_weight"": ""balanced"", ""scheduler"": ""plateau"", ""grad_clip"": 1.0, ""criterio"": ""val_f1"", ""loss"": ""ce"", ""label_smooth"": 0.0, ""focal_gamma"": 2.0, ""refit_trainval"": true}","[42, 1, 7, 2024, 100]",8813,1750,1764,0.3531,0.3538,0.0067,0.287,0.2943,0.0328,0.193,0.5352,0.1328,-0.2402,0.4652,0.9095,-0.4594,11.8,76.4,11.8,"[11, 6, 3, 21, 12]",67.8,False,variante=si
2026-08-14 21:45:24,V1-D6_refit,v1,CNN,B,dev,global,GLOBAL,20.0,"{""lookback"": 20, ""escalador"": ""minmax"", ""clip"": 0.0, ""alineado"": true, ""arch"": ""cnn"", ""hidden"": 128, ""layers"": 2, ""dropout"": 0.3, ""bidir"": true, ""pooling"": ""last"", ""filtros"": [64, 128, 192], ""kernel"": 3, ""dilatacion"": 1, ""batchnorm"": true, ""fc_dim"": 128, ""pool_cnn"": ""gap_gmp"", ""epochs"": 80, ""patience"": 15, ""batch"": 128, ""lr"": 0.001, ""weight_decay"": 0.0001, ""class_weight"": ""balanced"", ""scheduler"": ""plateau"", ""grad_clip"": 1.0, ""criterio"": ""val_loss"", ""loss"": ""ce"", ""label_smooth"": 0.0, ""focal_gamma"": 2.0, ""refit_trainval"": false}","[42, 1, 7, 2024, 100]",8813,1750,1764,0.2474,0.254,0.0138,0.3331,0.3139,0.0221,0.2399,0.5155,0.2438,-0.1888,0.521,0.9417,-0.5844,15.9,66.3,17.9,"[2, 4, 13, 17, 19]",50.1,False,variante=no
2026-08-14 21:46:37,V1-D6_refit,v1,CNN,B,dev,global,GLOBAL,20.0,"{""lookback"": 20, ""escalador"": ""minmax"", ""clip"": 0.0, ""alineado"": true, ""arch"": ""cnn"", ""hidden"": 128, ""layers"": 2, ""dropout"": 0.3, ""bidir"": true, ""pooling"": ""last"", ""filtros"": [64, 128, 192], ""kernel"": 3, ""dilatacion"": 1, ""batchnorm"": true, ""fc_dim"": 128, ""pool_cnn"": ""gap_gmp"", ""epochs"": 80, ""patience"": 15, ""batch"": 128, ""lr"": 0.001, ""weight_decay"": 0.0001, ""class_weight"": ""balanced"", ""scheduler"": ""plateau"", ""grad_clip"": 1.0, ""criterio"": ""val_loss"", ""loss"": ""ce"", ""label_smooth"": 0.0, ""focal_gamma"": 2.0, ""refit_trainval"": true}","[42, 1, 7, 2024, 100]",8813,1750,1764,0.2474,0.254,0.0138,0.333,0.2897,0.0263,0.2783,0.4754,0.2453,-0.0426,0.4954,0.9876,-0.5802,22.1,57.1,20.8,"[2, 4, 13, 17, 19]",73.0,False,variante=si
2026-08-14 21:47:17,V1-D6_refit,v1,CNN-LSTM,B,dev,global,GLOBAL,20.0,"{""lookback"": 20, ""escalador"": ""minmax"", ""clip"": 0.0, ""alineado"": false, ""arch"": ""cnn_lstm"", ""hidden"": 128, ""layers"": 2, ""dropout"": 0.3, ""bidir"": false, ""pooling"": ""last"", ""filtros"": [64, 128], ""kernel"": 3, ""dilatacion"": 1, ""batchnorm"": true, ""fc_dim"": 128, ""pool_cnn"": ""gap_gmp"", ""epochs"": 80, ""patience"": 15, ""batch"": 128, ""lr"": 0.001, ""weight_decay"": 0.0001, ""class_weight"": ""balanced"", ""scheduler"": ""plateau"", ""grad_clip"": 1.0, ""criterio"": ""val_loss"", ""loss"": ""ce"", ""label_smooth"": 0.0, ""focal_gamma"": 2.0, ""refit_trainval"": false}","[42, 1, 7, 2024, 100]",8673,1610,1624,0.2916,0.2936,0.0164,0.3374,0.335,0.0098,0.2077,0.4975,0.3069,-0.4168,0.4916,0.8849,-0.576,12.7,59.8,27.5,"[9, 3, 4, 6, 3]",40.4,False,variante=no
2026-08-14 21:48:08,V1-D6_refit,v1,CNN-LSTM,B,dev,global,GLOBAL,20.0,"{""lookback"": 20, ""escalador"": ""minmax"", ""clip"": 0.0, ""alineado"": false, ""arch"": ""cnn_lstm"", ""hidden"": 128, ""layers"": 2, ""dropout"": 0.3, ""bidir"": false, ""pooling"": ""last"", ""filtros"": [64, 128], ""kernel"": 3, ""dilatacion"": 1, ""batchnorm"": true, ""fc_dim"": 128, ""pool_cnn"": ""gap_gmp"", ""epochs"": 80, ""patience"": 15, ""batch"": 128, ""lr"": 0.001, ""weight_decay"": 0.0001, ""class_weight"": ""balanced"", ""scheduler"": ""plateau"", ""grad_clip"": 1.0, ""criterio"": ""val_loss"", ""loss"": ""ce"", ""label_smooth"": 0.0, ""focal_gamma"": 2.0, ""refit_trainval"": true}","[42, 1, 7, 2024, 100]",8673,1610,1624,0.2916,0.2936,0.0164,0.3464,0.2931,0.0374,0.2287,0.465,0.3455,-0.2601,0.497,0.935,-0.6258,14.1,49.2,36.7,"[9, 3, 4, 6, 3]",50.5,False,variante=si
2026-08-14 22:30:56,V2-finalista,v1,LSTM,B,dev,global,GLOBAL,10.0,"{""lookback"": 10, ""escalador"": ""robust"", ""clip"": 0.0, ""alineado"": true, ""arch"": ""lstm"", ""hidden"": 118, ""layers"": 2, ""dropout"": 0.43076719561956667, ""bidir"": false, ""pooling"": ""attn"", ""filtros"": [64, 128, 192], ""kernel"": 3, ""dilatacion"": 1, ""batchnorm"": true, ""fc_dim"": 128, ""pool_cnn"": ""gap_gmp"", ""epochs"": 100, ""patience"": 20, ""batch"": 64, ""lr"": 0.00015934275835801813, ""weight_decay"": 0.0007777647470212787, ""class_weight"": ""balanced"", ""scheduler"": ""plateau"", ""grad_clip"": 5.0, ""criterio"": ""val_loss"", ""loss"": ""focal"", ""label_smooth"": 0.0, ""focal_gamma"": 1.4326011305186719, ""refit_trainval"": false}","[42, 1, 7, 2024, 100]",8813,1750,1764,0.3076,0.3092,0.019,0.3633,0.3615,0.0053,0.2746,0.4557,0.3596,-0.1271,0.507,0.9689,-0.6274,20.7,43.1,36.2,"[7, 4, 4, 8, 5]",87.0,False,trial=67
2026-08-14 22:32:39,V2-finalista,v1,LSTM,B,dev,global,GLOBAL,10.0,"{""lookback"": 10, ""escalador"": ""robust"", ""clip"": 0.0, ""alineado"": true, ""arch"": ""lstm"", ""hidden"": 116, ""layers"": 3, ""dropout"": 0.3225089630958836, ""bidir"": false, ""pooling"": ""attn"", ""filtros"": [64, 128, 192], ""kernel"": 3, ""dilatacion"": 1, ""batchnorm"": true, ""fc_dim"": 128, ""pool_cnn"": ""gap_gmp"", ""epochs"": 100, ""patience"": 20, ""batch"": 64, ""lr"": 8.816188174001814e-05, ""weight_decay"": 0.0008141054081609036, ""class_weight"": ""balanced"", ""scheduler"": ""plateau"", ""grad_clip"": 0.5, ""criterio"": ""val_loss"", ""loss"": ""focal"", ""label_smooth"": 0.0, ""focal_gamma"": 1.749535882812712, ""refit_trainval"": false}","[42, 1, 7, 2024, 100]",8813,1750,1764,0.3268,0.3255,0.0284,0.358,0.35,0.018,0.3199,0.4022,0.3518,-0.2085,0.5047,0.9531,-0.6802,30.2,33.5,36.3,"[2, 4, 14, 8, 10]",102.5,False,trial=58
2026-08-14 22:33:18,V2-finalista,v1,LSTM,B,dev,global,GLOBAL,40.0,"{""lookback"": 40, ""escalador"": ""robust"", ""clip"": 0.0, ""alineado"": true, ""arch"": ""lstm"", ""hidden"": 19, ""layers"": 3, ""dropout"": 0.05615502678745947, ""bidir"": true, ""pooling"": ""last"", ""filtros"": [64, 128, 192], ""kernel"": 3, ""dilatacion"": 1, ""batchnorm"": true, ""fc_dim"": 128, ""pool_cnn"": ""gap_gmp"", ""epochs"": 100, ""patience"": 20, ""batch"": 256, ""lr"": 0.00012419868498405242, ""weight_decay"": 0.0018918960737621178, ""class_weight"": ""balanced"", ""scheduler"": ""plateau"", ""grad_clip"": 0.5, ""criterio"": ""val_loss"", ""loss"": ""focal"", ""label_smooth"": 0.0, ""focal_gamma"": 1.2572184973692249, ""refit_trainval"": false}","[42, 1, 7, 2024, 100]",8813,1750,1764,0.3324,0.3328,0.0154,0.3454,0.3359,0.0202,0.2977,0.5032,0.2353,-0.1398,0.5193,0.9613,-0.7266,21.0,59.0,20.1,"[9, 10, 1, 15, 2]",38.9,False,trial=53
2026-08-14 22:33:42,V2-finalista,v1,LSTM,B,dev,global,GLOBAL,10.0,"{""lookback"": 10, ""escalador"": ""robust"", ""clip"": 0.0, ""alineado"": true, ""arch"": ""lstm"", ""hidden"": 52, ""layers"": 1, ""dropout"": 0.46528233804576796, ""bidir"": true, ""pooling"": ""meanmax"", ""filtros"": [64, 128, 192], ""kernel"": 3, ""dilatacion"": 1, ""batchnorm"": true, ""fc_dim"": 128, ""pool_cnn"": ""gap_gmp"", ""epochs"": 100, ""patience"": 20, ""batch"": 256, ""lr"": 0.0016478644336222357, ""weight_decay"": 0.008600168150919156, ""class_weight"": ""balanced"", ""scheduler"": ""none"", ""grad_clip"": 0.5, ""criterio"": ""val_loss"", ""loss"": ""focal"", ""label_smooth"": 0.0, ""focal_gamma"": 1.4613200931619594, ""refit_trainval"": false}","[42, 1, 7, 2024, 100]",8813,1750,1764,0.3087,0.3229,0.0093,0.3572,0.3465,0.0194,0.2692,0.4446,0.3578,-0.2535,0.4936,0.9394,-0.6653,16.7,42.3,40.9,"[6, 4, 2, 4, 2]",23.9,False,trial=44
2026-08-14 22:35:15,V2-finalista,v1,LSTM,B,dev,global,GLOBAL,10.0,"{""lookback"": 10, ""escalador"": ""robust"", ""clip"": 0.0, ""alineado"": true, ""arch"": ""lstm"", ""hidden"": 78, ""layers"": 1, ""dropout"": 0.5808952600022732, ""bidir"": false, ""pooling"": ""attn"", ""filtros"": [64, 128, 192], ""kernel"": 3, ""dilatacion"": 1, ""batchnorm"": true, ""fc_dim"": 128, ""pool_cnn"": ""gap_gmp"", ""epochs"": 100, ""patience"": 20, ""batch"": 64, ""lr"": 0.0010954973444029662, ""weight_decay"": 0.0020050108096525423, ""class_weight"": ""balanced"", ""scheduler"": ""plateau"", ""grad_clip"": 5.0, ""criterio"": ""val_loss"", ""loss"": ""focal"", ""label_smooth"": 0.0, ""focal_gamma"": 1.405508377703987, ""refit_trainval"": false}","[42, 1, 7, 2024, 100]",8813,1750,1764,0.3304,0.3261,0.0169,0.3534,0.3516,0.0095,0.2949,0.3905,0.3748,-0.2851,0.49,0.9367,-0.6504,22.2,32.2,45.6,"[9, 10, 16, 6, 10]",93.4,False,trial=74
2026-08-14 23:02:38,V2-finalista,v1,CNN,B,dev,global,GLOBAL,10,"{""lookback"": 10, ""escalador"": ""robust"", ""clip"": 0.0, ""alineado"": true, ""arch"": ""cnn"", ""hidden"": 128, ""layers"": 2, ""dropout"": 0.022526736010091503, ""bidir"": true, ""pooling"": ""last"", ""filtros"": [36, 72, 144], ""kernel"": 7, ""dilatacion"": 1, ""batchnorm"": false, ""fc_dim"": 116, ""pool_cnn"": ""gap"", ""epochs"": 100, ""patience"": 20, ""batch"": 128, ""lr"": 2.4065569402138704e-05, ""weight_decay"": 0.05860568103104996, ""class_weight"": ""balanced"", ""scheduler"": ""plateau"", ""grad_clip"": 5.0, ""criterio"": ""val_f1_ma3"", ""loss"": ""focal"", ""label_smooth"": 0.0, ""focal_gamma"": 2.443448123485113, ""refit_trainval"": false}","[42, 1, 7, 2024, 100]",8813,1750,1764,0.331,0.3345,0.0165,0.3488,0.3533,0.013,0.2919,0.39,0.3646,-0.5395,0.5017,0.8832,-0.7675,24.7,32.9,42.4,"[4, 8, 9, 21, 26]",57.9,False,trial=51
2026-08-14 23:03:30,V2-finalista,v1,CNN,B,dev,global,GLOBAL,10,"{""lookback"": 10, ""escalador"": ""robust"", ""clip"": 0.0, ""alineado"": true, ""arch"": ""cnn"", ""hidden"": 128, ""layers"": 2, ""dropout"": 0.1601964773392689, ""bidir"": true, ""pooling"": ""last"", ""filtros"": [25, 50, 100, 200], ""kernel"": 3, ""dilatacion"": 2, ""batchnorm"": false, ""fc_dim"": 218, ""pool_cnn"": ""gap"", ""epochs"": 100, ""patience"": 20, ""batch"": 128, ""lr"": 3.5484411826024625e-05, ""weight_decay"": 0.01837567946702053, ""class_weight"": ""balanced"", ""scheduler"": ""plateau"", ""grad_clip"": 5.0, ""criterio"": ""val_f1_ma3"", ""loss"": ""focal"", ""label_smooth"": 0.0, ""focal_gamma"": 2.554369762180163, ""refit_trainval"": false}","[42, 1, 7, 2024, 100]",8813,1750,1764,0.3475,0.3356,0.0073,0.36,0.36,0.0092,0.3358,0.4698,0.2742,0.2324,0.536,1.0627,-0.4617,29.6,49.5,20.8,"[8, 8, 7, 10, 9]",51.9,False,trial=63
2026-08-14 23:04:36,V2-finalista,v1,CNN,B,dev,global,GLOBAL,10,"{""lookback"": 10, ""escalador"": ""robust"", ""clip"": 0.0, ""alineado"": true, ""arch"": ""cnn"", ""hidden"": 128, ""layers"": 2, ""dropout"": 0.1576717004659018, ""bidir"": true, ""pooling"": ""last"", ""filtros"": [50, 100], ""kernel"": 7, ""dilatacion"": 1, ""batchnorm"": false, ""fc_dim"": 101, ""pool_cnn"": ""gap"", ""epochs"": 100, ""patience"": 20, ""batch"": 128, ""lr"": 1.2120246019447426e-05, ""weight_decay"": 0.05598223252076369, ""class_weight"": ""balanced"", ""scheduler"": ""plateau"", ""grad_clip"": 0.5, ""criterio"": ""val_f1_ma3"", ""loss"": ""focal"", ""label_smooth"": 0.0, ""focal_gamma"": 2.480189988405459, ""refit_trainval"": false}","[42, 1, 7, 2024, 100]",8813,1750,1764,0.3457,0.3359,0.0177,0.3591,0.344,0.0221,0.293,0.4454,0.3389,-0.5536,0.5038,0.8735,-0.7686,24.9,40.9,34.2,"[19, 13, 40, 5, 29]",66.3,False,trial=50
2026-08-14 23:05:34,V2-finalista,v1,CNN,B,dev,global,GLOBAL,10,"{""lookback"": 10, ""escalador"": ""robust"", ""clip"": 0.0, ""alineado"": true, ""arch"": ""cnn"", ""hidden"": 128, ""layers"": 2, ""dropout"": 0.18010691301747428, ""bidir"": true, ""pooling"": ""last"", ""filtros"": [31, 62, 124, 248], ""kernel"": 3, ""dilatacion"": 2, ""batchnorm"": false, ""fc_dim"": 180, ""pool_cnn"": ""gap_gmp"", ""epochs"": 100, ""patience"": 20, ""batch"": 128, ""lr"": 3.903861552108349e-05, ""weight_decay"": 0.009183363265489741, ""class_weight"": ""balanced"", ""scheduler"": ""plateau"", ""grad_clip"": 5.0, ""criterio"": ""val_f1"", ""loss"": ""focal"", ""label_smooth"": 0.0, ""focal_gamma"": 2.1624019371178074, ""refit_trainval"": false}","[42, 1, 7, 2024, 100]",8813,1750,1764,0.3269,0.3385,0.0109,0.3807,0.3443,0.013,0.3181,0.4633,0.3606,0.2139,0.531,1.0542,-0.4584,26.6,42.5,31.0,"[7, 24, 7, 9, 3]",57.3,False,trial=70
2026-08-14 23:06:34,V2-finalista,v1,CNN,B,dev,global,GLOBAL,10,"{""lookback"": 10, ""escalador"": ""robust"", ""clip"": 0.0, ""alineado"": true, ""arch"": ""cnn"", ""hidden"": 128, ""layers"": 2, ""dropout"": 0.09365770666487525, ""bidir"": true, ""pooling"": ""last"", ""filtros"": [33, 66], ""kernel"": 7, ""dilatacion"": 1, ""batchnorm"": false, ""fc_dim"": 86, ""pool_cnn"": ""flatten"", ""epochs"": 100, ""patience"": 20, ""batch"": 128, ""lr"": 1.646477865108201e-05, ""weight_decay"": 0.03591830439991, ""class_weight"": ""balanced"", ""scheduler"": ""plateau"", ""grad_clip"": 0.5, ""criterio"": ""val_loss"", ""loss"": ""focal"", ""label_smooth"": 0.0, ""focal_gamma"": 2.3963933625678253, ""refit_trainval"": false}","[42, 1, 7, 2024, 100]",8813,1750,1764,0.3176,0.2999,0.0452,0.3501,0.3232,0.0617,0.3004,0.4073,0.3426,-0.2241,0.5082,0.9476,-0.579,24.7,37.9,37.5,"[22, 21, 1, 27, 31]",60.9,False,trial=48
2026-08-14 23:23:13,V4-features,v1,LSTM,B,dev,global,GLOBAL,20,"{""lookback"": 20, ""escalador"": ""minmax"", ""clip"": 0.0, ""alineado"": true, ""arch"": ""lstm"", ""hidden"": 128, ""layers"": 2, ""dropout"": 0.3, ""bidir"": true, ""pooling"": ""last"", ""filtros"": [64, 128, 192], ""kernel"": 3, ""dilatacion"": 1, ""batchnorm"": true, ""fc_dim"": 128, ""pool_cnn"": ""gap_gmp"", ""epochs"": 80, ""patience"": 15, ""batch"": 128, ""lr"": 0.001, ""weight_decay"": 0.0001, ""class_weight"": ""balanced"", ""scheduler"": ""plateau"", ""grad_clip"": 1.0, ""criterio"": ""val_f1"", ""loss"": ""ce"", ""label_smooth"": 0.0, ""focal_gamma"": 2.0, ""refit_trainval"": false}","[42, 1, 7, 2024, 100]",8813,1750,1764,0.3531,0.3538,0.0067,0.3475,0.3417,0.0127,0.2923,0.3824,0.3679,-0.5345,0.492,0.8855,-0.7989,23.9,32.8,43.3,"[11, 6, 3, 21, 12]",59.4,False,dataset=v1
2026-08-14 23:24:05,V4-features,v1,CNN,B,dev,global,GLOBAL,20,"{""lookback"": 20, ""escalador"": ""minmax"", ""clip"": 0.0, ""alineado"": true, ""arch"": ""cnn"", ""hidden"": 128, ""layers"": 2, ""dropout"": 0.3, ""bidir"": true, ""pooling"": ""last"", ""filtros"": [64, 128, 192], ""kernel"": 3, ""dilatacion"": 1, ""batchnorm"": true, ""fc_dim"": 128, ""pool_cnn"": ""gap_gmp"", ""epochs"": 80, ""patience"": 15, ""batch"": 128, ""lr"": 0.001, ""weight_decay"": 0.0001, ""class_weight"": ""balanced"", ""scheduler"": ""plateau"", ""grad_clip"": 1.0, ""criterio"": ""val_loss"", ""loss"": ""ce"", ""label_smooth"": 0.0, ""focal_gamma"": 2.0, ""refit_trainval"": false}","[42, 1, 7, 2024, 100]",8813,1750,1764,0.2474,0.254,0.0138,0.3331,0.3139,0.0221,0.2399,0.5155,0.2438,-0.1888,0.521,0.9417,-0.5844,15.9,66.3,17.9,"[2, 4, 13, 17, 19]",51.9,False,dataset=v1
2026-08-14 23:24:50,V4-features,v1,CNN-LSTM,B,dev,global,GLOBAL,20,"{""lookback"": 20, ""escalador"": ""minmax"", ""clip"": 0.0, ""alineado"": true, ""arch"": ""cnn_lstm"", ""hidden"": 128, ""layers"": 2, ""dropout"": 0.3, ""bidir"": false, ""pooling"": ""last"", ""filtros"": [64, 128], ""kernel"": 3, ""dilatacion"": 1, ""batchnorm"": true, ""fc_dim"": 128, ""pool_cnn"": ""gap_gmp"", ""epochs"": 80, ""patience"": 15, ""batch"": 128, ""lr"": 0.001, ""weight_decay"": 0.0001, ""class_weight"": ""balanced"", ""scheduler"": ""plateau"", ""grad_clip"": 1.0, ""criterio"": ""val_loss"", ""loss"": ""ce"", ""label_smooth"": 0.0, ""focal_gamma"": 2.0, ""refit_trainval"": false}","[42, 1, 7, 2024, 100]",8813,1750,1764,0.2488,0.2688,0.0333,0.3062,0.3085,0.0194,0.112,0.5216,0.2851,-0.7924,0.4596,0.7676,-0.7907,6.0,69.2,24.8,"[6, 3, 8, 3, 3]",44.7,False,dataset=v1
2026-08-14 23:26:08,V4-features,v5,LSTM,B,dev,global,GLOBAL,20,"{""lookback"": 20, ""escalador"": ""minmax"", ""clip"": 0.0, ""alineado"": true, ""arch"": ""lstm"", ""hidden"": 128, ""layers"": 2, ""dropout"": 0.3, ""bidir"": true, ""pooling"": ""last"", ""filtros"": [64, 128, 192], ""kernel"": 3, ""dilatacion"": 1, ""batchnorm"": true, ""fc_dim"": 128, ""pool_cnn"": ""gap_gmp"", ""epochs"": 80, ""patience"": 15, ""batch"": 128, ""lr"": 0.001, ""weight_decay"": 0.0001, ""class_weight"": ""balanced"", ""scheduler"": ""plateau"", ""grad_clip"": 1.0, ""criterio"": ""val_f1"", ""loss"": ""ce"", ""label_smooth"": 0.0, ""focal_gamma"": 2.0, ""refit_trainval"": false}","[42, 1, 7, 2024, 100]",8813,1750,1764,0.3518,0.3357,0.0042,0.3738,0.3575,0.0122,0.3391,0.4074,0.375,-0.1277,0.5203,0.9713,-0.7412,28.4,34.5,37.1,"[9, 11, 1, 20, 18]",73.2,False,dataset=v5
2026-08-14 23:26:46,V4-features,v5,CNN,B,dev,global,GLOBAL,20,"{""lookback"": 20, ""escalador"": ""minmax"", ""clip"": 0.0, ""alineado"": true, ""arch"": ""cnn"", ""hidden"": 128, ""layers"": 2, ""dropout"": 0.3, ""bidir"": true, ""pooling"": ""last"", ""filtros"": [64, 128, 192], ""kernel"": 3, ""dilatacion"": 1, ""batchnorm"": true, ""fc_dim"": 128, ""pool_cnn"": ""gap_gmp"", ""epochs"": 80, ""patience"": 15, ""batch"": 128, ""lr"": 0.001, ""weight_decay"": 0.0001, ""class_weight"": ""balanced"", ""scheduler"": ""plateau"", ""grad_clip"": 1.0, ""criterio"": ""val_loss"", ""loss"": ""ce"", ""label_smooth"": 0.0, ""focal_gamma"": 2.0, ""refit_trainval"": false}","[42, 1, 7, 2024, 100]",8813,1750,1764,0.3132,0.2986,0.0312,0.361,0.3317,0.0399,0.2383,0.5048,0.3401,-0.1755,0.5251,0.953,-0.5499,18.1,56.0,26.0,"[1, 1, 5, 5, 3]",37.8,False,dataset=v5
2026-08-14 23:27:27,V4-features,v5,CNN-LSTM,B,dev,global,GLOBAL,20,"{""lookback"": 20, ""escalador"": ""minmax"", ""clip"": 0.0, ""alineado"": true, ""arch"": ""cnn_lstm"", ""hidden"": 128, ""layers"": 2, ""dropout"": 0.3, ""bidir"": false, ""pooling"": ""last"", ""filtros"": [64, 128], ""kernel"": 3, ""dilatacion"": 1, ""batchnorm"": true, ""fc_dim"": 128, ""pool_cnn"": ""gap_gmp"", ""epochs"": 80, ""patience"": 15, ""batch"": 128, ""lr"": 0.001, ""weight_decay"": 0.0001, ""class_weight"": ""balanced"", ""scheduler"": ""plateau"", ""grad_clip"": 1.0, ""criterio"": ""val_loss"", ""loss"": ""ce"", ""label_smooth"": 0.0, ""focal_gamma"": 2.0, ""refit_trainval"": false}","[42, 1, 7, 2024, 100]",8813,1750,1764,0.3259,0.2959,0.0243,0.3663,0.3379,0.0222,0.2653,0.5045,0.329,-0.4694,0.5246,0.8817,-0.695,19.6,54.0,26.5,"[7, 1, 2, 2, 1]",41.2,False,dataset=v5
2026-08-14 23:29:41,V4-features,v1,LSTM,A,dev,global,GLOBAL,20,"{""lookback"": 20, ""escalador"": ""minmax"", ""clip"": 0.0, ""alineado"": true, ""arch"": ""lstm"", ""hidden"": 128, ""layers"": 2, ""dropout"": 0.3, ""bidir"": true, ""pooling"": ""last"", ""filtros"": [64, 128, 192], ""kernel"": 3, ""dilatacion"": 1, ""batchnorm"": true, ""fc_dim"": 128, ""pool_cnn"": ""gap_gmp"", ""epochs"": 80, ""patience"": 15, ""batch"": 128, ""lr"": 0.001, ""weight_decay"": 0.0001, ""class_weight"": ""balanced"", ""scheduler"": ""plateau"", ""grad_clip"": 1.0, ""criterio"": ""val_f1"", ""loss"": ""ce"", ""label_smooth"": 0.0, ""focal_gamma"": 2.0, ""refit_trainval"": false}","[42, 1, 7, 2024, 100]",15729,1750,1764,0.3454,0.3387,0.0067,0.356,0.3523,0.0112,0.2921,0.4165,0.3592,-0.458,0.4896,0.898,-0.7117,22.7,37.2,40.0,"[4, 3, 22, 4, 22]",97.0,False,dataset=v1 robustez
2026-08-14 23:30:56,V4-features,v1,CNN-LSTM,A,dev,global,GLOBAL,20,"{""lookback"": 20, ""escalador"": ""minmax"", ""clip"": 0.0, ""alineado"": true, ""arch"": ""cnn_lstm"", ""hidden"": 128, ""layers"": 2, ""dropout"": 0.3, ""bidir"": false, ""pooling"": ""last"", ""filtros"": [64, 128], ""kernel"": 3, ""dilatacion"": 1, ""batchnorm"": true, ""fc_dim"": 128, ""pool_cnn"": ""gap_gmp"", ""epochs"": 80, ""patience"": 15, ""batch"": 128, ""lr"": 0.001, ""weight_decay"": 0.0001, ""class_weight"": ""balanced"", ""scheduler"": ""plateau"", ""grad_clip"": 1.0, ""criterio"": ""val_loss"", ""loss"": ""ce"", ""label_smooth"": 0.0, ""focal_gamma"": 2.0, ""refit_trainval"": false}","[42, 1, 7, 2024, 100]",15729,1750,1764,0.2911,0.2953,0.0343,0.3522,0.3276,0.0284,0.2491,0.5146,0.2929,-0.417,0.5036,0.8852,-0.6102,15.1,61.2,23.8,"[3, 4, 7, 1, 3]",74.2,False,dataset=v1 robustez
2026-08-14 23:32:08,V4-features,v1,LSTM,C,dev,global,GLOBAL,20,"{""lookback"": 20, ""escalador"": ""minmax"", ""clip"": 0.0, ""alineado"": true, ""arch"": ""lstm"", ""hidden"": 128, ""layers"": 2, ""dropout"": 0.3, ""bidir"": true, ""pooling"": ""last"", ""filtros"": [64, 128, 192], ""kernel"": 3, ""dilatacion"": 1, ""batchnorm"": true, ""fc_dim"": 128, ""pool_cnn"": ""gap_gmp"", ""epochs"": 80, ""patience"": 15, ""batch"": 128, ""lr"": 0.001, ""weight_decay"": 0.0001, ""class_weight"": ""balanced"", ""scheduler"": ""plateau"", ""grad_clip"": 1.0, ""criterio"": ""val_f1"", ""loss"": ""ce"", ""label_smooth"": 0.0, ""focal_gamma"": 2.0, ""refit_trainval"": false}","[42, 1, 7, 2024, 100]",5292,1750,1764,0.3553,0.3479,0.0093,0.3523,0.3463,0.0107,0.2789,0.4053,0.3726,-0.654,0.4953,0.8638,-0.8225,22.0,33.5,44.5,"[28, 15, 6, 4, 7]",42.2,False,dataset=v1 robustez
2026-08-14 23:32:36,V4-features,v1,CNN-LSTM,C,dev,global,GLOBAL,20,"{""lookback"": 20, ""escalador"": ""minmax"", ""clip"": 0.0, ""alineado"": true, ""arch"": ""cnn_lstm"", ""hidden"": 128, ""layers"": 2, ""dropout"": 0.3, ""bidir"": false, ""pooling"": ""last"", ""filtros"": [64, 128], ""kernel"": 3, ""dilatacion"": 1, ""batchnorm"": true, ""fc_dim"": 128, ""pool_cnn"": ""gap_gmp"", ""epochs"": 80, ""patience"": 15, ""batch"": 128, ""lr"": 0.001, ""weight_decay"": 0.0001, ""class_weight"": ""balanced"", ""scheduler"": ""plateau"", ""grad_clip"": 1.0, ""criterio"": ""val_loss"", ""loss"": ""ce"", ""label_smooth"": 0.0, ""focal_gamma"": 2.0, ""refit_trainval"": false}","[42, 1, 7, 2024, 100]",5292,1750,1764,0.2631,0.2832,0.0393,0.3321,0.3291,0.0207,0.2688,0.5239,0.2035,-0.3993,0.5133,0.8821,-0.7111,18.5,65.9,15.6,"[6, 5, 3, 3, 4]",28.6,False,dataset=v1 robustez
2026-08-14 23:34:27,V4-features,v5,LSTM,A,dev,global,GLOBAL,20,"{""lookback"": 20, ""escalador"": ""minmax"", ""clip"": 0.0, ""alineado"": true, ""arch"": ""lstm"", ""hidden"": 128, ""layers"": 2, ""dropout"": 0.3, ""bidir"": true, ""pooling"": ""last"", ""filtros"": [64, 128, 192], ""kernel"": 3, ""dilatacion"": 1, ""batchnorm"": true, ""fc_dim"": 128, ""pool_cnn"": ""gap_gmp"", ""epochs"": 80, ""patience"": 15, ""batch"": 128, ""lr"": 0.001, ""weight_decay"": 0.0001, ""class_weight"": ""balanced"", ""scheduler"": ""plateau"", ""grad_clip"": 1.0, ""criterio"": ""val_f1"", ""loss"": ""ce"", ""label_smooth"": 0.0, ""focal_gamma"": 2.0, ""refit_trainval"": false}","[42, 1, 7, 2024, 100]",15449,1750,1764,0.3461,0.335,0.0072,0.3526,0.3428,0.0189,0.3468,0.3279,0.3832,0.0265,0.5123,1.0059,-0.6369,28.4,26.2,45.4,"[7, 10, 3, 5, 26]",99.4,False,dataset=v5 robustez
2026-08-14 23:35:37,V4-features,v5,CNN-LSTM,A,dev,global,GLOBAL,20,"{""lookback"": 20, ""escalador"": ""minmax"", ""clip"": 0.0, ""alineado"": true, ""arch"": ""cnn_lstm"", ""hidden"": 128, ""layers"": 2, ""dropout"": 0.3, ""bidir"": false, ""pooling"": ""last"", ""filtros"": [64, 128], ""kernel"": 3, ""dilatacion"": 1, ""batchnorm"": true, ""fc_dim"": 128, ""pool_cnn"": ""gap_gmp"", ""epochs"": 80, ""patience"": 15, ""batch"": 128, ""lr"": 0.001, ""weight_decay"": 0.0001, ""class_weight"": ""balanced"", ""scheduler"": ""plateau"", ""grad_clip"": 1.0, ""criterio"": ""val_loss"", ""loss"": ""ce"", ""label_smooth"": 0.0, ""focal_gamma"": 2.0, ""refit_trainval"": false}","[42, 1, 7, 2024, 100]",15449,1750,1764,0.3004,0.2847,0.0196,0.359,0.343,0.0136,0.2759,0.5298,0.2712,0.2013,0.555,1.0628,-0.4817,17.2,66.0,16.8,"[2, 3, 2, 2, 1]",69.1,False,dataset=v5 robustez
2026-08-14 23:37:25,V4-features,v5,LSTM,C,dev,global,GLOBAL,20,"{""lookback"": 20, ""escalador"": ""minmax"", ""clip"": 0.0, ""alineado"": true, ""arch"": ""lstm"", ""hidden"": 128, ""layers"": 2, ""dropout"": 0.3, ""bidir"": true, ""pooling"": ""last"", ""filtros"": [64, 128, 192], ""kernel"": 3, ""dilatacion"": 1, ""batchnorm"": true, ""fc_dim"": 128, ""pool_cnn"": ""gap_gmp"", ""epochs"": 80, ""patience"": 15, ""batch"": 128, ""lr"": 0.001, ""weight_decay"": 0.0001, ""class_weight"": ""balanced"", ""scheduler"": ""plateau"", ""grad_clip"": 1.0, ""criterio"": ""val_f1"", ""loss"": ""ce"", ""label_smooth"": 0.0, ""focal_gamma"": 2.0, ""refit_trainval"": false}","[42, 1, 7, 2024, 100]",5292,1750,1764,0.3443,0.347,0.012,0.3348,0.3356,0.012,0.3495,0.2742,0.3807,-0.3691,0.5099,0.9263,-0.7513,31.5,19.6,48.9,"[7, 6, 13, 19, 31]",62.9,False,dataset=v5 robustez
2026-08-14 23:40:33,V4-features,v5,LSTM,A,dev,global,GLOBAL,20,"{""lookback"": 20, ""escalador"": ""minmax"", ""clip"": 0.0, ""alineado"": true, ""arch"": ""lstm"", ""hidden"": 128, ""layers"": 2, ""dropout"": 0.3, ""bidir"": true, ""pooling"": ""last"", ""filtros"": [64, 128, 192], ""kernel"": 3, ""dilatacion"": 1, ""batchnorm"": true, ""fc_dim"": 128, ""pool_cnn"": ""gap_gmp"", ""epochs"": 80, ""patience"": 15, ""batch"": 128, ""lr"": 0.001, ""weight_decay"": 0.0001, ""class_weight"": ""balanced"", ""scheduler"": ""plateau"", ""grad_clip"": 1.0, ""criterio"": ""val_f1"", ""loss"": ""ce"", ""label_smooth"": 0.0, ""focal_gamma"": 2.0, ""refit_trainval"": false}","[42, 1, 7, 2024, 100]",15449,1750,1764,0.3461,0.335,0.0072,0.3526,0.3428,0.0189,0.3468,0.3279,0.3832,0.0265,0.5123,1.0059,-0.6369,28.4,26.2,45.4,"[7, 10, 3, 5, 26]",138.4,False,dataset=v5 robustez
2026-08-14 23:41:40,V4-features,v5,CNN-LSTM,A,dev,global,GLOBAL,20,"{""lookback"": 20, ""escalador"": ""minmax"", ""clip"": 0.0, ""alineado"": true, ""arch"": ""cnn_lstm"", ""hidden"": 128, ""layers"": 2, ""dropout"": 0.3, ""bidir"": false, ""pooling"": ""last"", ""filtros"": [64, 128], ""kernel"": 3, ""dilatacion"": 1, ""batchnorm"": true, ""fc_dim"": 128, ""pool_cnn"": ""gap_gmp"", ""epochs"": 80, ""patience"": 15, ""batch"": 128, ""lr"": 0.001, ""weight_decay"": 0.0001, ""class_weight"": ""balanced"", ""scheduler"": ""plateau"", ""grad_clip"": 1.0, ""criterio"": ""val_loss"", ""loss"": ""ce"", ""label_smooth"": 0.0, ""focal_gamma"": 2.0, ""refit_trainval"": false}","[42, 1, 7, 2024, 100]",15449,1750,1764,0.3004,0.2847,0.0196,0.359,0.343,0.0136,0.2759,0.5298,0.2712,0.2013,0.555,1.0628,-0.4817,17.2,66.0,16.8,"[2, 3, 2, 2, 1]",66.8,False,dataset=v5 robustez
2026-08-14 23:43:08,V4-features,v5,LSTM,C,dev,global,GLOBAL,20,"{""lookback"": 20, ""escalador"": ""minmax"", ""clip"": 0.0, ""alineado"": true, ""arch"": ""lstm"", ""hidden"": 128, ""layers"": 2, ""dropout"": 0.3, ""bidir"": true, ""pooling"": ""last"", ""filtros"": [64, 128, 192], ""kernel"": 3, ""dilatacion"": 1, ""batchnorm"": true, ""fc_dim"": 128, ""pool_cnn"": ""gap_gmp"", ""epochs"": 80, ""patience"": 15, ""batch"": 128, ""lr"": 0.001, ""weight_decay"": 0.0001, ""class_weight"": ""balanced"", ""scheduler"": ""plateau"", ""grad_clip"": 1.0, ""criterio"": ""val_f1"", ""loss"": ""ce"", ""label_smooth"": 0.0, ""focal_gamma"": 2.0, ""refit_trainval"": false}","[42, 1, 7, 2024, 100]",5292,1750,1764,0.3443,0.347,0.012,0.3348,0.3356,0.012,0.3495,0.2742,0.3807,-0.3691,0.5099,0.9263,-0.7513,31.5,19.6,48.9,"[7, 6, 13, 19, 31]",42.9,False,dataset=v5 robustez
2026-08-14 23:43:34,V4-features,v5,CNN-LSTM,C,dev,global,GLOBAL,20,"{""lookback"": 20, ""escalador"": ""minmax"", ""clip"": 0.0, ""alineado"": true, ""arch"": ""cnn_lstm"", ""hidden"": 128, ""layers"": 2, ""dropout"": 0.3, ""bidir"": false, ""pooling"": ""last"", ""filtros"": [64, 128], ""kernel"": 3, ""dilatacion"": 1, ""batchnorm"": true, ""fc_dim"": 128, ""pool_cnn"": ""gap_gmp"", ""epochs"": 80, ""patience"": 15, ""batch"": 128, ""lr"": 0.001, ""weight_decay"": 0.0001, ""class_weight"": ""balanced"", ""scheduler"": ""plateau"", ""grad_clip"": 1.0, ""criterio"": ""val_loss"", ""loss"": ""ce"", ""label_smooth"": 0.0, ""focal_gamma"": 2.0, ""refit_trainval"": false}","[42, 1, 7, 2024, 100]",5292,1750,1764,0.2736,0.2759,0.0231,0.3358,0.3254,0.0227,0.1898,0.5221,0.2954,-0.2027,0.5086,0.9379,-0.6146,9.6,67.1,23.3,"[2, 1, 2, 3, 1]",25.9,False,dataset=v5 robustez
2026-08-15 00:06:09,V2-finalista,CNN-LSTM,B,dev,global,GLOBAL,20,"{""lookback"": 20, ""escalador"": ""robust"", ""clip"": 0.0, ""alineado"": true, ""arch"": ""cnn_lstm"", ""hidden"": 136, ""layers"": 1, ""dropout"": 0.42249595653190186, ""bidir"": false, ""pooling"": ""last"", ""filtros"": [77, 154], ""kernel"": 7, ""dilatacion"": 1, ""batchnorm"": true, ""fc_dim"": 128, ""pool_cnn"": ""gap_gmp"", ""epochs"": 100, ""patience"": 20, ""batch"": 128, ""lr"": 0.0004397620359576416, ""weight_decay"": 0.018214698953737334, ""class_weight"": ""balanced"", ""scheduler"": ""none"", ""grad_clip"": 5.0, ""criterio"": ""val_loss"", ""loss"": ""focal"", ""label_smooth"": 0.0, ""focal_gamma"": 2.007025567677695, ""refit_trainval"": false}","[42, 1, 7, 2024, 100]",8813,1750,1764,0.3195,0.3197,0.0193,0.376,0.3522,0.0141,0.3297,0.4344,0.364,0.0402,0.5298,1.0096,-0.6905,27.0,38.3,34.8,"[4, 7, 6, 4, 7]",59.0,False,trial=46
2026-08-15 00:08:28,V2-finalista,CNN-LSTM,B,dev,global,GLOBAL,20,"{""lookback"": 20, ""escalador"": ""standard"", ""clip"": 0.0, ""alineado"": true, ""arch"": ""cnn_lstm"", ""hidden"": 226, ""layers"": 1, ""dropout"": 0.33733277110425897, ""bidir"": true, ""pooling"": ""last"", ""filtros"": [91, 182], ""kernel"": 7, ""dilatacion"": 1, ""batchnorm"": true, ""fc_dim"": 128, ""pool_cnn"": ""gap_gmp"", ""epochs"": 100, ""patience"": 20, ""batch"": 64, ""lr"": 0.00011519614907144799, ""weight_decay"": 0.0023717121592617373, ""class_weight"": ""balanced"", ""scheduler"": ""none"", ""grad_clip"": 0.5, ""criterio"": ""val_loss"", ""loss"": ""focal"", ""label_smooth"": 0.0, ""focal_gamma"": 2.957629791676606, ""refit_trainval"": false}","[42, 1, 7, 2024, 100]",8813,1750,1764,0.3332,0.3334,0.0199,0.3469,0.3494,0.0169,0.24,0.4491,0.3515,-0.4045,0.4904,0.905,-0.7328,16.3,44.0,39.6,"[1, 4, 2, 4, 5]",139.1,False,trial=55
2026-08-15 00:11:05,V2-finalista,CNN-LSTM,B,dev,global,GLOBAL,20,"{""lookback"": 20, ""escalador"": ""standard"", ""clip"": 0.0, ""alineado"": true, ""arch"": ""cnn_lstm"", ""hidden"": 247, ""layers"": 1, ""dropout"": 0.5282668050525283, ""bidir"": true, ""pooling"": ""meanmax"", ""filtros"": [103, 206], ""kernel"": 7, ""dilatacion"": 1, ""batchnorm"": true, ""fc_dim"": 128, ""pool_cnn"": ""gap_gmp"", ""epochs"": 100, ""patience"": 20, ""batch"": 64, ""lr"": 0.0004250082506825677, ""weight_decay"": 0.00306354494981485, ""class_weight"": ""balanced"", ""scheduler"": ""none"", ""grad_clip"": 0.5, ""criterio"": ""val_loss"", ""loss"": ""focal"", ""label_smooth"": 0.0, ""focal_gamma"": 2.6261312003201494, ""refit_trainval"": false}","[42, 1, 7, 2024, 100]",8813,1750,1764,0.2912,0.2976,0.017,0.3517,0.3512,0.0116,0.2846,0.4681,0.3024,-0.1457,0.5261,0.9617,-0.6835,25.7,51.1,23.2,"[7, 9, 3, 5, 4]",156.6,False,trial=70
2026-08-15 00:11:56,V2-finalista,CNN-LSTM,B,dev,global,GLOBAL,20,"{""lookback"": 20, ""escalador"": ""robust"", ""clip"": 0.0, ""alineado"": true, ""arch"": ""cnn_lstm"", ""hidden"": 98, ""layers"": 2, ""dropout"": 0.1461314001525303, ""bidir"": false, ""pooling"": ""last"", ""filtros"": [100, 200], ""kernel"": 7, ""dilatacion"": 1, ""batchnorm"": true, ""fc_dim"": 128, ""pool_cnn"": ""gap_gmp"", ""epochs"": 100, ""patience"": 20, ""batch"": 128, ""lr"": 6.04070676302751e-05, ""weight_decay"": 0.017155567869205912, ""class_weight"": ""balanced"", ""scheduler"": ""none"", ""grad_clip"": 1.0, ""criterio"": ""val_loss"", ""loss"": ""focal"", ""label_smooth"": 0.0, ""focal_gamma"": 2.883648112414274, ""refit_trainval"": false}","[42, 1, 7, 2024, 100]",8813,1750,1764,0.3439,0.3481,0.0133,0.3567,0.3474,0.0079,0.3051,0.3809,0.3843,-0.0692,0.5182,0.9843,-0.762,26.4,31.6,42.0,"[7, 1, 2, 3, 4]",50.6,False,trial=50
2026-08-15 00:14:34,V2-finalista,CNN-LSTM,B,dev,global,GLOBAL,10,"{""lookback"": 10, ""escalador"": ""minmax"", ""clip"": 0.0, ""alineado"": true, ""arch"": ""cnn_lstm"", ""hidden"": 228, ""layers"": 1, ""dropout"": 0.5612518156613523, ""bidir"": true, ""pooling"": ""meanmax"", ""filtros"": [91, 182], ""kernel"": 7, ""dilatacion"": 1, ""batchnorm"": true, ""fc_dim"": 128, ""pool_cnn"": ""gap_gmp"", ""epochs"": 100, ""patience"": 20, ""batch"": 64, ""lr"": 0.0006995673207825176, ""weight_decay"": 0.0018136694459705471, ""class_weight"": ""balanced"", ""scheduler"": ""none"", ""grad_clip"": 0.5, ""criterio"": ""val_loss"", ""loss"": ""ce"", ""label_smooth"": 0.1297533741820603, ""focal_gamma"": 2.0, ""refit_trainval"": false}","[42, 1, 7, 2024, 100]",8813,1750,1764,0.3024,0.3035,0.0247,0.3666,0.3422,0.0143,0.3274,0.4933,0.2791,0.2302,0.5489,1.0644,-0.6337,27.0,54.3,18.7,"[16, 6, 11, 15, 2]",158.8,False,trial=77
2026-08-15 00:17:51,V3-finalista,v1,LR,B,dev,global,GLOBAL,,"{""penalty"": ""l2"", ""C"": 0.00016491236228800314, ""class_weight"": ""balanced"", ""escalador"": ""robust""}","[42, 1, 7, 2024, 100]",8813,1750,1764,0.3084,0.3084,0.0,0.3252,0.3252,0.0,0.2236,0.5183,0.2337,-0.3387,0.4761,0.8991,-0.6087,15.2,64.4,20.4,[],3.5,False,mejor Optuna
2026-08-15 00:32:27,V3-finalista,v1,XGBoost,B,dev,global,GLOBAL,,"{""n_estimators"": 485, ""max_depth"": 9, ""learning_rate"": 0.073686514801497, ""subsample"": 0.9716588679987582, ""colsample_bytree"": 0.9344371907011841, ""min_child_weight"": 2, ""gamma"": 0.034828439862122, ""reg_alpha"": 1.697838781005609, ""reg_lambda"": 5.226243589741432, ""escalador"": ""standard""}","[42, 1, 7, 2024, 100]",8813,1750,1764,0.3411,0.3356,0.0065,0.3557,0.3553,0.005,0.2462,0.4567,0.3643,0.5444,0.5084,1.1491,-0.3943,17.9,46.1,35.9,[],92.8,False,mejor Optuna
2026-08-15 00:33:35,FINAL,v1,LR,A,final,global,GLOBAL,,"{""penalty"": ""l2"", ""C"": 0.00016491236228800314, ""class_weight"": ""balanced"", ""escalador"": ""robust""}","[42, 1, 7, 2024, 100]",17612,1764,1736,0.353,0.353,0.0,0.4058,0.4058,0.0,0.3554,0.5334,0.3287,0.9522,0.5131,1.2677,-0.4158,26.5,44.9,28.6,[],48.4,True,config congelada de V3
2026-08-15 00:33:45,FINAL,v1,LR,A,final,por_ticker,AAPL,,"{""penalty"": ""l2"", ""C"": 0.00016491236228800314, ""class_weight"": ""balanced"", ""escalador"": ""robust""}","[42, 1, 7, 2024, 100]",2516,252,248,0.3101,0.3101,0.0,0.3876,0.3876,0.0,0.3704,0.5579,0.2344,0.2012,0.5203,1.0565,-0.2299,28.6,50.4,21.0,[],9.1,True,config congelada de V3
2026-08-15 00:33:47,FINAL,v1,LR,A,final,por_ticker,NVDA,,"{""penalty"": ""l2"", ""C"": 0.00016491236228800314, ""class_weight"": ""balanced"", ""escalador"": ""robust""}","[42, 1, 7, 2024, 100]",2516,252,248,0.3444,0.3444,0.0,0.3724,0.3724,0.0,0.2128,0.5025,0.402,1.5778,0.5061,1.4211,-0.2918,10.5,33.9,55.6,[],2.1,True,config congelada de V3
2026-08-15 00:33:48,FINAL,v1,LR,A,final,por_ticker,TSLA,,"{""penalty"": ""l2"", ""C"": 0.00016491236228800314, ""class_weight"": ""balanced"", ""escalador"": ""robust""}","[42, 1, 7, 2024, 100]",2516,252,248,0.345,0.345,0.0,0.3972,0.3972,0.0,0.3077,0.4681,0.4157,0.5297,0.5179,1.1169,-0.3848,24.6,32.3,43.1,[],1.3,True,config congelada de V3
2026-08-15 00:33:50,FINAL,v1,LR,A,final,por_ticker,AMZN,,"{""penalty"": ""l2"", ""C"": 0.00016491236228800314, ""class_weight"": ""balanced"", ""escalador"": ""robust""}","[42, 1, 7, 2024, 100]",2516,252,248,0.3276,0.3276,0.0,0.364,0.364,0.0,0.3975,0.5022,0.1923,0.4261,0.5043,1.1203,-0.2234,35.9,53.6,10.5,[],2.1,True,config congelada de V3
2026-08-15 00:33:51,FINAL,v1,LR,A,final,por_ticker,MSFT,,"{""penalty"": ""l2"", ""C"": 0.00016491236228800314, ""class_weight"": ""balanced"", ""escalador"": ""robust""}","[42, 1, 7, 2024, 100]",2516,252,248,0.3216,0.3216,0.0,0.3405,0.3405,0.0,0.381,0.4976,0.1429,0.1363,0.5347,1.0344,-0.1717,48.8,41.9,9.3,[],1.3,True,config congelada de V3
2026-08-15 00:33:53,FINAL,v1,LR,A,final,por_ticker,GOOGL,,"{""penalty"": ""l2"", ""C"": 0.00016491236228800314, ""class_weight"": ""balanced"", ""escalador"": ""robust""}","[42, 1, 7, 2024, 100]",2516,252,248,0.3028,0.3028,0.0,0.3811,0.3811,0.0,0.3611,0.5984,0.1837,-0.4707,0.4891,0.884,-0.2589,26.6,62.9,10.5,[],1.3,True,config congelada de V3
2026-08-15 00:33:54,FINAL,v1,LR,A,final,por_ticker,META,,"{""penalty"": ""l2"", ""C"": 0.00016491236228800314, ""class_weight"": ""balanced"", ""escalador"": ""robust""}","[42, 1, 7, 2024, 100]",2516,252,248,0.3564,0.3564,0.0,0.3842,0.3842,0.0,0.3567,0.4928,0.303,0.504,0.4599,1.1335,-0.2863,34.3,44.8,21.0,[],1.3,True,config congelada de V3
2026-08-15 00:36:04,FINAL,v1,XGBoost,A,final,global,GLOBAL,,"{""n_estimators"": 485, ""max_depth"": 9, ""learning_rate"": 0.073686514801497, ""subsample"": 0.9716588679987582, ""colsample_bytree"": 0.9344371907011841, ""min_child_weight"": 2, ""gamma"": 0.034828439862122, ""reg_alpha"": 1.697838781005609, ""reg_lambda"": 5.226243589741432, ""escalador"": ""standard""}","[42, 1, 7, 2024, 100]",17612,1764,1736,0.365,0.3609,0.0061,0.3588,0.3622,0.006,0.3241,0.4168,0.3356,0.3443,0.487,1.0838,-0.5052,29.7,33.3,37.0,[],130.4,True,config congelada de V3
2026-08-15 00:36:51,FINAL,v1,XGBoost,A,final,por_ticker,AAPL,,"{""n_estimators"": 485, ""max_depth"": 9, ""learning_rate"": 0.073686514801497, ""subsample"": 0.9716588679987582, ""colsample_bytree"": 0.9344371907011841, ""min_child_weight"": 2, ""gamma"": 0.034828439862122, ""reg_alpha"": 1.697838781005609, ""reg_lambda"": 5.226243589741432, ""escalador"": ""standard""}","[42, 1, 7, 2024, 100]",2516,252,248,0.3772,0.3812,0.0147,0.3915,0.3812,0.0213,0.2727,0.5108,0.391,1.8758,0.56,1.6939,-0.1061,27.4,49.6,23.0,[],46.7,True,config congelada de V3
2026-08-15 00:37:37,FINAL,v1,XGBoost,A,final,por_ticker,NVDA,,"{""n_estimators"": 485, ""max_depth"": 9, ""learning_rate"": 0.073686514801497, ""subsample"": 0.9716588679987582, ""colsample_bytree"": 0.9344371907011841, ""min_child_weight"": 2, ""gamma"": 0.034828439862122, ""reg_alpha"": 1.697838781005609, ""reg_lambda"": 5.226243589741432, ""escalador"": ""standard""}","[42, 1, 7, 2024, 100]",2516,252,248,0.3665,0.361,0.0174,0.3512,0.3503,0.0166,0.3333,0.4216,0.2987,1.2268,0.5399,1.3065,-0.3563,28.2,34.3,37.5,[],46.0,True,config congelada de V3
2026-08-15 00:38:23,FINAL,v1,XGBoost,A,final,por_ticker,TSLA,,"{""n_estimators"": 485, ""max_depth"": 9, ""learning_rate"": 0.073686514801497, ""subsample"": 0.9716588679987582, ""colsample_bytree"": 0.9344371907011841, ""min_child_weight"": 2, ""gamma"": 0.034828439862122, ""reg_alpha"": 1.697838781005609, ""reg_lambda"": 5.226243589741432, ""escalador"": ""standard""}","[42, 1, 7, 2024, 100]",2516,252,248,0.3338,0.3226,0.0073,0.4118,0.4134,0.0157,0.3259,0.5472,0.3624,0.0777,0.5694,1.0168,-0.3245,26.6,41.9,31.5,[],46.3,True,config congelada de V3
2026-08-15 00:39:10,FINAL,v1,XGBoost,A,final,por_ticker,AMZN,,"{""n_estimators"": 485, ""max_depth"": 9, ""learning_rate"": 0.073686514801497, ""subsample"": 0.9716588679987582, ""colsample_bytree"": 0.9344371907011841, ""min_child_weight"": 2, ""gamma"": 0.034828439862122, ""reg_alpha"": 1.697838781005609, ""reg_lambda"": 5.226243589741432, ""escalador"": ""standard""}","[42, 1, 7, 2024, 100]",2516,252,248,0.3634,0.3647,0.0126,0.3804,0.3794,0.0123,0.4203,0.4149,0.3059,0.5536,0.5063,1.1343,-0.287,26.6,36.3,37.1,[],46.2,True,config congelada de V3
2026-08-15 00:39:55,FINAL,v1,XGBoost,A,final,por_ticker,MSFT,,"{""n_estimators"": 485, ""max_depth"": 9, ""learning_rate"": 0.073686514801497, ""subsample"": 0.9716588679987582, ""colsample_bytree"": 0.9344371907011841, ""min_child_weight"": 2, ""gamma"": 0.034828439862122, ""reg_alpha"": 1.697838781005609, ""reg_lambda"": 5.226243589741432, ""escalador"": ""standard""}","[42, 1, 7, 2024, 100]",2516,252,248,0.3499,0.3534,0.0107,0.4153,0.4282,0.0161,0.4106,0.5,0.3354,0.1521,0.5089,1.0349,-0.2214,33.5,31.9,34.7,[],45.5,True,config congelada de V3
2026-08-15 00:40:41,FINAL,v1,XGBoost,A,final,por_ticker,GOOGL,,"{""n_estimators"": 485, ""max_depth"": 9, ""learning_rate"": 0.073686514801497, ""subsample"": 0.9716588679987582, ""colsample_bytree"": 0.9344371907011841, ""min_child_weight"": 2, ""gamma"": 0.034828439862122, ""reg_alpha"": 1.697838781005609, ""reg_lambda"": 5.226243589741432, ""escalador"": ""standard""}","[42, 1, 7, 2024, 100]",2516,252,248,0.3954,0.4013,0.0156,0.3641,0.3532,0.0196,0.3611,0.4608,0.2703,-0.2688,0.493,0.9428,-0.2056,26.6,42.7,30.6,[],46.1,True,config congelada de V3
2026-08-15 00:41:28,FINAL,v1,XGBoost,A,final,por_ticker,META,,"{""n_estimators"": 485, ""max_depth"": 9, ""learning_rate"": 0.073686514801497, ""subsample"": 0.9716588679987582, ""colsample_bytree"": 0.9344371907011841, ""min_child_weight"": 2, ""gamma"": 0.034828439862122, ""reg_alpha"": 1.697838781005609, ""reg_lambda"": 5.226243589741432, ""escalador"": ""standard""}","[42, 1, 7, 2024, 100]",2516,252,248,0.4047,0.3862,0.0113,0.3315,0.3345,0.013,0.3562,0.3425,0.2959,0.4765,0.4908,1.1212,-0.2083,29.8,34.3,35.9,[],46.7,True,config congelada de V3
2026-08-15 00:43:54,FINAL,v1,LSTM,A,final,global,GLOBAL,10,"{""lookback"": 10, ""escalador"": ""robust"", ""clip"": 0.0, ""alineado"": true, ""arch"": ""lstm"", ""hidden"": 118, ""layers"": 2, ""dropout"": 0.43076719561956667, ""bidir"": false, ""pooling"": ""attn"", ""filtros"": [64, 128, 192], ""kernel"": 3, ""dilatacion"": 1, ""batchnorm"": true, ""fc_dim"": 128, ""pool_cnn"": ""gap_gmp"", ""epochs"": 100, ""patience"": 20, ""batch"": 64, ""lr"": 0.00015934275835801813, ""weight_decay"": 0.0007777647470212787, ""class_weight"": ""balanced"", ""scheduler"": ""plateau"", ""grad_clip"": 5.0, ""criterio"": ""val_loss"", ""loss"": ""focal"", ""label_smooth"": 0.0, ""focal_gamma"": 1.4326011305186719, ""refit_trainval"": false}","[42, 1, 7, 2024, 100]",17549,1764,1736,0.3216,0.3138,0.0342,0.3731,0.3526,0.0316,0.3347,0.4228,0.3618,0.0981,0.4967,1.0224,-0.604,27.1,29.5,43.4,"[3, 1, 2, 3, 2]",145.5,True,config congelada de V2
2026-08-15 00:44:20,FINAL,v1,LSTM,A,final,por_ticker,AAPL,10,"{""lookback"": 10, ""escalador"": ""robust"", ""clip"": 0.0, ""alineado"": true, ""arch"": ""lstm"", ""hidden"": 118, ""layers"": 2, ""dropout"": 0.43076719561956667, ""bidir"": false, ""pooling"": ""attn"", ""filtros"": [64, 128, 192], ""kernel"": 3, ""dilatacion"": 1, ""batchnorm"": true, ""fc_dim"": 128, ""pool_cnn"": ""gap_gmp"", ""epochs"": 100, ""patience"": 20, ""batch"": 64, ""lr"": 0.00015934275835801813, ""weight_decay"": 0.0007777647470212787, ""class_weight"": ""balanced"", ""scheduler"": ""plateau"", ""grad_clip"": 5.0, ""criterio"": ""val_loss"", ""loss"": ""focal"", ""label_smooth"": 0.0, ""focal_gamma"": 1.4326011305186719, ""refit_trainval"": false}","[42, 1, 7, 2024, 100]",2507,252,248,0.3479,0.3297,0.0058,0.3539,0.3401,0.032,0.3506,0.3977,0.3133,-0.541,0.4889,0.8809,-0.3661,36.3,27.4,36.3,"[14, 9, 8, 1, 6]",26.3,True,config congelada de V2
2026-08-15 00:44:41,FINAL,v1,LSTM,A,final,por_ticker,NVDA,10,"{""lookback"": 10, ""escalador"": ""robust"", ""clip"": 0.0, ""alineado"": true, ""arch"": ""lstm"", ""hidden"": 118, ""layers"": 2, ""dropout"": 0.43076719561956667, ""bidir"": false, ""pooling"": ""attn"", ""filtros"": [64, 128, 192], ""kernel"": 3, ""dilatacion"": 1, ""batchnorm"": true, ""fc_dim"": 128, ""pool_cnn"": ""gap_gmp"", ""epochs"": 100, ""patience"": 20, ""batch"": 64, ""lr"": 0.00015934275835801813, ""weight_decay"": 0.0007777647470212787, ""class_weight"": ""balanced"", ""scheduler"": ""plateau"", ""grad_clip"": 5.0, ""criterio"": ""val_loss"", ""loss"": ""focal"", ""label_smooth"": 0.0, ""focal_gamma"": 1.4326011305186719, ""refit_trainval"": false}","[42, 1, 7, 2024, 100]",2507,252,248,0.2835,0.2408,0.0234,0.3074,0.286,0.0468,0.1395,0.6369,0.1458,-0.1827,0.434,0.935,-0.2679,7.3,78.6,14.1,"[1, 7, 2, 1, 1]",21.3,True,config congelada de V2
2026-08-15 00:45:07,FINAL,v1,LSTM,A,final,por_ticker,TSLA,10,"{""lookback"": 10, ""escalador"": ""robust"", ""clip"": 0.0, ""alineado"": true, ""arch"": ""lstm"", ""hidden"": 118, ""layers"": 2, ""dropout"": 0.43076719561956667, ""bidir"": false, ""pooling"": ""attn"", ""filtros"": [64, 128, 192], ""kernel"": 3, ""dilatacion"": 1, ""batchnorm"": true, ""fc_dim"": 128, ""pool_cnn"": ""gap_gmp"", ""epochs"": 100, ""patience"": 20, ""batch"": 64, ""lr"": 0.00015934275835801813, ""weight_decay"": 0.0007777647470212787, ""class_weight"": ""balanced"", ""scheduler"": ""plateau"", ""grad_clip"": 5.0, ""criterio"": ""val_loss"", ""loss"": ""focal"", ""label_smooth"": 0.0, ""focal_gamma"": 1.4326011305186719, ""refit_trainval"": false}","[42, 1, 7, 2024, 100]",2507,252,248,0.3075,0.3184,0.026,0.3808,0.3562,0.0197,0.2946,0.4121,0.4356,0.4771,0.5183,1.0974,-0.2861,24.2,23.0,52.8,"[13, 2, 14, 2, 6]",26.0,True,config congelada de V2
2026-08-15 00:45:39,FINAL,v1,LSTM,A,final,por_ticker,AMZN,10,"{""lookback"": 10, ""escalador"": ""robust"", ""clip"": 0.0, ""alineado"": true, ""arch"": ""lstm"", ""hidden"": 118, ""layers"": 2, ""dropout"": 0.43076719561956667, ""bidir"": false, ""pooling"": ""attn"", ""filtros"": [64, 128, 192], ""kernel"": 3, ""dilatacion"": 1, ""batchnorm"": true, ""fc_dim"": 128, ""pool_cnn"": ""gap_gmp"", ""epochs"": 100, ""patience"": 20, ""batch"": 64, ""lr"": 0.00015934275835801813, ""weight_decay"": 0.0007777647470212787, ""class_weight"": ""balanced"", ""scheduler"": ""plateau"", ""grad_clip"": 5.0, ""criterio"": ""val_loss"", ""loss"": ""focal"", ""label_smooth"": 0.0, ""focal_gamma"": 1.4326011305186719, ""refit_trainval"": false}","[42, 1, 7, 2024, 100]",2507,252,248,0.4312,0.3996,0.0213,0.3517,0.3547,0.0142,0.3537,0.4157,0.2857,-0.816,0.4821,0.8375,-0.3938,37.1,32.3,30.6,"[14, 5, 19, 18, 11]",31.6,True,config congelada de V2
2026-08-15 00:46:09,FINAL,v1,LSTM,A,final,por_ticker,MSFT,10,"{""lookback"": 10, ""escalador"": ""robust"", ""clip"": 0.0, ""alineado"": true, ""arch"": ""lstm"", ""hidden"": 118, ""layers"": 2, ""dropout"": 0.43076719561956667, ""bidir"": false, ""pooling"": ""attn"", ""filtros"": [64, 128, 192], ""kernel"": 3, ""dilatacion"": 1, ""batchnorm"": true, ""fc_dim"": 128, ""pool_cnn"": ""gap_gmp"", ""epochs"": 100, ""patience"": 20, ""batch"": 64, ""lr"": 0.00015934275835801813, ""weight_decay"": 0.0007777647470212787, ""class_weight"": ""balanced"", ""scheduler"": ""plateau"", ""grad_clip"": 5.0, ""criterio"": ""val_loss"", ""loss"": ""focal"", ""label_smooth"": 0.0, ""focal_gamma"": 1.4326011305186719, ""refit_trainval"": false}","[42, 1, 7, 2024, 100]",2507,252,248,0.3427,0.3478,0.0228,0.3607,0.3506,0.0196,0.3593,0.4091,0.3137,-0.6406,0.4972,0.8673,-0.2449,39.9,28.6,31.5,"[13, 15, 11, 15, 3]",29.8,True,config congelada de V2
2026-08-15 00:46:34,FINAL,v1,LSTM,A,final,por_ticker,GOOGL,10,"{""lookback"": 10, ""escalador"": ""robust"", ""clip"": 0.0, ""alineado"": true, ""arch"": ""lstm"", ""hidden"": 118, ""layers"": 2, ""dropout"": 0.43076719561956667, ""bidir"": false, ""pooling"": ""attn"", ""filtros"": [64, 128, 192], ""kernel"": 3, ""dilatacion"": 1, ""batchnorm"": true, ""fc_dim"": 128, ""pool_cnn"": ""gap_gmp"", ""epochs"": 100, ""patience"": 20, ""batch"": 64, ""lr"": 0.00015934275835801813, ""weight_decay"": 0.0007777647470212787, ""class_weight"": ""balanced"", ""scheduler"": ""plateau"", ""grad_clip"": 5.0, ""criterio"": ""val_loss"", ""loss"": ""focal"", ""label_smooth"": 0.0, ""focal_gamma"": 1.4326011305186719, ""refit_trainval"": false}","[42, 1, 7, 2024, 100]",2507,252,248,0.3587,0.3378,0.0129,0.2291,0.2831,0.0459,0.292,0.0714,0.3239,-2.2219,0.4274,0.6731,-0.5163,23.8,5.6,70.6,"[5, 2, 13, 10, 3]",25.8,True,config congelada de V2
2026-08-15 00:47:02,FINAL,v1,LSTM,A,final,por_ticker,META,10,"{""lookback"": 10, ""escalador"": ""robust"", ""clip"": 0.0, ""alineado"": true, ""arch"": ""lstm"", ""hidden"": 118, ""layers"": 2, ""dropout"": 0.43076719561956667, ""bidir"": false, ""pooling"": ""attn"", ""filtros"": [64, 128, 192], ""kernel"": 3, ""dilatacion"": 1, ""batchnorm"": true, ""fc_dim"": 128, ""pool_cnn"": ""gap_gmp"", ""epochs"": 100, ""patience"": 20, ""batch"": 64, ""lr"": 0.00015934275835801813, ""weight_decay"": 0.0007777647470212787, ""class_weight"": ""balanced"", ""scheduler"": ""plateau"", ""grad_clip"": 5.0, ""criterio"": ""val_loss"", ""loss"": ""focal"", ""label_smooth"": 0.0, ""focal_gamma"": 1.4326011305186719, ""refit_trainval"": false}","[42, 1, 7, 2024, 100]",2507,252,248,0.2465,0.2618,0.0497,0.2626,0.2602,0.0296,0.2449,0.0741,0.469,0.8056,0.4958,1.1658,-0.1933,10.5,4.8,84.7,"[6, 3, 9, 14, 10]",27.4,True,config congelada de V2
2026-08-15 00:49:16,FINAL,v1,CNN,A,final,global,GLOBAL,10,"{""lookback"": 10, ""escalador"": ""robust"", ""clip"": 0.0, ""alineado"": true, ""arch"": ""cnn"", ""hidden"": 128, ""layers"": 2, ""dropout"": 0.1576717004659018, ""bidir"": true, ""pooling"": ""last"", ""filtros"": [50, 100], ""kernel"": 7, ""dilatacion"": 1, ""batchnorm"": false, ""fc_dim"": 101, ""pool_cnn"": ""gap"", ""epochs"": 100, ""patience"": 20, ""batch"": 128, ""lr"": 1.2120246019447426e-05, ""weight_decay"": 0.05598223252076369, ""class_weight"": ""balanced"", ""scheduler"": ""plateau"", ""grad_clip"": 0.5, ""criterio"": ""val_f1_ma3"", ""loss"": ""focal"", ""label_smooth"": 0.0, ""focal_gamma"": 2.480189988405459, ""refit_trainval"": false}","[42, 1, 7, 2024, 100]",17549,1764,1736,0.245,0.2717,0.0361,0.2627,0.2574,0.0137,0.405,0.0,0.3831,0.3731,0.5075,1.0734,-0.6604,40.8,0.0,59.2,"[63, 1, 18, 7, 27]",134.2,True,config congelada de V2
2026-08-15 00:49:28,FINAL,v1,CNN,A,final,por_ticker,AAPL,10,"{""lookback"": 10, ""escalador"": ""robust"", ""clip"": 0.0, ""alineado"": true, ""arch"": ""cnn"", ""hidden"": 128, ""layers"": 2, ""dropout"": 0.1576717004659018, ""bidir"": true, ""pooling"": ""last"", ""filtros"": [50, 100], ""kernel"": 7, ""dilatacion"": 1, ""batchnorm"": false, ""fc_dim"": 101, ""pool_cnn"": ""gap"", ""epochs"": 100, ""patience"": 20, ""batch"": 128, ""lr"": 1.2120246019447426e-05, ""weight_decay"": 0.05598223252076369, ""class_weight"": ""balanced"", ""scheduler"": ""plateau"", ""grad_clip"": 0.5, ""criterio"": ""val_f1_ma3"", ""loss"": ""focal"", ""label_smooth"": 0.0, ""focal_gamma"": 2.480189988405459, ""refit_trainval"": false}","[42, 1, 7, 2024, 100]",2507,252,248,0.2761,0.2225,0.0605,0.3017,0.2373,0.0883,0.2581,0.2222,0.4247,-0.0145,0.4717,0.9969,-0.3781,11.7,14.5,73.8,"[1, 4, 1, 20, 1]",11.6,True,config congelada de V2
2026-08-15 00:49:42,FINAL,v1,CNN,A,final,por_ticker,NVDA,10,"{""lookback"": 10, ""escalador"": ""robust"", ""clip"": 0.0, ""alineado"": true, ""arch"": ""cnn"", ""hidden"": 128, ""layers"": 2, ""dropout"": 0.1576717004659018, ""bidir"": true, ""pooling"": ""last"", ""filtros"": [50, 100], ""kernel"": 7, ""dilatacion"": 1, ""batchnorm"": false, ""fc_dim"": 101, ""pool_cnn"": ""gap"", ""epochs"": 100, ""patience"": 20, ""batch"": 128, ""lr"": 1.2120246019447426e-05, ""weight_decay"": 0.05598223252076369, ""class_weight"": ""balanced"", ""scheduler"": ""plateau"", ""grad_clip"": 0.5, ""criterio"": ""val_f1_ma3"", ""loss"": ""focal"", ""label_smooth"": 0.0, ""focal_gamma"": 2.480189988405459, ""refit_trainval"": false}","[42, 1, 7, 2024, 100]",2507,252,248,0.1944,0.2376,0.0613,0.1673,0.2119,0.0702,0.4255,0.0325,0.044,-0.0299,0.5164,0.9946,-0.3688,86.3,1.6,12.1,"[1, 2, 4, 48, 4]",14.5,True,config congelada de V2
2026-08-15 00:50:00,FINAL,v1,CNN,A,final,por_ticker,TSLA,10,"{""lookback"": 10, ""escalador"": ""robust"", ""clip"": 0.0, ""alineado"": true, ""arch"": ""cnn"", ""hidden"": 128, ""layers"": 2, ""dropout"": 0.1576717004659018, ""bidir"": true, ""pooling"": ""last"", ""filtros"": [50, 100], ""kernel"": 7, ""dilatacion"": 1, ""batchnorm"": false, ""fc_dim"": 101, ""pool_cnn"": ""gap"", ""epochs"": 100, ""patience"": 20, ""batch"": 128, ""lr"": 1.2120246019447426e-05, ""weight_decay"": 0.05598223252076369, ""class_weight"": ""balanced"", ""scheduler"": ""plateau"", ""grad_clip"": 0.5, ""criterio"": ""val_f1_ma3"", ""loss"": ""focal"", ""label_smooth"": 0.0, ""focal_gamma"": 2.480189988405459, ""refit_trainval"": false}","[42, 1, 7, 2024, 100]",2507,252,248,0.1973,0.2758,0.0453,0.2385,0.2777,0.0258,0.3065,0.0,0.4091,0.7554,0.5121,1.1386,-0.4021,22.2,0.0,77.8,"[53, 1, 1, 8, 28]",17.5,True,config congelada de V2
2026-08-15 00:50:15,FINAL,v1,CNN,A,final,por_ticker,AMZN,10,"{""lookback"": 10, ""escalador"": ""robust"", ""clip"": 0.0, ""alineado"": true, ""arch"": ""cnn"", ""hidden"": 128, ""layers"": 2, ""dropout"": 0.1576717004659018, ""bidir"": true, ""pooling"": ""last"", ""filtros"": [50, 100], ""kernel"": 7, ""dilatacion"": 1, ""batchnorm"": false, ""fc_dim"": 101, ""pool_cnn"": ""gap"", ""epochs"": 100, ""patience"": 20, ""batch"": 128, ""lr"": 1.2120246019447426e-05, ""weight_decay"": 0.05598223252076369, ""class_weight"": ""balanced"", ""scheduler"": ""plateau"", ""grad_clip"": 0.5, ""criterio"": ""val_f1_ma3"", ""loss"": ""focal"", ""label_smooth"": 0.0, ""focal_gamma"": 2.480189988405459, ""refit_trainval"": false}","[42, 1, 7, 2024, 100]",2507,252,248,0.1675,0.2551,0.123,0.2404,0.2145,0.0577,0.2549,0.0,0.4662,0.5002,0.4798,1.0947,-0.336,12.1,0.0,87.9,"[1, 14, 1, 52, 1]",15.5,True,config congelada de V2
2026-08-15 00:50:39,FINAL,v1,CNN,A,final,por_ticker,MSFT,10,"{""lookback"": 10, ""escalador"": ""robust"", ""clip"": 0.0, ""alineado"": true, ""arch"": ""cnn"", ""hidden"": 128, ""layers"": 2, ""dropout"": 0.1576717004659018, ""bidir"": true, ""pooling"": ""last"", ""filtros"": [50, 100], ""kernel"": 7, ""dilatacion"": 1, ""batchnorm"": false, ""fc_dim"": 101, ""pool_cnn"": ""gap"", ""epochs"": 100, ""patience"": 20, ""batch"": 128, ""lr"": 1.2120246019447426e-05, ""weight_decay"": 0.05598223252076369, ""class_weight"": ""balanced"", ""scheduler"": ""plateau"", ""grad_clip"": 0.5, ""criterio"": ""val_f1_ma3"", ""loss"": ""focal"", ""label_smooth"": 0.0, ""focal_gamma"": 2.480189988405459, ""refit_trainval"": false}","[42, 1, 7, 2024, 100]",2507,252,248,0.2302,0.2884,0.033,0.2517,0.2719,0.0478,0.4059,0.0,0.3492,-0.1988,0.504,0.963,-0.3294,54.0,0.0,46.0,"[76, 1, 31, 7, 41]",23.4,True,config congelada de V2
2026-08-15 00:50:58,FINAL,v1,CNN,A,final,por_ticker,GOOGL,10,"{""lookback"": 10, ""escalador"": ""robust"", ""clip"": 0.0, ""alineado"": true, ""arch"": ""cnn"", ""hidden"": 128, ""layers"": 2, ""dropout"": 0.1576717004659018, ""bidir"": true, ""pooling"": ""last"", ""filtros"": [50, 100], ""kernel"": 7, ""dilatacion"": 1, ""batchnorm"": false, ""fc_dim"": 101, ""pool_cnn"": ""gap"", ""epochs"": 100, ""patience"": 20, ""batch"": 128, ""lr"": 1.2120246019447426e-05, ""weight_decay"": 0.05598223252076369, ""class_weight"": ""balanced"", ""scheduler"": ""plateau"", ""grad_clip"": 0.5, ""criterio"": ""val_f1_ma3"", ""loss"": ""focal"", ""label_smooth"": 0.0, ""focal_gamma"": 2.480189988405459, ""refit_trainval"": false}","[42, 1, 7, 2024, 100]",2507,252,248,0.246,0.2988,0.0522,0.2308,0.2643,0.0492,0.3439,0.0,0.3485,-1.8664,0.4476,0.7252,-0.4978,31.9,0.0,68.1,"[45, 2, 19, 10, 40]",19.7,True,config congelada de V2
2026-08-15 00:51:16,FINAL,v1,CNN,A,final,por_ticker,META,10,"{""lookback"": 10, ""escalador"": ""robust"", ""clip"": 0.0, ""alineado"": true, ""arch"": ""cnn"", ""hidden"": 128, ""layers"": 2, ""dropout"": 0.1576717004659018, ""bidir"": true, ""pooling"": ""last"", ""filtros"": [50, 100], ""kernel"": 7, ""dilatacion"": 1, ""batchnorm"": false, ""fc_dim"": 101, ""pool_cnn"": ""gap"", ""epochs"": 100, ""patience"": 20, ""batch"": 128, ""lr"": 1.2120246019447426e-05, ""weight_decay"": 0.05598223252076369, ""class_weight"": ""balanced"", ""scheduler"": ""plateau"", ""grad_clip"": 0.5, ""criterio"": ""val_f1_ma3"", ""loss"": ""focal"", ""label_smooth"": 0.0, ""focal_gamma"": 2.480189988405459, ""refit_trainval"": false}","[42, 1, 7, 2024, 100]",2507,252,248,0.2117,0.2812,0.0565,0.2521,0.2814,0.0132,0.2807,0.0,0.4755,-0.1095,0.4919,0.9797,-0.2323,16.9,0.0,83.1,"[45, 1, 1, 9, 37]",17.6,True,config congelada de V2
2026-08-15 00:53:03,FINAL,v1,CNN-LSTM,A,final,global,GLOBAL,20,"{""lookback"": 20, ""escalador"": ""robust"", ""clip"": 0.0, ""alineado"": true, ""arch"": ""cnn_lstm"", ""hidden"": 136, ""layers"": 1, ""dropout"": 0.42249595653190186, ""bidir"": false, ""pooling"": ""last"", ""filtros"": [77, 154], ""kernel"": 7, ""dilatacion"": 1, ""batchnorm"": true, ""fc_dim"": 128, ""pool_cnn"": ""gap_gmp"", ""epochs"": 100, ""patience"": 20, ""batch"": 128, ""lr"": 0.0004397620359576416, ""weight_decay"": 0.018214698953737334, ""class_weight"": ""balanced"", ""scheduler"": ""none"", ""grad_clip"": 5.0, ""criterio"": ""val_loss"", ""loss"": ""focal"", ""label_smooth"": 0.0, ""focal_gamma"": 2.007025567677695, ""refit_trainval"": false}","[42, 1, 7, 2024, 100]",17479,1764,1736,0.268,0.2048,0.0469,0.2448,0.205,0.0484,0.4025,0.0,0.3318,-0.0522,0.5086,0.9901,-0.7183,53.9,0.0,46.1,"[4, 3, 3, 8, 4]",107.4,True,config congelada de V2
2026-08-15 00:53:21,FINAL,v1,CNN-LSTM,A,final,por_ticker,AAPL,20,"{""lookback"": 20, ""escalador"": ""robust"", ""clip"": 0.0, ""alineado"": true, ""arch"": ""cnn_lstm"", ""hidden"": 136, ""layers"": 1, ""dropout"": 0.42249595653190186, ""bidir"": false, ""pooling"": ""last"", ""filtros"": [77, 154], ""kernel"": 7, ""dilatacion"": 1, ""batchnorm"": true, ""fc_dim"": 128, ""pool_cnn"": ""gap_gmp"", ""epochs"": 100, ""patience"": 20, ""batch"": 128, ""lr"": 0.0004397620359576416, ""weight_decay"": 0.018214698953737334, ""class_weight"": ""balanced"", ""scheduler"": ""none"", ""grad_clip"": 5.0, ""criterio"": ""val_loss"", ""loss"": ""focal"", ""label_smooth"": 0.0, ""focal_gamma"": 2.007025567677695, ""refit_trainval"": false}","[42, 1, 7, 2024, 100]",2497,252,248,0.2075,0.178,0.025,0.2036,0.1948,0.0363,0.4077,0.0,0.2031,0.0488,0.496,1.0098,-0.3022,79.0,0.0,21.0,"[4, 10, 2, 3, 16]",17.5,True,config congelada de V2
2026-08-15 00:53:38,FINAL,v1,CNN-LSTM,A,final,por_ticker,NVDA,20,"{""lookback"": 20, ""escalador"": ""robust"", ""clip"": 0.0, ""alineado"": true, ""arch"": ""cnn_lstm"", ""hidden"": 136, ""layers"": 1, ""dropout"": 0.42249595653190186, ""bidir"": false, ""pooling"": ""last"", ""filtros"": [77, 154], ""kernel"": 7, ""dilatacion"": 1, ""batchnorm"": true, ""fc_dim"": 128, ""pool_cnn"": ""gap_gmp"", ""epochs"": 100, ""patience"": 20, ""batch"": 128, ""lr"": 0.0004397620359576416, ""weight_decay"": 0.018214698953737334, ""class_weight"": ""balanced"", ""scheduler"": ""none"", ""grad_clip"": 5.0, ""criterio"": ""val_loss"", ""loss"": ""focal"", ""label_smooth"": 0.0, ""focal_gamma"": 2.007025567677695, ""refit_trainval"": false}","[42, 1, 7, 2024, 100]",2497,252,248,0.2758,0.1963,0.0419,0.2165,0.1658,0.034,0.2712,0.0,0.3784,-0.064,0.4798,0.9884,-0.4667,20.2,0.0,79.8,"[4, 7, 7, 1, 10]",16.8,True,config congelada de V2
2026-08-15 00:53:55,FINAL,v1,CNN-LSTM,A,final,por_ticker,TSLA,20,"{""lookback"": 20, ""escalador"": ""robust"", ""clip"": 0.0, ""alineado"": true, ""arch"": ""cnn_lstm"", ""hidden"": 136, ""layers"": 1, ""dropout"": 0.42249595653190186, ""bidir"": false, ""pooling"": ""last"", ""filtros"": [77, 154], ""kernel"": 7, ""dilatacion"": 1, ""batchnorm"": true, ""fc_dim"": 128, ""pool_cnn"": ""gap_gmp"", ""epochs"": 100, ""patience"": 20, ""batch"": 128, ""lr"": 0.0004397620359576416, ""weight_decay"": 0.018214698953737334, ""class_weight"": ""balanced"", ""scheduler"": ""none"", ""grad_clip"": 5.0, ""criterio"": ""val_loss"", ""loss"": ""focal"", ""label_smooth"": 0.0, ""focal_gamma"": 2.007025567677695, ""refit_trainval"": false}","[42, 1, 7, 2024, 100]",2497,252,248,0.3349,0.3458,0.0233,0.3649,0.3463,0.029,0.3851,0.3265,0.383,0.4026,0.5215,1.0778,-0.3152,37.1,15.7,47.2,"[11, 1, 9, 2, 9]",17.1,True,config congelada de V2
2026-08-15 00:54:33,FINAL,v1,CNN-LSTM,A,final,por_ticker,AMZN,20,"{""lookback"": 20, ""escalador"": ""robust"", ""clip"": 0.0, ""alineado"": true, ""arch"": ""cnn_lstm"", ""hidden"": 136, ""layers"": 1, ""dropout"": 0.42249595653190186, ""bidir"": false, ""pooling"": ""last"", ""filtros"": [77, 154], ""kernel"": 7, ""dilatacion"": 1, ""batchnorm"": true, ""fc_dim"": 128, ""pool_cnn"": ""gap_gmp"", ""epochs"": 100, ""patience"": 20, ""batch"": 128, ""lr"": 0.0004397620359576416, ""weight_decay"": 0.018214698953737334, ""class_weight"": ""balanced"", ""scheduler"": ""none"", ""grad_clip"": 5.0, ""criterio"": ""val_loss"", ""loss"": ""focal"", ""label_smooth"": 0.0, ""focal_gamma"": 2.007025567677695, ""refit_trainval"": false}","[42, 1, 7, 2024, 100]",2497,252,248,0.3825,0.34,0.0319,0.2986,0.2872,0.0329,0.4365,0.2114,0.2479,0.5392,0.4978,1.1081,-0.2946,72.6,10.1,17.3,"[45, 34, 39, 36, 40]",38.0,True,config congelada de V2
2026-08-15 00:54:49,FINAL,v1,CNN-LSTM,A,final,por_ticker,MSFT,20,"{""lookback"": 20, ""escalador"": ""robust"", ""clip"": 0.0, ""alineado"": true, ""arch"": ""cnn_lstm"", ""hidden"": 136, ""layers"": 1, ""dropout"": 0.42249595653190186, ""bidir"": false, ""pooling"": ""last"", ""filtros"": [77, 154], ""kernel"": 7, ""dilatacion"": 1, ""batchnorm"": true, ""fc_dim"": 128, ""pool_cnn"": ""gap_gmp"", ""epochs"": 100, ""patience"": 20, ""batch"": 128, ""lr"": 0.0004397620359576416, ""weight_decay"": 0.018214698953737334, ""class_weight"": ""balanced"", ""scheduler"": ""none"", ""grad_clip"": 5.0, ""criterio"": ""val_loss"", ""loss"": ""focal"", ""label_smooth"": 0.0, ""focal_gamma"": 2.007025567677695, ""refit_trainval"": false}","[42, 1, 7, 2024, 100]",2497,252,248,0.3454,0.3243,0.0207,0.3897,0.3738,0.0147,0.3939,0.4471,0.3281,0.1208,0.5301,1.0267,-0.2415,52.4,26.2,21.4,"[6, 6, 5, 4, 7]",16.6,True,config congelada de V2
2026-08-15 00:55:04,FINAL,v1,CNN-LSTM,A,final,por_ticker,GOOGL,20,"{""lookback"": 20, ""escalador"": ""robust"", ""clip"": 0.0, ""alineado"": true, ""arch"": ""cnn_lstm"", ""hidden"": 136, ""layers"": 1, ""dropout"": 0.42249595653190186, ""bidir"": false, ""pooling"": ""last"", ""filtros"": [77, 154], ""kernel"": 7, ""dilatacion"": 1, ""batchnorm"": true, ""fc_dim"": 128, ""pool_cnn"": ""gap_gmp"", ""epochs"": 100, ""patience"": 20, ""batch"": 128, ""lr"": 0.0004397620359576416, ""weight_decay"": 0.018214698953737334, ""class_weight"": ""balanced"", ""scheduler"": ""none"", ""grad_clip"": 5.0, ""criterio"": ""val_loss"", ""loss"": ""focal"", ""label_smooth"": 0.0, ""focal_gamma"": 2.007025567677695, ""refit_trainval"": false}","[42, 1, 7, 2024, 100]",2497,252,248,0.3884,0.3731,0.0223,0.3608,0.3275,0.044,0.4125,0.3134,0.3564,-0.9958,0.4858,0.8323,-0.3809,33.1,14.5,52.4,"[2, 6, 2, 2, 3]",14.9,True,config congelada de V2
2026-08-15 00:55:19,FINAL,v1,CNN-LSTM,A,final,por_ticker,META,20,"{""lookback"": 20, ""escalador"": ""robust"", ""clip"": 0.0, ""alineado"": true, ""arch"": ""cnn_lstm"", ""hidden"": 136, ""layers"": 1, ""dropout"": 0.42249595653190186, ""bidir"": false, ""pooling"": ""last"", ""filtros"": [77, 154], ""kernel"": 7, ""dilatacion"": 1, ""batchnorm"": true, ""fc_dim"": 128, ""pool_cnn"": ""gap_gmp"", ""epochs"": 100, ""patience"": 20, ""batch"": 128, ""lr"": 0.0004397620359576416, ""weight_decay"": 0.018214698953737334, ""class_weight"": ""balanced"", ""scheduler"": ""none"", ""grad_clip"": 5.0, ""criterio"": ""val_loss"", ""loss"": ""focal"", ""label_smooth"": 0.0, ""focal_gamma"": 2.007025567677695, ""refit_trainval"": false}","[42, 1, 7, 2024, 100]",2497,252,248,0.3486,0.3063,0.0272,0.3015,0.2835,0.0283,0.4267,0.2034,0.2745,-0.3323,0.4513,0.9368,-0.4005,61.7,8.9,29.4,"[2, 1, 4, 4, 5]",15.0,True,config congelada de V2
2026-08-15 00:56:07,FINAL,v1,LR,B,final,global,GLOBAL,,"{""penalty"": ""l2"", ""C"": 0.00016491236228800314, ""class_weight"": ""balanced"", ""escalador"": ""robust""}","[42, 1, 7, 2024, 100]",10563,1764,1736,0.3244,0.3244,0.0,0.4036,0.4036,0.0,0.3173,0.5546,0.3391,0.8946,0.5203,1.2695,-0.453,20.7,51.7,27.5,[],47.4,True,config congelada de V3
2026-08-15 00:56:16,FINAL,v1,LR,B,final,por_ticker,AAPL,,"{""penalty"": ""l2"", ""C"": 0.00016491236228800314, ""class_weight"": ""balanced"", ""escalador"": ""robust""}","[42, 1, 7, 2024, 100]",1509,252,248,0.2975,0.2975,0.0,0.3852,0.3852,0.0,0.3308,0.5854,0.2393,-0.1649,0.5364,0.9544,-0.3056,27.8,55.6,16.5,[],8.9,True,config congelada de V3
2026-08-15 00:56:16,FINAL,v1,LR,B,final,por_ticker,NVDA,,"{""penalty"": ""l2"", ""C"": 0.00016491236228800314, ""class_weight"": ""balanced"", ""escalador"": ""robust""}","[42, 1, 7, 2024, 100]",1509,252,248,0.3517,0.3517,0.0,0.3897,0.3897,0.0,0.2128,0.537,0.4194,1.8682,0.5232,1.546,-0.1843,10.5,39.1,50.4,[],0.2,True,config congelada de V3
2026-08-15 00:56:16,FINAL,v1,LR,B,final,por_ticker,TSLA,,"{""penalty"": ""l2"", ""C"": 0.00016491236228800314, ""class_weight"": ""balanced"", ""escalador"": ""robust""}","[42, 1, 7, 2024, 100]",1509,252,248,0.3499,0.3499,0.0,0.4214,0.4214,0.0,0.2783,0.5636,0.4224,0.74,0.5074,1.1848,-0.2909,18.5,45.2,36.3,[],0.2,True,config congelada de V3
2026-08-15 00:56:16,FINAL,v1,LR,B,final,por_ticker,AMZN,,"{""penalty"": ""l2"", ""C"": 0.00016491236228800314, ""class_weight"": ""balanced"", ""escalador"": ""robust""}","[42, 1, 7, 2024, 100]",1509,252,248,0.2981,0.2981,0.0,0.3501,0.3501,0.0,0.3586,0.5203,0.1714,0.0273,0.49,1.0077,-0.2099,29.4,59.7,10.9,[],0.2,True,config congelada de V3
2026-08-15 00:56:16,FINAL,v1,LR,B,final,por_ticker,MSFT,,"{""penalty"": ""l2"", ""C"": 0.00016491236228800314, ""class_weight"": ""balanced"", ""escalador"": ""robust""}","[42, 1, 7, 2024, 100]",1509,252,248,0.3047,0.3047,0.0,0.3247,0.3247,0.0,0.3563,0.5,0.1176,-0.4319,0.4962,0.8952,-0.2108,42.7,46.4,10.9,[],0.2,True,config congelada de V3
2026-08-15 00:56:16,FINAL,v1,LR,B,final,por_ticker,GOOGL,,"{""penalty"": ""l2"", ""C"": 0.00016491236228800314, ""class_weight"": ""balanced"", ""escalador"": ""robust""}","[42, 1, 7, 2024, 100]",1509,252,248,0.2759,0.2759,0.0,0.3758,0.3758,0.0,0.3448,0.6008,0.1818,0.7775,0.5301,1.243,-0.1927,27.0,66.5,6.5,[],0.2,True,config congelada de V3
2026-08-15 00:56:17,FINAL,v1,LR,B,final,por_ticker,META,,"{""penalty"": ""l2"", ""C"": 0.00016491236228800314, ""class_weight"": ""balanced"", ""escalador"": ""robust""}","[42, 1, 7, 2024, 100]",1509,252,248,0.3008,0.3008,0.0,0.3634,0.3634,0.0,0.3056,0.5286,0.256,-0.1058,0.4444,0.9723,-0.2263,29.0,52.8,18.1,[],0.2,True,config congelada de V3
2026-08-15 00:58:00,FINAL,v1,XGBoost,B,final,global,GLOBAL,,"{""n_estimators"": 485, ""max_depth"": 9, ""learning_rate"": 0.073686514801497, ""subsample"": 0.9716588679987582, ""colsample_bytree"": 0.9344371907011841, ""min_child_weight"": 2, ""gamma"": 0.034828439862122, ""reg_alpha"": 1.697838781005609, ""reg_lambda"": 5.226243589741432, ""escalador"": ""standard""}","[42, 1, 7, 2024, 100]",10563,1764,1736,0.3485,0.3559,0.0047,0.3591,0.3554,0.0046,0.3236,0.3978,0.3559,0.462,0.4908,1.1111,-0.4985,26.9,31.1,42.0,[],103.0,True,config congelada de V3
2026-08-15 00:58:35,FINAL,v1,XGBoost,B,final,por_ticker,AAPL,,"{""n_estimators"": 485, ""max_depth"": 9, ""learning_rate"": 0.073686514801497, ""subsample"": 0.9716588679987582, ""colsample_bytree"": 0.9344371907011841, ""min_child_weight"": 2, ""gamma"": 0.034828439862122, ""reg_alpha"": 1.697838781005609, ""reg_lambda"": 5.226243589741432, ""escalador"": ""standard""}","[42, 1, 7, 2024, 100]",1509,252,248,0.3688,0.3739,0.004,0.3321,0.3251,0.011,0.2597,0.4372,0.2992,-0.2441,0.5035,0.9356,-0.3104,36.3,43.1,20.6,[],35.2,True,config congelada de V3
2026-08-15 00:59:10,FINAL,v1,XGBoost,B,final,por_ticker,NVDA,,"{""n_estimators"": 485, ""max_depth"": 9, ""learning_rate"": 0.073686514801497, ""subsample"": 0.9716588679987582, ""colsample_bytree"": 0.9344371907011841, ""min_child_weight"": 2, ""gamma"": 0.034828439862122, ""reg_alpha"": 1.697838781005609, ""reg_lambda"": 5.226243589741432, ""escalador"": ""standard""}","[42, 1, 7, 2024, 100]",1509,252,248,0.3671,0.3745,0.0067,0.3568,0.3679,0.0188,0.3115,0.4021,0.3568,1.147,0.5281,1.2684,-0.4127,21.8,28.2,50.0,[],35.0,True,config congelada de V3
2026-08-15 00:59:45,FINAL,v1,XGBoost,B,final,por_ticker,TSLA,,"{""n_estimators"": 485, ""max_depth"": 9, ""learning_rate"": 0.073686514801497, ""subsample"": 0.9716588679987582, ""colsample_bytree"": 0.9344371907011841, ""min_child_weight"": 2, ""gamma"": 0.034828439862122, ""reg_alpha"": 1.697838781005609, ""reg_lambda"": 5.226243589741432, ""escalador"": ""standard""}","[42, 1, 7, 2024, 100]",1509,252,248,0.3132,0.3071,0.0146,0.4096,0.4005,0.0171,0.3885,0.507,0.3333,0.5865,0.5524,1.1409,-0.258,28.2,42.3,29.4,[],34.9,True,config congelada de V3
2026-08-15 01:00:20,FINAL,v1,XGBoost,B,final,por_ticker,AMZN,,"{""n_estimators"": 485, ""max_depth"": 9, ""learning_rate"": 0.073686514801497, ""subsample"": 0.9716588679987582, ""colsample_bytree"": 0.9344371907011841, ""min_child_weight"": 2, ""gamma"": 0.034828439862122, ""reg_alpha"": 1.697838781005609, ""reg_lambda"": 5.226243589741432, ""escalador"": ""standard""}","[42, 1, 7, 2024, 100]",1509,252,248,0.3713,0.3898,0.0071,0.3515,0.3554,0.0093,0.3358,0.4257,0.293,-0.18,0.5069,0.9578,-0.3091,26.2,41.9,31.9,[],35.1,True,config congelada de V3
2026-08-15 01:00:55,FINAL,v1,XGBoost,B,final,por_ticker,MSFT,,"{""n_estimators"": 485, ""max_depth"": 9, ""learning_rate"": 0.073686514801497, ""subsample"": 0.9716588679987582, ""colsample_bytree"": 0.9344371907011841, ""min_child_weight"": 2, ""gamma"": 0.034828439862122, ""reg_alpha"": 1.697838781005609, ""reg_lambda"": 5.226243589741432, ""escalador"": ""standard""}","[42, 1, 7, 2024, 100]",1509,252,248,0.3579,0.3585,0.0109,0.4016,0.4005,0.0159,0.3885,0.4641,0.3523,0.5708,0.5,1.1372,-0.2124,28.6,30.6,40.7,[],35.3,True,config congelada de V3
2026-08-15 01:01:30,FINAL,v1,XGBoost,B,final,por_ticker,GOOGL,,"{""n_estimators"": 485, ""max_depth"": 9, ""learning_rate"": 0.073686514801497, ""subsample"": 0.9716588679987582, ""colsample_bytree"": 0.9344371907011841, ""min_child_weight"": 2, ""gamma"": 0.034828439862122, ""reg_alpha"": 1.697838781005609, ""reg_lambda"": 5.226243589741432, ""escalador"": ""standard""}","[42, 1, 7, 2024, 100]",1509,252,248,0.3692,0.3731,0.0117,0.3565,0.3573,0.0116,0.383,0.4216,0.2649,-0.2693,0.507,0.9392,-0.2497,25.4,42.7,31.9,[],34.8,True,config congelada de V3
2026-08-15 01:02:05,FINAL,v1,XGBoost,B,final,por_ticker,META,,"{""n_estimators"": 485, ""max_depth"": 9, ""learning_rate"": 0.073686514801497, ""subsample"": 0.9716588679987582, ""colsample_bytree"": 0.9344371907011841, ""min_child_weight"": 2, ""gamma"": 0.034828439862122, ""reg_alpha"": 1.697838781005609, ""reg_lambda"": 5.226243589741432, ""escalador"": ""standard""}","[42, 1, 7, 2024, 100]",1509,252,248,0.3486,0.3462,0.0158,0.3349,0.3469,0.0059,0.3453,0.4,0.2593,0.3771,0.4362,1.0979,-0.2448,27.0,39.9,33.1,[],35.2,True,config congelada de V3
2026-08-15 01:03:46,FINAL,v1,LSTM,B,final,global,GLOBAL,10,"{""lookback"": 10, ""escalador"": ""robust"", ""clip"": 0.0, ""alineado"": true, ""arch"": ""lstm"", ""hidden"": 118, ""layers"": 2, ""dropout"": 0.43076719561956667, ""bidir"": false, ""pooling"": ""attn"", ""filtros"": [64, 128, 192], ""kernel"": 3, ""dilatacion"": 1, ""batchnorm"": true, ""fc_dim"": 128, ""pool_cnn"": ""gap_gmp"", ""epochs"": 100, ""patience"": 20, ""batch"": 64, ""lr"": 0.00015934275835801813, ""weight_decay"": 0.0007777647470212787, ""class_weight"": ""balanced"", ""scheduler"": ""plateau"", ""grad_clip"": 5.0, ""criterio"": ""val_loss"", ""loss"": ""focal"", ""label_smooth"": 0.0, ""focal_gamma"": 1.4326011305186719, ""refit_trainval"": false}","[42, 1, 7, 2024, 100]",10563,1764,1736,0.3402,0.3367,0.0147,0.3688,0.3535,0.0178,0.2903,0.4564,0.3598,-0.3451,0.4901,0.9225,-0.6758,18.1,35.8,46.0,"[7, 3, 7, 5, 3]",100.5,True,config congelada de V2
2026-08-15 01:04:01,FINAL,v1,LSTM,B,final,por_ticker,AAPL,10,"{""lookback"": 10, ""escalador"": ""robust"", ""clip"": 0.0, ""alineado"": true, ""arch"": ""lstm"", ""hidden"": 118, ""layers"": 2, ""dropout"": 0.43076719561956667, ""bidir"": false, ""pooling"": ""attn"", ""filtros"": [64, 128, 192], ""kernel"": 3, ""dilatacion"": 1, ""batchnorm"": true, ""fc_dim"": 128, ""pool_cnn"": ""gap_gmp"", ""epochs"": 100, ""patience"": 20, ""batch"": 64, ""lr"": 0.00015934275835801813, ""weight_decay"": 0.0007777647470212787, ""class_weight"": ""balanced"", ""scheduler"": ""plateau"", ""grad_clip"": 5.0, ""criterio"": ""val_loss"", ""loss"": ""focal"", ""label_smooth"": 0.0, ""focal_gamma"": 1.4326011305186719, ""refit_trainval"": false}","[42, 1, 7, 2024, 100]",1509,252,248,0.3158,0.3309,0.0192,0.3797,0.3483,0.039,0.3279,0.4526,0.3587,0.3121,0.512,1.0782,-0.2299,23.4,33.1,43.5,"[7, 9, 4, 6, 5]",15.4,True,config congelada de V2
2026-08-15 01:04:18,FINAL,v1,LSTM,B,final,por_ticker,NVDA,10,"{""lookback"": 10, ""escalador"": ""robust"", ""clip"": 0.0, ""alineado"": true, ""arch"": ""lstm"", ""hidden"": 118, ""layers"": 2, ""dropout"": 0.43076719561956667, ""bidir"": false, ""pooling"": ""attn"", ""filtros"": [64, 128, 192], ""kernel"": 3, ""dilatacion"": 1, ""batchnorm"": true, ""fc_dim"": 128, ""pool_cnn"": ""gap_gmp"", ""epochs"": 100, ""patience"": 20, ""batch"": 64, ""lr"": 0.00015934275835801813, ""weight_decay"": 0.0007777647470212787, ""class_weight"": ""balanced"", ""scheduler"": ""plateau"", ""grad_clip"": 5.0, ""criterio"": ""val_loss"", ""loss"": ""focal"", ""label_smooth"": 0.0, ""focal_gamma"": 1.4326011305186719, ""refit_trainval"": false}","[42, 1, 7, 2024, 100]",1509,252,248,0.2462,0.2452,0.054,0.2926,0.2513,0.0786,0.0,0.4898,0.3879,-0.605,0.4503,0.8778,-0.4735,0.0,31.0,69.0,"[1, 20, 16, 1, 2]",16.5,True,config congelada de V2
2026-08-15 01:04:36,FINAL,v1,LSTM,B,final,por_ticker,TSLA,10,"{""lookback"": 10, ""escalador"": ""robust"", ""clip"": 0.0, ""alineado"": true, ""arch"": ""lstm"", ""hidden"": 118, ""layers"": 2, ""dropout"": 0.43076719561956667, ""bidir"": false, ""pooling"": ""attn"", ""filtros"": [64, 128, 192], ""kernel"": 3, ""dilatacion"": 1, ""batchnorm"": true, ""fc_dim"": 128, ""pool_cnn"": ""gap_gmp"", ""epochs"": 100, ""patience"": 20, ""batch"": 64, ""lr"": 0.00015934275835801813, ""weight_decay"": 0.0007777647470212787, ""class_weight"": ""balanced"", ""scheduler"": ""plateau"", ""grad_clip"": 5.0, ""criterio"": ""val_loss"", ""loss"": ""focal"", ""label_smooth"": 0.0, ""focal_gamma"": 1.4326011305186719, ""refit_trainval"": false}","[42, 1, 7, 2024, 100]",1509,252,248,0.3068,0.3119,0.0288,0.38,0.342,0.0468,0.3281,0.3613,0.4507,1.7807,0.5572,1.4034,-0.23,23.8,19.0,57.3,"[21, 3, 15, 12, 2]",18.0,True,config congelada de V2
2026-08-15 01:04:53,FINAL,v1,LSTM,B,final,por_ticker,AMZN,10,"{""lookback"": 10, ""escalador"": ""robust"", ""clip"": 0.0, ""alineado"": true, ""arch"": ""lstm"", ""hidden"": 118, ""layers"": 2, ""dropout"": 0.43076719561956667, ""bidir"": false, ""pooling"": ""attn"", ""filtros"": [64, 128, 192], ""kernel"": 3, ""dilatacion"": 1, ""batchnorm"": true, ""fc_dim"": 128, ""pool_cnn"": ""gap_gmp"", ""epochs"": 100, ""patience"": 20, ""batch"": 64, ""lr"": 0.00015934275835801813, ""weight_decay"": 0.0007777647470212787, ""class_weight"": ""balanced"", ""scheduler"": ""plateau"", ""grad_clip"": 5.0, ""criterio"": ""val_loss"", ""loss"": ""focal"", ""label_smooth"": 0.0, ""focal_gamma"": 1.4326011305186719, ""refit_trainval"": false}","[42, 1, 7, 2024, 100]",1509,252,248,0.3955,0.3557,0.0224,0.4014,0.358,0.0213,0.3411,0.5234,0.3399,0.3668,0.5,1.0913,-0.2038,23.0,46.8,30.2,"[16, 8, 17, 2, 5]",17.5,True,config congelada de V2
2026-08-15 01:05:16,FINAL,v1,LSTM,B,final,por_ticker,MSFT,10,"{""lookback"": 10, ""escalador"": ""robust"", ""clip"": 0.0, ""alineado"": true, ""arch"": ""lstm"", ""hidden"": 118, ""layers"": 2, ""dropout"": 0.43076719561956667, ""bidir"": false, ""pooling"": ""attn"", ""filtros"": [64, 128, 192], ""kernel"": 3, ""dilatacion"": 1, ""batchnorm"": true, ""fc_dim"": 128, ""pool_cnn"": ""gap_gmp"", ""epochs"": 100, ""patience"": 20, ""batch"": 64, ""lr"": 0.00015934275835801813, ""weight_decay"": 0.0007777647470212787, ""class_weight"": ""balanced"", ""scheduler"": ""plateau"", ""grad_clip"": 5.0, ""criterio"": ""val_loss"", ""loss"": ""focal"", ""label_smooth"": 0.0, ""focal_gamma"": 1.4326011305186719, ""refit_trainval"": false}","[42, 1, 7, 2024, 100]",1509,252,248,0.3502,0.3683,0.013,0.293,0.299,0.0158,0.1923,0.479,0.2078,-1.5119,0.3739,0.6456,-0.272,14.5,53.6,31.9,"[25, 9, 19, 30, 8]",22.4,True,config congelada de V2
2026-08-15 01:05:30,FINAL,v1,LSTM,B,final,por_ticker,GOOGL,10,"{""lookback"": 10, ""escalador"": ""robust"", ""clip"": 0.0, ""alineado"": true, ""arch"": ""lstm"", ""hidden"": 118, ""layers"": 2, ""dropout"": 0.43076719561956667, ""bidir"": false, ""pooling"": ""attn"", ""filtros"": [64, 128, 192], ""kernel"": 3, ""dilatacion"": 1, ""batchnorm"": true, ""fc_dim"": 128, ""pool_cnn"": ""gap_gmp"", ""epochs"": 100, ""patience"": 20, ""batch"": 64, ""lr"": 0.00015934275835801813, ""weight_decay"": 0.0007777647470212787, ""class_weight"": ""balanced"", ""scheduler"": ""plateau"", ""grad_clip"": 5.0, ""criterio"": ""val_loss"", ""loss"": ""focal"", ""label_smooth"": 0.0, ""focal_gamma"": 1.4326011305186719, ""refit_trainval"": false}","[42, 1, 7, 2024, 100]",1509,252,248,0.3767,0.3437,0.0403,0.3379,0.3367,0.0114,0.3378,0.4615,0.2143,-0.8695,0.4783,0.8214,-0.2343,28.2,44.4,27.4,"[2, 2, 11, 2, 1]",13.9,True,config congelada de V2
2026-08-15 01:05:44,FINAL,v1,LSTM,B,final,por_ticker,META,10,"{""lookback"": 10, ""escalador"": ""robust"", ""clip"": 0.0, ""alineado"": true, ""arch"": ""lstm"", ""hidden"": 118, ""layers"": 2, ""dropout"": 0.43076719561956667, ""bidir"": false, ""pooling"": ""attn"", ""filtros"": [64, 128, 192], ""kernel"": 3, ""dilatacion"": 1, ""batchnorm"": true, ""fc_dim"": 128, ""pool_cnn"": ""gap_gmp"", ""epochs"": 100, ""patience"": 20, ""batch"": 64, ""lr"": 0.00015934275835801813, ""weight_decay"": 0.0007777647470212787, ""class_weight"": ""balanced"", ""scheduler"": ""plateau"", ""grad_clip"": 5.0, ""criterio"": ""val_loss"", ""loss"": ""focal"", ""label_smooth"": 0.0, ""focal_gamma"": 1.4326011305186719, ""refit_trainval"": false}","[42, 1, 7, 2024, 100]",1509,252,248,0.2998,0.3281,0.0263,0.2396,0.2641,0.0385,0.0519,0.2388,0.4281,-0.7842,0.4429,0.8534,-0.3884,2.0,15.3,82.7,"[2, 2, 11, 6, 3]",14.7,True,config congelada de V2
2026-08-15 01:07:42,FINAL,v1,CNN,B,final,global,GLOBAL,10,"{""lookback"": 10, ""escalador"": ""robust"", ""clip"": 0.0, ""alineado"": true, ""arch"": ""cnn"", ""hidden"": 128, ""layers"": 2, ""dropout"": 0.1576717004659018, ""bidir"": true, ""pooling"": ""last"", ""filtros"": [50, 100], ""kernel"": 7, ""dilatacion"": 1, ""batchnorm"": false, ""fc_dim"": 101, ""pool_cnn"": ""gap"", ""epochs"": 100, ""patience"": 20, ""batch"": 128, ""lr"": 1.2120246019447426e-05, ""weight_decay"": 0.05598223252076369, ""class_weight"": ""balanced"", ""scheduler"": ""plateau"", ""grad_clip"": 0.5, ""criterio"": ""val_f1_ma3"", ""loss"": ""focal"", ""label_smooth"": 0.0, ""focal_gamma"": 2.480189988405459, ""refit_trainval"": false}","[42, 1, 7, 2024, 100]",10563,1764,1736,0.3349,0.3337,0.0183,0.359,0.3498,0.0126,0.2523,0.452,0.3727,-0.4592,0.4842,0.9001,-0.725,15.6,34.6,49.9,"[36, 27, 79, 28, 34]",117.4,True,config congelada de V2
2026-08-15 01:07:48,FINAL,v1,CNN,B,final,por_ticker,AAPL,10,"{""lookback"": 10, ""escalador"": ""robust"", ""clip"": 0.0, ""alineado"": true, ""arch"": ""cnn"", ""hidden"": 128, ""layers"": 2, ""dropout"": 0.1576717004659018, ""bidir"": true, ""pooling"": ""last"", ""filtros"": [50, 100], ""kernel"": 7, ""dilatacion"": 1, ""batchnorm"": false, ""fc_dim"": 101, ""pool_cnn"": ""gap"", ""epochs"": 100, ""patience"": 20, ""batch"": 128, ""lr"": 1.2120246019447426e-05, ""weight_decay"": 0.05598223252076369, ""class_weight"": ""balanced"", ""scheduler"": ""plateau"", ""grad_clip"": 0.5, ""criterio"": ""val_f1_ma3"", ""loss"": ""focal"", ""label_smooth"": 0.0, ""focal_gamma"": 2.480189988405459, ""refit_trainval"": false}","[42, 1, 7, 2024, 100]",1509,252,248,0.1497,0.2356,0.076,0.1932,0.2369,0.0913,0.1111,0.0,0.4684,-0.1661,0.4798,0.9673,-0.3592,3.2,0.0,96.8,"[1, 2, 1, 10, 1]",6.8,True,config congelada de V2
2026-08-15 01:08:00,FINAL,v1,CNN,B,final,por_ticker,NVDA,10,"{""lookback"": 10, ""escalador"": ""robust"", ""clip"": 0.0, ""alineado"": true, ""arch"": ""cnn"", ""hidden"": 128, ""layers"": 2, ""dropout"": 0.1576717004659018, ""bidir"": true, ""pooling"": ""last"", ""filtros"": [50, 100], ""kernel"": 7, ""dilatacion"": 1, ""batchnorm"": false, ""fc_dim"": 101, ""pool_cnn"": ""gap"", ""epochs"": 100, ""patience"": 20, ""batch"": 128, ""lr"": 1.2120246019447426e-05, ""weight_decay"": 0.05598223252076369, ""class_weight"": ""balanced"", ""scheduler"": ""plateau"", ""grad_clip"": 0.5, ""criterio"": ""val_f1_ma3"", ""loss"": ""focal"", ""label_smooth"": 0.0, ""focal_gamma"": 2.480189988405459, ""refit_trainval"": false}","[42, 1, 7, 2024, 100]",1509,252,248,0.1844,0.2644,0.0533,0.1435,0.2137,0.0368,0.4304,0.0,0.0,0.6214,0.5363,1.1194,-0.3688,100.0,0.0,0.0,"[1, 1, 30, 13, 55]",11.8,True,config congelada de V2
2026-08-15 01:08:08,FINAL,v1,CNN,B,final,por_ticker,TSLA,10,"{""lookback"": 10, ""escalador"": ""robust"", ""clip"": 0.0, ""alineado"": true, ""arch"": ""cnn"", ""hidden"": 128, ""layers"": 2, ""dropout"": 0.1576717004659018, ""bidir"": true, ""pooling"": ""last"", ""filtros"": [50, 100], ""kernel"": 7, ""dilatacion"": 1, ""batchnorm"": false, ""fc_dim"": 101, ""pool_cnn"": ""gap"", ""epochs"": 100, ""patience"": 20, ""batch"": 128, ""lr"": 1.2120246019447426e-05, ""weight_decay"": 0.05598223252076369, ""class_weight"": ""balanced"", ""scheduler"": ""plateau"", ""grad_clip"": 0.5, ""criterio"": ""val_f1_ma3"", ""loss"": ""focal"", ""label_smooth"": 0.0, ""focal_gamma"": 2.480189988405459, ""refit_trainval"": false}","[42, 1, 7, 2024, 100]",1509,252,248,0.1675,0.2437,0.0811,0.1806,0.2352,0.0795,0.0988,0.0,0.443,0.0691,0.5081,1.0119,-0.4435,4.8,0.0,95.2,"[1, 5, 1, 22, 1]",7.5,True,config congelada de V2
2026-08-15 01:08:17,FINAL,v1,CNN,B,final,por_ticker,AMZN,10,"{""lookback"": 10, ""escalador"": ""robust"", ""clip"": 0.0, ""alineado"": true, ""arch"": ""cnn"", ""hidden"": 128, ""layers"": 2, ""dropout"": 0.1576717004659018, ""bidir"": true, ""pooling"": ""last"", ""filtros"": [50, 100], ""kernel"": 7, ""dilatacion"": 1, ""batchnorm"": false, ""fc_dim"": 101, ""pool_cnn"": ""gap"", ""epochs"": 100, ""patience"": 20, ""batch"": 128, ""lr"": 1.2120246019447426e-05, ""weight_decay"": 0.05598223252076369, ""class_weight"": ""balanced"", ""scheduler"": ""plateau"", ""grad_clip"": 0.5, ""criterio"": ""val_f1_ma3"", ""loss"": ""focal"", ""label_smooth"": 0.0, ""focal_gamma"": 2.480189988405459, ""refit_trainval"": false}","[42, 1, 7, 2024, 100]",1509,252,248,0.2918,0.2496,0.0965,0.2208,0.2356,0.0513,0.4477,0.0,0.2149,-0.3899,0.5161,0.9319,-0.3359,82.7,0.0,17.3,"[1, 5, 1, 16, 40]",9.3,True,config congelada de V2
2026-08-15 01:08:29,FINAL,v1,CNN,B,final,por_ticker,MSFT,10,"{""lookback"": 10, ""escalador"": ""robust"", ""clip"": 0.0, ""alineado"": true, ""arch"": ""cnn"", ""hidden"": 128, ""layers"": 2, ""dropout"": 0.1576717004659018, ""bidir"": true, ""pooling"": ""last"", ""filtros"": [50, 100], ""kernel"": 7, ""dilatacion"": 1, ""batchnorm"": false, ""fc_dim"": 101, ""pool_cnn"": ""gap"", ""epochs"": 100, ""patience"": 20, ""batch"": 128, ""lr"": 1.2120246019447426e-05, ""weight_decay"": 0.05598223252076369, ""class_weight"": ""balanced"", ""scheduler"": ""plateau"", ""grad_clip"": 0.5, ""criterio"": ""val_f1_ma3"", ""loss"": ""focal"", ""label_smooth"": 0.0, ""focal_gamma"": 2.480189988405459, ""refit_trainval"": false}","[42, 1, 7, 2024, 100]",1509,252,248,0.2409,0.2419,0.0673,0.1817,0.2563,0.0816,0.4073,0.0,0.1379,-0.2827,0.4758,0.9478,-0.2056,83.5,0.0,16.5,"[1, 2, 51, 15, 32]",11.5,True,config congelada de V2
2026-08-15 01:08:39,FINAL,v1,CNN,B,final,por_ticker,GOOGL,10,"{""lookback"": 10, ""escalador"": ""robust"", ""clip"": 0.0, ""alineado"": true, ""arch"": ""cnn"", ""hidden"": 128, ""layers"": 2, ""dropout"": 0.1576717004659018, ""bidir"": true, ""pooling"": ""last"", ""filtros"": [50, 100], ""kernel"": 7, ""dilatacion"": 1, ""batchnorm"": false, ""fc_dim"": 101, ""pool_cnn"": ""gap"", ""epochs"": 100, ""patience"": 20, ""batch"": 128, ""lr"": 1.2120246019447426e-05, ""weight_decay"": 0.05598223252076369, ""class_weight"": ""balanced"", ""scheduler"": ""plateau"", ""grad_clip"": 0.5, ""criterio"": ""val_f1_ma3"", ""loss"": ""focal"", ""label_smooth"": 0.0, ""focal_gamma"": 2.480189988405459, ""refit_trainval"": false}","[42, 1, 7, 2024, 100]",1509,252,248,0.2961,0.257,0.071,0.333,0.2742,0.0689,0.5085,0.4485,0.0421,0.4426,0.5083,1.0906,-0.2981,63.7,27.0,9.3,"[1, 4, 2, 23, 51]",10.5,True,config congelada de V2
2026-08-15 01:08:48,FINAL,v1,CNN,B,final,por_ticker,META,10,"{""lookback"": 10, ""escalador"": ""robust"", ""clip"": 0.0, ""alineado"": true, ""arch"": ""cnn"", ""hidden"": 128, ""layers"": 2, ""dropout"": 0.1576717004659018, ""bidir"": true, ""pooling"": ""last"", ""filtros"": [50, 100], ""kernel"": 7, ""dilatacion"": 1, ""batchnorm"": false, ""fc_dim"": 101, ""pool_cnn"": ""gap"", ""epochs"": 100, ""patience"": 20, ""batch"": 128, ""lr"": 1.2120246019447426e-05, ""weight_decay"": 0.05598223252076369, ""class_weight"": ""balanced"", ""scheduler"": ""plateau"", ""grad_clip"": 0.5, ""criterio"": ""val_f1_ma3"", ""loss"": ""focal"", ""label_smooth"": 0.0, ""focal_gamma"": 2.480189988405459, ""refit_trainval"": false}","[42, 1, 7, 2024, 100]",1509,252,248,0.2173,0.2414,0.0782,0.1714,0.2659,0.074,0.4161,0.0,0.098,-0.4953,0.4839,0.9113,-0.3782,91.1,0.0,8.9,"[1, 2, 2, 13, 35]",8.7,True,config congelada de V2
2026-08-15 01:09:49,FINAL,v1,CNN-LSTM,B,final,global,GLOBAL,20,"{""lookback"": 20, ""escalador"": ""robust"", ""clip"": 0.0, ""alineado"": true, ""arch"": ""cnn_lstm"", ""hidden"": 136, ""layers"": 1, ""dropout"": 0.42249595653190186, ""bidir"": false, ""pooling"": ""last"", ""filtros"": [77, 154], ""kernel"": 7, ""dilatacion"": 1, ""batchnorm"": true, ""fc_dim"": 128, ""pool_cnn"": ""gap_gmp"", ""epochs"": 100, ""patience"": 20, ""batch"": 128, ""lr"": 0.0004397620359576416, ""weight_decay"": 0.018214698953737334, ""class_weight"": ""balanced"", ""scheduler"": ""none"", ""grad_clip"": 5.0, ""criterio"": ""val_loss"", ""loss"": ""focal"", ""label_smooth"": 0.0, ""focal_gamma"": 2.007025567677695, ""refit_trainval"": false}","[42, 1, 7, 2024, 100]",10563,1764,1736,0.3656,0.3291,0.0343,0.3723,0.3339,0.042,0.3477,0.4897,0.2794,-0.0739,0.4844,0.9824,-0.6213,33.0,39.2,27.8,"[1, 4, 1, 2, 2]",61.0,True,config congelada de V2
2026-08-15 01:09:59,FINAL,v1,CNN-LSTM,B,final,por_ticker,AAPL,20,"{""lookback"": 20, ""escalador"": ""robust"", ""clip"": 0.0, ""alineado"": true, ""arch"": ""cnn_lstm"", ""hidden"": 136, ""layers"": 1, ""dropout"": 0.42249595653190186, ""bidir"": false, ""pooling"": ""last"", ""filtros"": [77, 154], ""kernel"": 7, ""dilatacion"": 1, ""batchnorm"": true, ""fc_dim"": 128, ""pool_cnn"": ""gap_gmp"", ""epochs"": 100, ""patience"": 20, ""batch"": 128, ""lr"": 0.0004397620359576416, ""weight_decay"": 0.018214698953737334, ""class_weight"": ""balanced"", ""scheduler"": ""none"", ""grad_clip"": 5.0, ""criterio"": ""val_loss"", ""loss"": ""focal"", ""label_smooth"": 0.0, ""focal_gamma"": 2.007025567677695, ""refit_trainval"": false}","[42, 1, 7, 2024, 100]",1509,252,248,0.317,0.3146,0.02,0.3639,0.3297,0.0464,0.3922,0.3953,0.3041,-0.0219,0.5054,0.9949,-0.2487,35.9,25.8,38.3,"[7, 3, 5, 3, 7]",10.3,True,config congelada de V2
2026-08-15 01:10:09,FINAL,v1,CNN-LSTM,B,final,por_ticker,NVDA,20,"{""lookback"": 20, ""escalador"": ""robust"", ""clip"": 0.0, ""alineado"": true, ""arch"": ""cnn_lstm"", ""hidden"": 136, ""layers"": 1, ""dropout"": 0.42249595653190186, ""bidir"": false, ""pooling"": ""last"", ""filtros"": [77, 154], ""kernel"": 7, ""dilatacion"": 1, ""batchnorm"": true, ""fc_dim"": 128, ""pool_cnn"": ""gap_gmp"", ""epochs"": 100, ""patience"": 20, ""batch"": 128, ""lr"": 0.0004397620359576416, ""weight_decay"": 0.018214698953737334, ""class_weight"": ""balanced"", ""scheduler"": ""none"", ""grad_clip"": 5.0, ""criterio"": ""val_loss"", ""loss"": ""focal"", ""label_smooth"": 0.0, ""focal_gamma"": 2.007025567677695, ""refit_trainval"": false}","[42, 1, 7, 2024, 100]",1509,252,248,0.2791,0.2961,0.0569,0.2608,0.3027,0.0742,0.1556,0.2192,0.4077,0.5402,0.4932,1.1098,-0.4144,8.9,10.9,80.2,"[6, 5, 3, 4, 6]",10.0,True,config congelada de V2
2026-08-15 01:10:20,FINAL,v1,CNN-LSTM,B,final,por_ticker,TSLA,20,"{""lookback"": 20, ""escalador"": ""robust"", ""clip"": 0.0, ""alineado"": true, ""arch"": ""cnn_lstm"", ""hidden"": 136, ""layers"": 1, ""dropout"": 0.42249595653190186, ""bidir"": false, ""pooling"": ""last"", ""filtros"": [77, 154], ""kernel"": 7, ""dilatacion"": 1, ""batchnorm"": true, ""fc_dim"": 128, ""pool_cnn"": ""gap_gmp"", ""epochs"": 100, ""patience"": 20, ""batch"": 128, ""lr"": 0.0004397620359576416, ""weight_decay"": 0.018214698953737334, ""class_weight"": ""balanced"", ""scheduler"": ""none"", ""grad_clip"": 5.0, ""criterio"": ""val_loss"", ""loss"": ""focal"", ""label_smooth"": 0.0, ""focal_gamma"": 2.007025567677695, ""refit_trainval"": false}","[42, 1, 7, 2024, 100]",1509,252,248,0.2915,0.297,0.036,0.3325,0.3281,0.0455,0.2791,0.3077,0.4107,-0.0219,0.507,0.996,-0.3558,24.2,14.1,61.7,"[7, 3, 7, 6, 9]",10.8,True,config congelada de V2
2026-08-15 01:10:31,FINAL,v1,CNN-LSTM,B,final,por_ticker,AMZN,20,"{""lookback"": 20, ""escalador"": ""robust"", ""clip"": 0.0, ""alineado"": true, ""arch"": ""cnn_lstm"", ""hidden"": 136, ""layers"": 1, ""dropout"": 0.42249595653190186, ""bidir"": false, ""pooling"": ""last"", ""filtros"": [77, 154], ""kernel"": 7, ""dilatacion"": 1, ""batchnorm"": true, ""fc_dim"": 128, ""pool_cnn"": ""gap_gmp"", ""epochs"": 100, ""patience"": 20, ""batch"": 128, ""lr"": 0.0004397620359576416, ""weight_decay"": 0.018214698953737334, ""class_weight"": ""balanced"", ""scheduler"": ""none"", ""grad_clip"": 5.0, ""criterio"": ""val_loss"", ""loss"": ""focal"", ""label_smooth"": 0.0, ""focal_gamma"": 2.007025567677695, ""refit_trainval"": false}","[42, 1, 7, 2024, 100]",1509,252,248,0.4185,0.3939,0.0257,0.4057,0.3823,0.0157,0.3538,0.4828,0.3804,1.3684,0.5524,1.3699,-0.1068,23.4,42.3,34.3,"[7, 7, 11, 4, 9]",11.2,True,config congelada de V2
2026-08-15 01:10:41,FINAL,v1,CNN-LSTM,B,final,por_ticker,MSFT,20,"{""lookback"": 20, ""escalador"": ""robust"", ""clip"": 0.0, ""alineado"": true, ""arch"": ""cnn_lstm"", ""hidden"": 136, ""layers"": 1, ""dropout"": 0.42249595653190186, ""bidir"": false, ""pooling"": ""last"", ""filtros"": [77, 154], ""kernel"": 7, ""dilatacion"": 1, ""batchnorm"": true, ""fc_dim"": 128, ""pool_cnn"": ""gap_gmp"", ""epochs"": 100, ""patience"": 20, ""batch"": 128, ""lr"": 0.0004397620359576416, ""weight_decay"": 0.018214698953737334, ""class_weight"": ""balanced"", ""scheduler"": ""none"", ""grad_clip"": 5.0, ""criterio"": ""val_loss"", ""loss"": ""focal"", ""label_smooth"": 0.0, ""focal_gamma"": 2.007025567677695, ""refit_trainval"": false}","[42, 1, 7, 2024, 100]",1509,252,248,0.3346,0.3203,0.0263,0.3305,0.3388,0.0294,0.2314,0.4554,0.3046,-0.3876,0.4651,0.9013,-0.2353,21.4,48.0,30.6,"[5, 6, 4, 5, 7]",10.2,True,config congelada de V2
2026-08-15 01:10:52,FINAL,v1,CNN-LSTM,B,final,por_ticker,GOOGL,20,"{""lookback"": 20, ""escalador"": ""robust"", ""clip"": 0.0, ""alineado"": true, ""arch"": ""cnn_lstm"", ""hidden"": 136, ""layers"": 1, ""dropout"": 0.42249595653190186, ""bidir"": false, ""pooling"": ""last"", ""filtros"": [77, 154], ""kernel"": 7, ""dilatacion"": 1, ""batchnorm"": true, ""fc_dim"": 128, ""pool_cnn"": ""gap_gmp"", ""epochs"": 100, ""patience"": 20, ""batch"": 128, ""lr"": 0.0004397620359576416, ""weight_decay"": 0.018214698953737334, ""class_weight"": ""balanced"", ""scheduler"": ""none"", ""grad_clip"": 5.0, ""criterio"": ""val_loss"", ""loss"": ""focal"", ""label_smooth"": 0.0, ""focal_gamma"": 2.007025567677695, ""refit_trainval"": false}","[42, 1, 7, 2024, 100]",1509,252,248,0.358,0.3466,0.0162,0.3815,0.3817,0.0072,0.3485,0.568,0.2281,0.0999,0.5521,1.0267,-0.1818,21.8,61.3,16.9,"[7, 5, 6, 4, 7]",10.5,True,config congelada de V2
2026-08-15 01:11:02,FINAL,v1,CNN-LSTM,B,final,por_ticker,META,20,"{""lookback"": 20, ""escalador"": ""robust"", ""clip"": 0.0, ""alineado"": true, ""arch"": ""cnn_lstm"", ""hidden"": 136, ""layers"": 1, ""dropout"": 0.42249595653190186, ""bidir"": false, ""pooling"": ""last"", ""filtros"": [77, 154], ""kernel"": 7, ""dilatacion"": 1, ""batchnorm"": true, ""fc_dim"": 128, ""pool_cnn"": ""gap_gmp"", ""epochs"": 100, ""patience"": 20, ""batch"": 128, ""lr"": 0.0004397620359576416, ""weight_decay"": 0.018214698953737334, ""class_weight"": ""balanced"", ""scheduler"": ""none"", ""grad_clip"": 5.0, ""criterio"": ""val_loss"", ""loss"": ""focal"", ""label_smooth"": 0.0, ""focal_gamma"": 2.007025567677695, ""refit_trainval"": false}","[42, 1, 7, 2024, 100]",1509,252,248,0.33,0.3117,0.0285,0.3705,0.3405,0.0236,0.3776,0.32,0.4138,0.4431,0.4794,1.0989,-0.2459,28.6,21.8,49.6,"[6, 6, 3, 5, 3]",10.0,True,config congelada de V2
2026-08-15 01:11:49,FINAL,v1,LR,C,final,global,GLOBAL,,"{""penalty"": ""l2"", ""C"": 0.00016491236228800314, ""class_weight"": ""balanced"", ""escalador"": ""robust""}","[42, 1, 7, 2024, 100]",7042,1764,1736,0.3153,0.3153,0.0,0.4005,0.4005,0.0,0.31,0.5386,0.3528,0.9252,0.5293,1.2724,-0.4418,18.5,49.0,32.5,[],47.5,True,config congelada de V3
2026-08-15 01:11:58,FINAL,v1,LR,C,final,por_ticker,AAPL,,"{""penalty"": ""l2"", ""C"": 0.00016491236228800314, ""class_weight"": ""balanced"", ""escalador"": ""robust""}","[42, 1, 7, 2024, 100]",1006,252,248,0.2507,0.2507,0.0,0.3938,0.3938,0.0,0.3946,0.5887,0.198,0.6251,0.5741,1.1966,-0.2981,33.5,56.5,10.1,[],8.9,True,config congelada de V3
2026-08-15 01:11:58,FINAL,v1,LR,C,final,por_ticker,NVDA,,"{""penalty"": ""l2"", ""C"": 0.00016491236228800314, ""class_weight"": ""balanced"", ""escalador"": ""robust""}","[42, 1, 7, 2024, 100]",1006,252,248,0.3341,0.3341,0.0,0.404,0.404,0.0,0.2316,0.537,0.4432,1.9136,0.543,1.5621,-0.1755,10.9,39.1,50.0,[],0.2,True,config congelada de V3
2026-08-15 01:11:58,FINAL,v1,LR,C,final,por_ticker,TSLA,,"{""penalty"": ""l2"", ""C"": 0.00016491236228800314, ""class_weight"": ""balanced"", ""escalador"": ""robust""}","[42, 1, 7, 2024, 100]",1006,252,248,0.2753,0.2753,0.0,0.3621,0.3621,0.0,0.1667,0.5691,0.3506,-0.2424,0.4455,0.9385,-0.3941,10.9,55.6,33.5,[],0.2,True,config congelada de V3
2026-08-15 01:11:59,FINAL,v1,LR,C,final,por_ticker,AMZN,,"{""penalty"": ""l2"", ""C"": 0.00016491236228800314, ""class_weight"": ""balanced"", ""escalador"": ""robust""}","[42, 1, 7, 2024, 100]",1006,252,248,0.2682,0.2682,0.0,0.3827,0.3827,0.0,0.3676,0.5462,0.2342,0.4538,0.5464,1.1377,-0.2274,25.8,60.9,13.3,[],0.2,True,config congelada de V3
2026-08-15 01:11:59,FINAL,v1,LR,C,final,por_ticker,MSFT,,"{""penalty"": ""l2"", ""C"": 0.00016491236228800314, ""class_weight"": ""balanced"", ""escalador"": ""robust""}","[42, 1, 7, 2024, 100]",1006,252,248,0.2874,0.2874,0.0,0.3414,0.3414,0.0,0.3439,0.547,0.1333,-1.0248,0.4706,0.7594,-0.2539,35.9,52.0,12.1,[],0.2,True,config congelada de V3
2026-08-15 01:11:59,FINAL,v1,LR,C,final,por_ticker,GOOGL,,"{""penalty"": ""l2"", ""C"": 0.00016491236228800314, ""class_weight"": ""balanced"", ""escalador"": ""robust""}","[42, 1, 7, 2024, 100]",1006,252,248,0.3243,0.3243,0.0,0.3577,0.3577,0.0,0.3472,0.5865,0.1395,0.9151,0.525,1.3022,-0.1927,26.6,67.7,5.6,[],0.2,True,config congelada de V3
2026-08-15 01:11:59,FINAL,v1,LR,C,final,por_ticker,META,,"{""penalty"": ""l2"", ""C"": 0.00016491236228800314, ""class_weight"": ""balanced"", ""escalador"": ""robust""}","[42, 1, 7, 2024, 100]",1006,252,248,0.3308,0.3308,0.0,0.4,0.4,0.0,0.3088,0.5096,0.3816,0.928,0.4926,1.2583,-0.1925,25.8,45.2,29.0,[],0.2,True,config congelada de V3
2026-08-15 01:13:21,FINAL,v1,XGBoost,C,final,global,GLOBAL,,"{""n_estimators"": 485, ""max_depth"": 9, ""learning_rate"": 0.073686514801497, ""subsample"": 0.9716588679987582, ""colsample_bytree"": 0.9344371907011841, ""min_child_weight"": 2, ""gamma"": 0.034828439862122, ""reg_alpha"": 1.697838781005609, ""reg_lambda"": 5.226243589741432, ""escalador"": ""standard""}","[42, 1, 7, 2024, 100]",7042,1764,1736,0.3548,0.3585,0.0048,0.3617,0.3598,0.007,0.3362,0.3895,0.3595,0.619,0.4913,1.1529,-0.5344,26.2,30.6,43.2,[],81.8,True,config congelada de V3
2026-08-15 01:13:50,FINAL,v1,XGBoost,C,final,por_ticker,AAPL,,"{""n_estimators"": 485, ""max_depth"": 9, ""learning_rate"": 0.073686514801497, ""subsample"": 0.9716588679987582, ""colsample_bytree"": 0.9344371907011841, ""min_child_weight"": 2, ""gamma"": 0.034828439862122, ""reg_alpha"": 1.697838781005609, ""reg_lambda"": 5.226243589741432, ""escalador"": ""standard""}","[42, 1, 7, 2024, 100]",1006,252,248,0.367,0.3647,0.0158,0.3405,0.3195,0.0037,0.3026,0.4112,0.3077,1.0037,0.5704,1.3159,-0.1693,35.5,42.7,21.8,[],29.2,True,config congelada de V3
2026-08-15 01:14:20,FINAL,v1,XGBoost,C,final,por_ticker,NVDA,,"{""n_estimators"": 485, ""max_depth"": 9, ""learning_rate"": 0.073686514801497, ""subsample"": 0.9716588679987582, ""colsample_bytree"": 0.9344371907011841, ""min_child_weight"": 2, ""gamma"": 0.034828439862122, ""reg_alpha"": 1.697838781005609, ""reg_lambda"": 5.226243589741432, ""escalador"": ""standard""}","[42, 1, 7, 2024, 100]",1006,252,248,0.3383,0.3456,0.0138,0.3395,0.3366,0.0068,0.2857,0.3958,0.3371,0.77,0.52,1.1739,-0.5532,23.4,29.4,47.2,[],29.4,True,config congelada de V3
2026-08-15 01:14:49,FINAL,v1,XGBoost,C,final,por_ticker,TSLA,,"{""n_estimators"": 485, ""max_depth"": 9, ""learning_rate"": 0.073686514801497, ""subsample"": 0.9716588679987582, ""colsample_bytree"": 0.9344371907011841, ""min_child_weight"": 2, ""gamma"": 0.034828439862122, ""reg_alpha"": 1.697838781005609, ""reg_lambda"": 5.226243589741432, ""escalador"": ""standard""}","[42, 1, 7, 2024, 100]",1006,252,248,0.3433,0.3187,0.0115,0.3535,0.358,0.0163,0.3841,0.4066,0.2699,-0.7942,0.4885,0.8546,-0.4257,33.1,29.8,37.1,[],29.6,True,config congelada de V3
2026-08-15 01:15:19,FINAL,v1,XGBoost,C,final,por_ticker,AMZN,,"{""n_estimators"": 485, ""max_depth"": 9, ""learning_rate"": 0.073686514801497, ""subsample"": 0.9716588679987582, ""colsample_bytree"": 0.9344371907011841, ""min_child_weight"": 2, ""gamma"": 0.034828439862122, ""reg_alpha"": 1.697838781005609, ""reg_lambda"": 5.226243589741432, ""escalador"": ""standard""}","[42, 1, 7, 2024, 100]",1006,252,248,0.3533,0.3463,0.0138,0.374,0.3849,0.0161,0.3803,0.4064,0.3353,1.0206,0.5283,1.2526,-0.2084,28.2,35.9,35.9,[],29.8,True,config congelada de V3
2026-08-15 01:15:49,FINAL,v1,XGBoost,C,final,por_ticker,MSFT,,"{""n_estimators"": 485, ""max_depth"": 9, ""learning_rate"": 0.073686514801497, ""subsample"": 0.9716588679987582, ""colsample_bytree"": 0.9344371907011841, ""min_child_weight"": 2, ""gamma"": 0.034828439862122, ""reg_alpha"": 1.697838781005609, ""reg_lambda"": 5.226243589741432, ""escalador"": ""standard""}","[42, 1, 7, 2024, 100]",1006,252,248,0.3107,0.3336,0.0171,0.3742,0.3774,0.0164,0.3307,0.4262,0.3656,-0.1676,0.4882,0.9625,-0.2701,23.8,31.5,44.8,[],29.5,True,config congelada de V3
2026-08-15 01:16:18,FINAL,v1,XGBoost,C,final,por_ticker,GOOGL,,"{""n_estimators"": 485, ""max_depth"": 9, ""learning_rate"": 0.073686514801497, ""subsample"": 0.9716588679987582, ""colsample_bytree"": 0.9344371907011841, ""min_child_weight"": 2, ""gamma"": 0.034828439862122, ""reg_alpha"": 1.697838781005609, ""reg_lambda"": 5.226243589741432, ""escalador"": ""standard""}","[42, 1, 7, 2024, 100]",1006,252,248,0.384,0.3821,0.0196,0.3474,0.3457,0.0165,0.3212,0.3936,0.3275,0.188,0.4937,1.0418,-0.2521,23.8,36.3,39.9,[],29.3,True,config congelada de V3
2026-08-15 01:16:48,FINAL,v1,XGBoost,C,final,por_ticker,META,,"{""n_estimators"": 485, ""max_depth"": 9, ""learning_rate"": 0.073686514801497, ""subsample"": 0.9716588679987582, ""colsample_bytree"": 0.9344371907011841, ""min_child_weight"": 2, ""gamma"": 0.034828439862122, ""reg_alpha"": 1.697838781005609, ""reg_lambda"": 5.226243589741432, ""escalador"": ""standard""}","[42, 1, 7, 2024, 100]",1006,252,248,0.3261,0.331,0.0155,0.324,0.3267,0.009,0.3425,0.381,0.2484,-0.1555,0.4,0.9628,-0.3403,29.8,37.5,32.7,[],30.1,True,config congelada de V3
2026-08-15 01:17:52,FINAL,v1,LSTM,C,final,global,GLOBAL,10,"{""lookback"": 10, ""escalador"": ""robust"", ""clip"": 0.0, ""alineado"": true, ""arch"": ""lstm"", ""hidden"": 118, ""layers"": 2, ""dropout"": 0.43076719561956667, ""bidir"": false, ""pooling"": ""attn"", ""filtros"": [64, 128, 192], ""kernel"": 3, ""dilatacion"": 1, ""batchnorm"": true, ""fc_dim"": 128, ""pool_cnn"": ""gap_gmp"", ""epochs"": 100, ""patience"": 20, ""batch"": 64, ""lr"": 0.00015934275835801813, ""weight_decay"": 0.0007777647470212787, ""class_weight"": ""balanced"", ""scheduler"": ""plateau"", ""grad_clip"": 5.0, ""criterio"": ""val_loss"", ""loss"": ""focal"", ""label_smooth"": 0.0, ""focal_gamma"": 1.4326011305186719, ""refit_trainval"": false}","[42, 1, 7, 2024, 100]",7042,1764,1736,0.3279,0.3251,0.0188,0.3166,0.311,0.0261,0.1627,0.3858,0.4012,-0.5577,0.477,0.8844,-0.8332,10.0,27.4,62.6,"[2, 2, 3, 6, 2]",64.1,True,config congelada de V2
2026-08-15 01:18:02,FINAL,v1,LSTM,C,final,por_ticker,AAPL,10,"{""lookback"": 10, ""escalador"": ""robust"", ""clip"": 0.0, ""alineado"": true, ""arch"": ""lstm"", ""hidden"": 118, ""layers"": 2, ""dropout"": 0.43076719561956667, ""bidir"": false, ""pooling"": ""attn"", ""filtros"": [64, 128, 192], ""kernel"": 3, ""dilatacion"": 1, ""batchnorm"": true, ""fc_dim"": 128, ""pool_cnn"": ""gap_gmp"", ""epochs"": 100, ""patience"": 20, ""batch"": 64, ""lr"": 0.00015934275835801813, ""weight_decay"": 0.0007777647470212787, ""class_weight"": ""balanced"", ""scheduler"": ""plateau"", ""grad_clip"": 5.0, ""criterio"": ""val_loss"", ""loss"": ""focal"", ""label_smooth"": 0.0, ""focal_gamma"": 1.4326011305186719, ""refit_trainval"": false}","[42, 1, 7, 2024, 100]",1006,252,248,0.3194,0.3107,0.0214,0.3288,0.3119,0.0182,0.3212,0.3205,0.3448,-1.1144,0.5,0.7789,-0.3471,29.4,19.4,51.2,"[3, 4, 5, 1, 3]",9.4,True,config congelada de V2
2026-08-15 01:18:10,FINAL,v1,LSTM,C,final,por_ticker,NVDA,10,"{""lookback"": 10, ""escalador"": ""robust"", ""clip"": 0.0, ""alineado"": true, ""arch"": ""lstm"", ""hidden"": 118, ""layers"": 2, ""dropout"": 0.43076719561956667, ""bidir"": false, ""pooling"": ""attn"", ""filtros"": [64, 128, 192], ""kernel"": 3, ""dilatacion"": 1, ""batchnorm"": true, ""fc_dim"": 128, ""pool_cnn"": ""gap_gmp"", ""epochs"": 100, ""patience"": 20, ""batch"": 64, ""lr"": 0.00015934275835801813, ""weight_decay"": 0.0007777647470212787, ""class_weight"": ""balanced"", ""scheduler"": ""plateau"", ""grad_clip"": 5.0, ""criterio"": ""val_loss"", ""loss"": ""focal"", ""label_smooth"": 0.0, ""focal_gamma"": 1.4326011305186719, ""refit_trainval"": false}","[42, 1, 7, 2024, 100]",1006,252,248,0.2063,0.2573,0.0543,0.1959,0.264,0.0952,0.0,0.1752,0.4124,-0.2601,0.4826,0.9522,-0.4553,0.0,7.3,92.7,"[1, 1, 1, 1, 1]",8.5,True,config congelada de V2
2026-08-15 01:18:20,FINAL,v1,LSTM,C,final,por_ticker,TSLA,10,"{""lookback"": 10, ""escalador"": ""robust"", ""clip"": 0.0, ""alineado"": true, ""arch"": ""lstm"", ""hidden"": 118, ""layers"": 2, ""dropout"": 0.43076719561956667, ""bidir"": false, ""pooling"": ""attn"", ""filtros"": [64, 128, 192], ""kernel"": 3, ""dilatacion"": 1, ""batchnorm"": true, ""fc_dim"": 128, ""pool_cnn"": ""gap_gmp"", ""epochs"": 100, ""patience"": 20, ""batch"": 64, ""lr"": 0.00015934275835801813, ""weight_decay"": 0.0007777647470212787, ""class_weight"": ""balanced"", ""scheduler"": ""plateau"", ""grad_clip"": 5.0, ""criterio"": ""val_loss"", ""loss"": ""focal"", ""label_smooth"": 0.0, ""focal_gamma"": 1.4326011305186719, ""refit_trainval"": false}","[42, 1, 7, 2024, 100]",1006,252,248,0.3425,0.323,0.0401,0.3424,0.3021,0.0482,0.2241,0.3356,0.4675,0.4901,0.5266,1.0958,-0.3594,19.0,16.5,64.5,"[21, 1, 1, 1, 1]",10.1,True,config congelada de V2
2026-08-15 01:18:31,FINAL,v1,LSTM,C,final,por_ticker,AMZN,10,"{""lookback"": 10, ""escalador"": ""robust"", ""clip"": 0.0, ""alineado"": true, ""arch"": ""lstm"", ""hidden"": 118, ""layers"": 2, ""dropout"": 0.43076719561956667, ""bidir"": false, ""pooling"": ""attn"", ""filtros"": [64, 128, 192], ""kernel"": 3, ""dilatacion"": 1, ""batchnorm"": true, ""fc_dim"": 128, ""pool_cnn"": ""gap_gmp"", ""epochs"": 100, ""patience"": 20, ""batch"": 64, ""lr"": 0.00015934275835801813, ""weight_decay"": 0.0007777647470212787, ""class_weight"": ""balanced"", ""scheduler"": ""plateau"", ""grad_clip"": 5.0, ""criterio"": ""val_loss"", ""loss"": ""focal"", ""label_smooth"": 0.0, ""focal_gamma"": 1.4326011305186719, ""refit_trainval"": false}","[42, 1, 7, 2024, 100]",1006,252,248,0.3889,0.3671,0.0271,0.3872,0.3421,0.0332,0.2617,0.5,0.4,0.1559,0.4859,1.0369,-0.3126,14.1,42.7,43.1,"[7, 11, 5, 1, 8]",10.9,True,config congelada de V2
2026-08-15 01:18:46,FINAL,v1,LSTM,C,final,por_ticker,MSFT,10,"{""lookback"": 10, ""escalador"": ""robust"", ""clip"": 0.0, ""alineado"": true, ""arch"": ""lstm"", ""hidden"": 118, ""layers"": 2, ""dropout"": 0.43076719561956667, ""bidir"": false, ""pooling"": ""attn"", ""filtros"": [64, 128, 192], ""kernel"": 3, ""dilatacion"": 1, ""batchnorm"": true, ""fc_dim"": 128, ""pool_cnn"": ""gap_gmp"", ""epochs"": 100, ""patience"": 20, ""batch"": 64, ""lr"": 0.00015934275835801813, ""weight_decay"": 0.0007777647470212787, ""class_weight"": ""balanced"", ""scheduler"": ""plateau"", ""grad_clip"": 5.0, ""criterio"": ""val_loss"", ""loss"": ""focal"", ""label_smooth"": 0.0, ""focal_gamma"": 1.4326011305186719, ""refit_trainval"": false}","[42, 1, 7, 2024, 100]",1006,252,248,0.3588,0.3153,0.0442,0.285,0.2845,0.0195,0.1947,0.4762,0.1842,-1.891,0.3852,0.592,-0.3148,18.1,50.8,31.0,"[12, 11, 21, 30, 6]",14.6,True,config congelada de V2
2026-08-15 01:18:54,FINAL,v1,LSTM,C,final,por_ticker,GOOGL,10,"{""lookback"": 10, ""escalador"": ""robust"", ""clip"": 0.0, ""alineado"": true, ""arch"": ""lstm"", ""hidden"": 118, ""layers"": 2, ""dropout"": 0.43076719561956667, ""bidir"": false, ""pooling"": ""attn"", ""filtros"": [64, 128, 192], ""kernel"": 3, ""dilatacion"": 1, ""batchnorm"": true, ""fc_dim"": 128, ""pool_cnn"": ""gap_gmp"", ""epochs"": 100, ""patience"": 20, ""batch"": 64, ""lr"": 0.00015934275835801813, ""weight_decay"": 0.0007777647470212787, ""class_weight"": ""balanced"", ""scheduler"": ""plateau"", ""grad_clip"": 5.0, ""criterio"": ""val_loss"", ""loss"": ""focal"", ""label_smooth"": 0.0, ""focal_gamma"": 1.4326011305186719, ""refit_trainval"": false}","[42, 1, 7, 2024, 100]",1006,252,248,0.3898,0.3514,0.0237,0.3053,0.3071,0.0568,0.2835,0.2721,0.3604,-1.6412,0.4623,0.7342,-0.377,19.8,19.8,60.5,"[1, 1, 1, 1, 2]",8.6,True,config congelada de V2
2026-08-15 01:19:04,FINAL,v1,LSTM,C,final,por_ticker,META,10,"{""lookback"": 10, ""escalador"": ""robust"", ""clip"": 0.0, ""alineado"": true, ""arch"": ""lstm"", ""hidden"": 118, ""layers"": 2, ""dropout"": 0.43076719561956667, ""bidir"": false, ""pooling"": ""attn"", ""filtros"": [64, 128, 192], ""kernel"": 3, ""dilatacion"": 1, ""batchnorm"": true, ""fc_dim"": 128, ""pool_cnn"": ""gap_gmp"", ""epochs"": 100, ""patience"": 20, ""batch"": 64, ""lr"": 0.00015934275835801813, ""weight_decay"": 0.0007777647470212787, ""class_weight"": ""balanced"", ""scheduler"": ""plateau"", ""grad_clip"": 5.0, ""criterio"": ""val_loss"", ""loss"": ""focal"", ""label_smooth"": 0.0, ""focal_gamma"": 1.4326011305186719, ""refit_trainval"": false}","[42, 1, 7, 2024, 100]",1006,252,248,0.2071,0.2877,0.0521,0.17,0.2269,0.0422,0.0,0.0206,0.4893,-0.2948,0.4737,0.9462,-0.3875,0.0,0.4,99.6,"[4, 3, 1, 9, 2]",9.7,True,config congelada de V2
2026-08-15 01:20:45,FINAL,v1,CNN,C,final,global,GLOBAL,10,"{""lookback"": 10, ""escalador"": ""robust"", ""clip"": 0.0, ""alineado"": true, ""arch"": ""cnn"", ""hidden"": 128, ""layers"": 2, ""dropout"": 0.1576717004659018, ""bidir"": true, ""pooling"": ""last"", ""filtros"": [50, 100], ""kernel"": 7, ""dilatacion"": 1, ""batchnorm"": false, ""fc_dim"": 101, ""pool_cnn"": ""gap"", ""epochs"": 100, ""patience"": 20, ""batch"": 128, ""lr"": 1.2120246019447426e-05, ""weight_decay"": 0.05598223252076369, ""class_weight"": ""balanced"", ""scheduler"": ""plateau"", ""grad_clip"": 0.5, ""criterio"": ""val_f1_ma3"", ""loss"": ""focal"", ""label_smooth"": 0.0, ""focal_gamma"": 2.480189988405459, ""refit_trainval"": false}","[42, 1, 7, 2024, 100]",7042,1764,1736,0.312,0.3154,0.0103,0.2944,0.3021,0.0181,0.2373,0.2446,0.4014,-0.4003,0.4788,0.9217,-0.8728,15.9,14.3,69.8,"[58, 32, 100, 30, 79]",101.1,True,config congelada de V2
2026-08-15 01:20:50,FINAL,v1,CNN,C,final,por_ticker,AAPL,10,"{""lookback"": 10, ""escalador"": ""robust"", ""clip"": 0.0, ""alineado"": true, ""arch"": ""cnn"", ""hidden"": 128, ""layers"": 2, ""dropout"": 0.1576717004659018, ""bidir"": true, ""pooling"": ""last"", ""filtros"": [50, 100], ""kernel"": 7, ""dilatacion"": 1, ""batchnorm"": false, ""fc_dim"": 101, ""pool_cnn"": ""gap"", ""epochs"": 100, ""patience"": 20, ""batch"": 128, ""lr"": 1.2120246019447426e-05, ""weight_decay"": 0.05598223252076369, ""class_weight"": ""balanced"", ""scheduler"": ""plateau"", ""grad_clip"": 0.5, ""criterio"": ""val_f1_ma3"", ""loss"": ""focal"", ""label_smooth"": 0.0, ""focal_gamma"": 2.480189988405459, ""refit_trainval"": false}","[42, 1, 7, 2024, 100]",1006,252,248,0.1481,0.2318,0.0686,0.1911,0.2348,0.0847,0.1039,0.0,0.4695,-0.2842,0.4919,0.9447,-0.3827,5.2,0.0,94.8,"[1, 2, 1, 13, 1]",4.8,True,config congelada de V2
2026-08-15 01:20:57,FINAL,v1,CNN,C,final,por_ticker,NVDA,10,"{""lookback"": 10, ""escalador"": ""robust"", ""clip"": 0.0, ""alineado"": true, ""arch"": ""cnn"", ""hidden"": 128, ""layers"": 2, ""dropout"": 0.1576717004659018, ""bidir"": true, ""pooling"": ""last"", ""filtros"": [50, 100], ""kernel"": 7, ""dilatacion"": 1, ""batchnorm"": false, ""fc_dim"": 101, ""pool_cnn"": ""gap"", ""epochs"": 100, ""patience"": 20, ""batch"": 128, ""lr"": 1.2120246019447426e-05, ""weight_decay"": 0.05598223252076369, ""class_weight"": ""balanced"", ""scheduler"": ""plateau"", ""grad_clip"": 0.5, ""criterio"": ""val_f1_ma3"", ""loss"": ""focal"", ""label_smooth"": 0.0, ""focal_gamma"": 2.480189988405459, ""refit_trainval"": false}","[42, 1, 7, 2024, 100]",1006,252,248,0.2212,0.2564,0.0542,0.1418,0.2257,0.0646,0.4254,0.0,0.0,0.4742,0.5323,1.0899,-0.4127,99.6,0.0,0.4,"[1, 2, 4, 13, 53]",6.9,True,config congelada de V2
2026-08-15 01:21:02,FINAL,v1,CNN,C,final,por_ticker,TSLA,10,"{""lookback"": 10, ""escalador"": ""robust"", ""clip"": 0.0, ""alineado"": true, ""arch"": ""cnn"", ""hidden"": 128, ""layers"": 2, ""dropout"": 0.1576717004659018, ""bidir"": true, ""pooling"": ""last"", ""filtros"": [50, 100], ""kernel"": 7, ""dilatacion"": 1, ""batchnorm"": false, ""fc_dim"": 101, ""pool_cnn"": ""gap"", ""epochs"": 100, ""patience"": 20, ""batch"": 128, ""lr"": 1.2120246019447426e-05, ""weight_decay"": 0.05598223252076369, ""class_weight"": ""balanced"", ""scheduler"": ""plateau"", ""grad_clip"": 0.5, ""criterio"": ""val_f1_ma3"", ""loss"": ""focal"", ""label_smooth"": 0.0, ""focal_gamma"": 2.480189988405459, ""refit_trainval"": false}","[42, 1, 7, 2024, 100]",1006,252,248,0.1627,0.2322,0.0689,0.1866,0.2246,0.0693,0.1176,0.0,0.4422,-0.1372,0.5,0.9767,-0.497,6.5,0.0,93.5,"[1, 5, 1, 21, 1]",5.2,True,config congelada de V2
2026-08-15 01:21:09,FINAL,v1,CNN,C,final,por_ticker,AMZN,10,"{""lookback"": 10, ""escalador"": ""robust"", ""clip"": 0.0, ""alineado"": true, ""arch"": ""cnn"", ""hidden"": 128, ""layers"": 2, ""dropout"": 0.1576717004659018, ""bidir"": true, ""pooling"": ""last"", ""filtros"": [50, 100], ""kernel"": 7, ""dilatacion"": 1, ""batchnorm"": false, ""fc_dim"": 101, ""pool_cnn"": ""gap"", ""epochs"": 100, ""patience"": 20, ""batch"": 128, ""lr"": 1.2120246019447426e-05, ""weight_decay"": 0.05598223252076369, ""class_weight"": ""balanced"", ""scheduler"": ""plateau"", ""grad_clip"": 0.5, ""criterio"": ""val_f1_ma3"", ""loss"": ""focal"", ""label_smooth"": 0.0, ""focal_gamma"": 2.480189988405459, ""refit_trainval"": false}","[42, 1, 7, 2024, 100]",1006,252,248,0.2588,0.2504,0.0976,0.2584,0.2324,0.0512,0.4333,0.0,0.3418,0.7195,0.5202,1.139,-0.2629,67.7,0.0,32.3,"[1, 4, 1, 27, 40]",6.9,True,config congelada de V2
2026-08-15 01:21:14,FINAL,v1,CNN,C,final,por_ticker,MSFT,10,"{""lookback"": 10, ""escalador"": ""robust"", ""clip"": 0.0, ""alineado"": true, ""arch"": ""cnn"", ""hidden"": 128, ""layers"": 2, ""dropout"": 0.1576717004659018, ""bidir"": true, ""pooling"": ""last"", ""filtros"": [50, 100], ""kernel"": 7, ""dilatacion"": 1, ""batchnorm"": false, ""fc_dim"": 101, ""pool_cnn"": ""gap"", ""epochs"": 100, ""patience"": 20, ""batch"": 128, ""lr"": 1.2120246019447426e-05, ""weight_decay"": 0.05598223252076369, ""class_weight"": ""balanced"", ""scheduler"": ""plateau"", ""grad_clip"": 0.5, ""criterio"": ""val_f1_ma3"", ""loss"": ""focal"", ""label_smooth"": 0.0, ""focal_gamma"": 2.480189988405459, ""refit_trainval"": false}","[42, 1, 7, 2024, 100]",1006,252,248,0.1529,0.2152,0.072,0.1548,0.2327,0.079,0.0,0.0,0.4644,-0.6747,0.4556,0.8798,-0.3482,0.0,0.0,100.0,"[1, 3, 1, 18, 1]",5.0,True,config congelada de V2
2026-08-15 01:21:19,FINAL,v1,CNN,C,final,por_ticker,GOOGL,10,"{""lookback"": 10, ""escalador"": ""robust"", ""clip"": 0.0, ""alineado"": true, ""arch"": ""cnn"", ""hidden"": 128, ""layers"": 2, ""dropout"": 0.1576717004659018, ""bidir"": true, ""pooling"": ""last"", ""filtros"": [50, 100], ""kernel"": 7, ""dilatacion"": 1, ""batchnorm"": false, ""fc_dim"": 101, ""pool_cnn"": ""gap"", ""epochs"": 100, ""patience"": 20, ""batch"": 128, ""lr"": 1.2120246019447426e-05, ""weight_decay"": 0.05598223252076369, ""class_weight"": ""balanced"", ""scheduler"": ""plateau"", ""grad_clip"": 0.5, ""criterio"": ""val_f1_ma3"", ""loss"": ""focal"", ""label_smooth"": 0.0, ""focal_gamma"": 2.480189988405459, ""refit_trainval"": false}","[42, 1, 7, 2024, 100]",1006,252,248,0.1545,0.2371,0.0791,0.1789,0.2462,0.0819,0.1165,0.0,0.4203,-1.6985,0.4315,0.7466,-0.5769,10.1,0.0,89.9,"[1, 1, 1, 30, 1]",5.4,True,config congelada de V2
2026-08-15 01:21:24,FINAL,v1,CNN,C,final,por_ticker,META,10,"{""lookback"": 10, ""escalador"": ""robust"", ""clip"": 0.0, ""alineado"": true, ""arch"": ""cnn"", ""hidden"": 128, ""layers"": 2, ""dropout"": 0.1576717004659018, ""bidir"": true, ""pooling"": ""last"", ""filtros"": [50, 100], ""kernel"": 7, ""dilatacion"": 1, ""batchnorm"": false, ""fc_dim"": 101, ""pool_cnn"": ""gap"", ""epochs"": 100, ""patience"": 20, ""batch"": 128, ""lr"": 1.2120246019447426e-05, ""weight_decay"": 0.05598223252076369, ""class_weight"": ""balanced"", ""scheduler"": ""plateau"", ""grad_clip"": 0.5, ""criterio"": ""val_f1_ma3"", ""loss"": ""focal"", ""label_smooth"": 0.0, ""focal_gamma"": 2.480189988405459, ""refit_trainval"": false}","[42, 1, 7, 2024, 100]",1006,252,248,0.1502,0.2365,0.082,0.2222,0.2476,0.0691,0.2,0.0,0.4667,-0.1749,0.4839,0.9677,-0.2571,11.3,0.0,88.7,"[1, 1, 1, 18, 1]",4.8,True,config congelada de V2
2026-08-15 01:22:07,FINAL,v1,CNN-LSTM,C,final,global,GLOBAL,20,"{""lookback"": 20, ""escalador"": ""robust"", ""clip"": 0.0, ""alineado"": true, ""arch"": ""cnn_lstm"", ""hidden"": 136, ""layers"": 1, ""dropout"": 0.42249595653190186, ""bidir"": false, ""pooling"": ""last"", ""filtros"": [77, 154], ""kernel"": 7, ""dilatacion"": 1, ""batchnorm"": true, ""fc_dim"": 128, ""pool_cnn"": ""gap_gmp"", ""epochs"": 100, ""patience"": 20, ""batch"": 128, ""lr"": 0.0004397620359576416, ""weight_decay"": 0.018214698953737334, ""class_weight"": ""balanced"", ""scheduler"": ""none"", ""grad_clip"": 5.0, ""criterio"": ""val_loss"", ""loss"": ""focal"", ""label_smooth"": 0.0, ""focal_gamma"": 2.007025567677695, ""refit_trainval"": false}","[42, 1, 7, 2024, 100]",7042,1764,1736,0.346,0.3332,0.0277,0.3382,0.3176,0.0425,0.2875,0.3291,0.3979,0.3232,0.4963,1.0704,-0.5488,18.6,21.2,60.2,"[1, 2, 1, 3, 5]",43.0,True,config congelada de V2
2026-08-15 01:22:14,FINAL,v1,CNN-LSTM,C,final,por_ticker,AAPL,20,"{""lookback"": 20, ""escalador"": ""robust"", ""clip"": 0.0, ""alineado"": true, ""arch"": ""cnn_lstm"", ""hidden"": 136, ""layers"": 1, ""dropout"": 0.42249595653190186, ""bidir"": false, ""pooling"": ""last"", ""filtros"": [77, 154], ""kernel"": 7, ""dilatacion"": 1, ""batchnorm"": true, ""fc_dim"": 128, ""pool_cnn"": ""gap_gmp"", ""epochs"": 100, ""patience"": 20, ""batch"": 128, ""lr"": 0.0004397620359576416, ""weight_decay"": 0.018214698953737334, ""class_weight"": ""balanced"", ""scheduler"": ""none"", ""grad_clip"": 5.0, ""criterio"": ""val_loss"", ""loss"": ""focal"", ""label_smooth"": 0.0, ""focal_gamma"": 2.007025567677695, ""refit_trainval"": false}","[42, 1, 7, 2024, 100]",1006,252,248,0.3209,0.31,0.0139,0.3001,0.317,0.0456,0.2941,0.2603,0.3458,-1.2342,0.481,0.7623,-0.4277,29.0,15.3,55.6,"[6, 5, 5, 5, 8]",7.2,True,config congelada de V2
2026-08-15 01:22:22,FINAL,v1,CNN-LSTM,C,final,por_ticker,NVDA,20,"{""lookback"": 20, ""escalador"": ""robust"", ""clip"": 0.0, ""alineado"": true, ""arch"": ""cnn_lstm"", ""hidden"": 136, ""layers"": 1, ""dropout"": 0.42249595653190186, ""bidir"": false, ""pooling"": ""last"", ""filtros"": [77, 154], ""kernel"": 7, ""dilatacion"": 1, ""batchnorm"": true, ""fc_dim"": 128, ""pool_cnn"": ""gap_gmp"", ""epochs"": 100, ""patience"": 20, ""batch"": 128, ""lr"": 0.0004397620359576416, ""weight_decay"": 0.018214698953737334, ""class_weight"": ""balanced"", ""scheduler"": ""none"", ""grad_clip"": 5.0, ""criterio"": ""val_loss"", ""loss"": ""focal"", ""label_smooth"": 0.0, ""focal_gamma"": 2.007025567677695, ""refit_trainval"": false}","[42, 1, 7, 2024, 100]",1006,252,248,0.2981,0.3039,0.0509,0.3528,0.3122,0.0554,0.1149,0.5155,0.4279,0.7263,0.4855,1.1674,-0.3882,7.7,30.2,62.1,"[5, 3, 7, 4, 8]",7.3,True,config congelada de V2
2026-08-15 01:22:29,FINAL,v1,CNN-LSTM,C,final,por_ticker,TSLA,20,"{""lookback"": 20, ""escalador"": ""robust"", ""clip"": 0.0, ""alineado"": true, ""arch"": ""cnn_lstm"", ""hidden"": 136, ""layers"": 1, ""dropout"": 0.42249595653190186, ""bidir"": false, ""pooling"": ""last"", ""filtros"": [77, 154], ""kernel"": 7, ""dilatacion"": 1, ""batchnorm"": true, ""fc_dim"": 128, ""pool_cnn"": ""gap_gmp"", ""epochs"": 100, ""patience"": 20, ""batch"": 128, ""lr"": 0.0004397620359576416, ""weight_decay"": 0.018214698953737334, ""class_weight"": ""balanced"", ""scheduler"": ""none"", ""grad_clip"": 5.0, ""criterio"": ""val_loss"", ""loss"": ""focal"", ""label_smooth"": 0.0, ""focal_gamma"": 2.007025567677695, ""refit_trainval"": false}","[42, 1, 7, 2024, 100]",1006,252,248,0.3322,0.3389,0.013,0.3414,0.3374,0.0214,0.3172,0.3558,0.3511,-0.047,0.5078,0.9908,-0.2871,30.6,22.2,47.2,"[5, 6, 11, 5, 3]",7.5,True,config congelada de V2
2026-08-15 01:22:36,FINAL,v1,CNN-LSTM,C,final,por_ticker,AMZN,20,"{""lookback"": 20, ""escalador"": ""robust"", ""clip"": 0.0, ""alineado"": true, ""arch"": ""cnn_lstm"", ""hidden"": 136, ""layers"": 1, ""dropout"": 0.42249595653190186, ""bidir"": false, ""pooling"": ""last"", ""filtros"": [77, 154], ""kernel"": 7, ""dilatacion"": 1, ""batchnorm"": true, ""fc_dim"": 128, ""pool_cnn"": ""gap_gmp"", ""epochs"": 100, ""patience"": 20, ""batch"": 128, ""lr"": 0.0004397620359576416, ""weight_decay"": 0.018214698953737334, ""class_weight"": ""balanced"", ""scheduler"": ""none"", ""grad_clip"": 5.0, ""criterio"": ""val_loss"", ""loss"": ""focal"", ""label_smooth"": 0.0, ""focal_gamma"": 2.007025567677695, ""refit_trainval"": false}","[42, 1, 7, 2024, 100]",1006,252,248,0.4236,0.395,0.03,0.3987,0.3919,0.0242,0.3816,0.4422,0.3724,1.9816,0.5578,1.5788,-0.1465,32.3,40.7,27.0,"[5, 6, 5, 4, 5]",7.1,True,config congelada de V2
2026-08-15 01:22:43,FINAL,v1,CNN-LSTM,C,final,por_ticker,MSFT,20,"{""lookback"": 20, ""escalador"": ""robust"", ""clip"": 0.0, ""alineado"": true, ""arch"": ""cnn_lstm"", ""hidden"": 136, ""layers"": 1, ""dropout"": 0.42249595653190186, ""bidir"": false, ""pooling"": ""last"", ""filtros"": [77, 154], ""kernel"": 7, ""dilatacion"": 1, ""batchnorm"": true, ""fc_dim"": 128, ""pool_cnn"": ""gap_gmp"", ""epochs"": 100, ""patience"": 20, ""batch"": 128, ""lr"": 0.0004397620359576416, ""weight_decay"": 0.018214698953737334, ""class_weight"": ""balanced"", ""scheduler"": ""none"", ""grad_clip"": 5.0, ""criterio"": ""val_loss"", ""loss"": ""focal"", ""label_smooth"": 0.0, ""focal_gamma"": 2.007025567677695, ""refit_trainval"": false}","[42, 1, 7, 2024, 100]",1006,252,248,0.3164,0.3006,0.0389,0.2646,0.3037,0.0267,0.2533,0.25,0.2903,-1.2128,0.4352,0.766,-0.3607,33.1,22.2,44.8,"[6, 2, 7, 6, 4]",7.1,True,config congelada de V2
2026-08-15 01:22:50,FINAL,v1,CNN-LSTM,C,final,por_ticker,GOOGL,20,"{""lookback"": 20, ""escalador"": ""robust"", ""clip"": 0.0, ""alineado"": true, ""arch"": ""cnn_lstm"", ""hidden"": 136, ""layers"": 1, ""dropout"": 0.42249595653190186, ""bidir"": false, ""pooling"": ""last"", ""filtros"": [77, 154], ""kernel"": 7, ""dilatacion"": 1, ""batchnorm"": true, ""fc_dim"": 128, ""pool_cnn"": ""gap_gmp"", ""epochs"": 100, ""patience"": 20, ""batch"": 128, ""lr"": 0.0004397620359576416, ""weight_decay"": 0.018214698953737334, ""class_weight"": ""balanced"", ""scheduler"": ""none"", ""grad_clip"": 5.0, ""criterio"": ""val_loss"", ""loss"": ""focal"", ""label_smooth"": 0.0, ""focal_gamma"": 2.007025567677695, ""refit_trainval"": false}","[42, 1, 7, 2024, 100]",1006,252,248,0.3608,0.3686,0.0227,0.4213,0.3791,0.0361,0.3664,0.5817,0.3158,1.4289,0.5895,1.4638,-0.1219,21.4,61.7,16.9,"[5, 4, 5, 4, 6]",7.0,True,config congelada de V2
2026-08-15 01:22:58,FINAL,v1,CNN-LSTM,C,final,por_ticker,META,20,"{""lookback"": 20, ""escalador"": ""robust"", ""clip"": 0.0, ""alineado"": true, ""arch"": ""cnn_lstm"", ""hidden"": 136, ""layers"": 1, ""dropout"": 0.42249595653190186, ""bidir"": false, ""pooling"": ""last"", ""filtros"": [77, 154], ""kernel"": 7, ""dilatacion"": 1, ""batchnorm"": true, ""fc_dim"": 128, ""pool_cnn"": ""gap_gmp"", ""epochs"": 100, ""patience"": 20, ""batch"": 128, ""lr"": 0.0004397620359576416, ""weight_decay"": 0.018214698953737334, ""class_weight"": ""balanced"", ""scheduler"": ""none"", ""grad_clip"": 5.0, ""criterio"": ""val_loss"", ""loss"": ""focal"", ""label_smooth"": 0.0, ""focal_gamma"": 2.007025567677695, ""refit_trainval"": false}","[42, 1, 7, 2024, 100]",1006,252,248,0.2832,0.3015,0.0168,0.2786,0.2943,0.0421,0.25,0.1273,0.4586,-0.0512,0.4744,0.9902,-0.3202,19.4,5.6,75.0,"[3, 7, 8, 5, 5]",7.3,True,config congelada de V2
2026-08-15 01:27:19,WF-v4,v1,LR,WF2020,final,global,GLOBAL,,"{""penalty"": ""elasticnet"", ""C"": 1.0, ""l1_ratio"": 0.5, ""class_weight"": ""balanced"", ""escalador"": ""standard""}","[42, 1, 7, 2024, 100]",8806,1764,1771,0.3409,0.3409,0.0,0.3926,0.3926,0.0,0.3936,0.4033,0.381,0.4845,0.5275,1.1191,-0.8805,25.4,37.4,37.2,[],47.9,True,pliegue 2020
2026-08-15 01:27:42,WF-v4,v1,XGBoost,WF2020,final,global,GLOBAL,,"{""n_estimators"": 400, ""max_depth"": 5, ""learning_rate"": 0.05, ""subsample"": 0.8, ""colsample_bytree"": 0.8, ""min_child_weight"": 3, ""gamma"": 0.1, ""reg_alpha"": 0.1, ""reg_lambda"": 1.0, ""escalador"": ""standard""}","[42, 1, 7, 2024, 100]",8806,1764,1771,0.3594,0.3581,0.0095,0.3753,0.3745,0.0066,0.4503,0.3581,0.3175,0.6275,0.5397,1.1444,-0.7191,49.2,25.3,25.5,[],22.9,True,pliegue 2020
2026-08-15 01:28:21,WF-v4,v1,LSTM,WF2020,final,global,GLOBAL,20,"{""lookback"": 20, ""escalador"": ""minmax"", ""clip"": 0.0, ""alineado"": true, ""arch"": ""lstm"", ""hidden"": 128, ""layers"": 2, ""dropout"": 0.3, ""bidir"": true, ""pooling"": ""last"", ""filtros"": [64, 128, 192], ""kernel"": 3, ""dilatacion"": 1, ""batchnorm"": true, ""fc_dim"": 128, ""pool_cnn"": ""gap_gmp"", ""epochs"": 80, ""patience"": 15, ""batch"": 128, ""lr"": 0.001, ""weight_decay"": 0.0001, ""class_weight"": ""balanced"", ""scheduler"": ""plateau"", ""grad_clip"": 1.0, ""criterio"": ""val_loss"", ""loss"": ""ce"", ""label_smooth"": 0.0, ""focal_gamma"": 2.0, ""refit_trainval"": false}","[42, 1, 7, 2024, 100]",8673,1764,1771,0.3466,0.3387,0.022,0.3496,0.3433,0.0196,0.4478,0.2035,0.3973,0.0552,0.5104,1.0112,-0.8632,36.1,13.2,50.8,"[5, 6, 8, 2, 8]",39.1,True,pliegue 2020
2026-08-15 01:29:00,WF-v4,v1,CNN,WF2020,final,global,GLOBAL,20,"{""lookback"": 20, ""escalador"": ""minmax"", ""clip"": 0.0, ""alineado"": true, ""arch"": ""cnn"", ""hidden"": 128, ""layers"": 2, ""dropout"": 0.3, ""bidir"": true, ""pooling"": ""last"", ""filtros"": [64, 128, 192], ""kernel"": 3, ""dilatacion"": 1, ""batchnorm"": true, ""fc_dim"": 128, ""pool_cnn"": ""gap_gmp"", ""epochs"": 80, ""patience"": 15, ""batch"": 128, ""lr"": 0.001, ""weight_decay"": 0.0001, ""class_weight"": ""balanced"", ""scheduler"": ""plateau"", ""grad_clip"": 1.0, ""criterio"": ""val_loss"", ""loss"": ""ce"", ""label_smooth"": 0.0, ""focal_gamma"": 2.0, ""refit_trainval"": false}","[42, 1, 7, 2024, 100]",8673,1764,1771,0.3549,0.3358,0.0179,0.3144,0.3056,0.0525,0.3846,0.123,0.4356,-0.0366,0.4832,0.9929,-0.8336,25.9,7.7,66.4,"[3, 4, 9, 3, 8]",38.8,True,pliegue 2020
2026-08-15 01:29:37,WF-v4,v1,CNN-LSTM,WF2020,final,global,GLOBAL,20,"{""lookback"": 20, ""escalador"": ""minmax"", ""clip"": 0.0, ""alineado"": true, ""arch"": ""cnn_lstm"", ""hidden"": 128, ""layers"": 2, ""dropout"": 0.3, ""bidir"": false, ""pooling"": ""last"", ""filtros"": [64, 128], ""kernel"": 3, ""dilatacion"": 1, ""batchnorm"": true, ""fc_dim"": 128, ""pool_cnn"": ""gap_gmp"", ""epochs"": 80, ""patience"": 15, ""batch"": 128, ""lr"": 0.001, ""weight_decay"": 0.0001, ""class_weight"": ""balanced"", ""scheduler"": ""plateau"", ""grad_clip"": 1.0, ""criterio"": ""val_loss"", ""loss"": ""ce"", ""label_smooth"": 0.0, ""focal_gamma"": 2.0, ""refit_trainval"": false}","[42, 1, 7, 2024, 100]",8673,1764,1771,0.3703,0.3552,0.0199,0.327,0.3228,0.011,0.4412,0.125,0.4149,-0.088,0.5085,0.983,-0.8945,38.7,7.1,54.3,"[3, 3, 3, 8, 3]",37.1,True,pliegue 2020
2026-08-15 01:30:22,WF-v4,v1,LR,WF2021,final,global,GLOBAL,,"{""penalty"": ""elasticnet"", ""C"": 1.0, ""l1_ratio"": 0.5, ""class_weight"": ""balanced"", ""escalador"": ""standard""}","[42, 1, 7, 2024, 100]",8806,1771,1764,0.3572,0.3572,0.0,0.3783,0.3783,0.0,0.2775,0.6087,0.2486,0.8762,0.5477,1.3416,-0.1989,13.9,72.1,14.1,[],44.8,True,pliegue 2021
2026-08-15 01:30:44,WF-v4,v1,XGBoost,WF2021,final,global,GLOBAL,,"{""n_estimators"": 400, ""max_depth"": 5, ""learning_rate"": 0.05, ""subsample"": 0.8, ""colsample_bytree"": 0.8, ""min_child_weight"": 3, ""gamma"": 0.1, ""reg_alpha"": 0.1, ""reg_lambda"": 1.0, ""escalador"": ""standard""}","[42, 1, 7, 2024, 100]",8806,1771,1764,0.3783,0.3761,0.0052,0.3547,0.3611,0.0072,0.2557,0.5873,0.2211,0.3635,0.5326,1.1252,-0.4892,14.7,69.6,15.7,[],22.6,True,pliegue 2021
2026-08-15 01:31:16,WF-v4,v1,LSTM,WF2021,final,global,GLOBAL,20,"{""lookback"": 20, ""escalador"": ""minmax"", ""clip"": 0.0, ""alineado"": true, ""arch"": ""lstm"", ""hidden"": 128, ""layers"": 2, ""dropout"": 0.3, ""bidir"": true, ""pooling"": ""last"", ""filtros"": [64, 128, 192], ""kernel"": 3, ""dilatacion"": 1, ""batchnorm"": true, ""fc_dim"": 128, ""pool_cnn"": ""gap_gmp"", ""epochs"": 80, ""patience"": 15, ""batch"": 128, ""lr"": 0.001, ""weight_decay"": 0.0001, ""class_weight"": ""balanced"", ""scheduler"": ""plateau"", ""grad_clip"": 1.0, ""criterio"": ""val_loss"", ""loss"": ""ce"", ""label_smooth"": 0.0, ""focal_gamma"": 2.0, ""refit_trainval"": false}","[42, 1, 7, 2024, 100]",8806,1771,1764,0.34,0.3128,0.026,0.32,0.294,0.0343,0.3255,0.2538,0.3806,-0.0066,0.4943,0.9987,-0.6119,28.0,15.6,56.4,"[1, 2, 2, 2, 4]",31.4,True,pliegue 2021
2026-08-15 01:32:05,WF-v4,v1,CNN,WF2021,final,global,GLOBAL,20,"{""lookback"": 20, ""escalador"": ""minmax"", ""clip"": 0.0, ""alineado"": true, ""arch"": ""cnn"", ""hidden"": 128, ""layers"": 2, ""dropout"": 0.3, ""bidir"": true, ""pooling"": ""last"", ""filtros"": [64, 128, 192], ""kernel"": 3, ""dilatacion"": 1, ""batchnorm"": true, ""fc_dim"": 128, ""pool_cnn"": ""gap_gmp"", ""epochs"": 80, ""patience"": 15, ""batch"": 128, ""lr"": 0.001, ""weight_decay"": 0.0001, ""class_weight"": ""balanced"", ""scheduler"": ""plateau"", ""grad_clip"": 1.0, ""criterio"": ""val_loss"", ""loss"": ""ce"", ""label_smooth"": 0.0, ""focal_gamma"": 2.0, ""refit_trainval"": false}","[42, 1, 7, 2024, 100]",8806,1771,1764,0.3837,0.3739,0.0113,0.3015,0.3129,0.0149,0.0712,0.4487,0.3848,-0.7914,0.4584,0.8335,-0.8668,2.9,38.7,58.4,"[11, 21, 4, 7, 11]",49.0,True,pliegue 2021
2026-08-15 01:32:42,WF-v4,v1,CNN-LSTM,WF2021,final,global,GLOBAL,20,"{""lookback"": 20, ""escalador"": ""minmax"", ""clip"": 0.0, ""alineado"": true, ""arch"": ""cnn_lstm"", ""hidden"": 128, ""layers"": 2, ""dropout"": 0.3, ""bidir"": false, ""pooling"": ""last"", ""filtros"": [64, 128], ""kernel"": 3, ""dilatacion"": 1, ""batchnorm"": true, ""fc_dim"": 128, ""pool_cnn"": ""gap_gmp"", ""epochs"": 80, ""patience"": 15, ""batch"": 128, ""lr"": 0.001, ""weight_decay"": 0.0001, ""class_weight"": ""balanced"", ""scheduler"": ""plateau"", ""grad_clip"": 1.0, ""criterio"": ""val_loss"", ""loss"": ""ce"", ""label_smooth"": 0.0, ""focal_gamma"": 2.0, ""refit_trainval"": false}","[42, 1, 7, 2024, 100]",8806,1771,1764,0.3648,0.3444,0.0241,0.3141,0.2924,0.024,0.1752,0.3886,0.3787,-0.7264,0.4727,0.8548,-0.8316,6.9,30.6,62.5,"[5, 1, 3, 5, 6]",37.6,True,pliegue 2021
2026-08-15 01:33:21,WF-v4,v1,LR,WF2022,final,global,GLOBAL,,"{""penalty"": ""elasticnet"", ""C"": 1.0, ""l1_ratio"": 0.5, ""class_weight"": ""balanced"", ""escalador"": ""standard""}","[42, 1, 7, 2024, 100]",8813,1764,1757,0.3884,0.3884,0.0,0.3581,0.3581,0.0,0.4352,0.3202,0.3189,0.3613,0.4983,1.0719,-0.4186,53.8,18.4,27.7,[],38.4,True,pliegue 2022
2026-08-15 01:33:43,WF-v4,v1,XGBoost,WF2022,final,global,GLOBAL,,"{""n_estimators"": 400, ""max_depth"": 5, ""learning_rate"": 0.05, ""subsample"": 0.8, ""colsample_bytree"": 0.8, ""min_child_weight"": 3, ""gamma"": 0.1, ""reg_alpha"": 0.1, ""reg_lambda"": 1.0, ""escalador"": ""standard""}","[42, 1, 7, 2024, 100]",8813,1764,1757,0.353,0.3603,0.0094,0.3466,0.3521,0.0108,0.4604,0.3271,0.2523,-0.2333,0.5011,0.9558,-0.8474,67.0,19.5,13.5,[],22.6,True,pliegue 2022
2026-08-15 01:34:23,WF-v4,v1,LSTM,WF2022,final,global,GLOBAL,20,"{""lookback"": 20, ""escalador"": ""minmax"", ""clip"": 0.0, ""alineado"": true, ""arch"": ""lstm"", ""hidden"": 128, ""layers"": 2, ""dropout"": 0.3, ""bidir"": true, ""pooling"": ""last"", ""filtros"": [64, 128, 192], ""kernel"": 3, ""dilatacion"": 1, ""batchnorm"": true, ""fc_dim"": 128, ""pool_cnn"": ""gap_gmp"", ""epochs"": 80, ""patience"": 15, ""batch"": 128, ""lr"": 0.001, ""weight_decay"": 0.0001, ""class_weight"": ""balanced"", ""scheduler"": ""plateau"", ""grad_clip"": 1.0, ""criterio"": ""val_loss"", ""loss"": ""ce"", ""label_smooth"": 0.0, ""focal_gamma"": 2.0, ""refit_trainval"": false}","[42, 1, 7, 2024, 100]",8813,1764,1757,0.362,0.3467,0.0196,0.3507,0.3451,0.0323,0.3947,0.3881,0.2694,-0.7906,0.4813,0.8447,-0.9626,45.6,33.1,21.3,"[1, 9, 11, 13, 1]",40.0,True,pliegue 2022
2026-08-15 01:35:03,WF-v4,v1,CNN,WF2022,final,global,GLOBAL,20,"{""lookback"": 20, ""escalador"": ""minmax"", ""clip"": 0.0, ""alineado"": true, ""arch"": ""cnn"", ""hidden"": 128, ""layers"": 2, ""dropout"": 0.3, ""bidir"": true, ""pooling"": ""last"", ""filtros"": [64, 128, 192], ""kernel"": 3, ""dilatacion"": 1, ""batchnorm"": true, ""fc_dim"": 128, ""pool_cnn"": ""gap_gmp"", ""epochs"": 80, ""patience"": 15, ""batch"": 128, ""lr"": 0.001, ""weight_decay"": 0.0001, ""class_weight"": ""balanced"", ""scheduler"": ""plateau"", ""grad_clip"": 1.0, ""criterio"": ""val_loss"", ""loss"": ""ce"", ""label_smooth"": 0.0, ""focal_gamma"": 2.0, ""refit_trainval"": false}","[42, 1, 7, 2024, 100]",8813,1764,1757,0.3215,0.314,0.0249,0.3751,0.3425,0.0407,0.4405,0.3883,0.2966,0.6146,0.5271,1.1404,-0.4516,42.7,33.9,23.3,"[7, 12, 1, 3, 5]",39.2,True,pliegue 2022
2026-08-15 01:35:38,WF-v4,v1,CNN-LSTM,WF2022,final,global,GLOBAL,20,"{""lookback"": 20, ""escalador"": ""minmax"", ""clip"": 0.0, ""alineado"": true, ""arch"": ""cnn_lstm"", ""hidden"": 128, ""layers"": 2, ""dropout"": 0.3, ""bidir"": false, ""pooling"": ""last"", ""filtros"": [64, 128], ""kernel"": 3, ""dilatacion"": 1, ""batchnorm"": true, ""fc_dim"": 128, ""pool_cnn"": ""gap_gmp"", ""epochs"": 80, ""patience"": 15, ""batch"": 128, ""lr"": 0.001, ""weight_decay"": 0.0001, ""class_weight"": ""balanced"", ""scheduler"": ""plateau"", ""grad_clip"": 1.0, ""criterio"": ""val_loss"", ""loss"": ""ce"", ""label_smooth"": 0.0, ""focal_gamma"": 2.0, ""refit_trainval"": false}","[42, 1, 7, 2024, 100]",8813,1764,1757,0.3395,0.3245,0.0247,0.3692,0.3209,0.0346,0.4099,0.3642,0.3336,-0.2085,0.5035,0.9583,-0.7052,44.4,27.7,27.9,"[5, 2, 3, 2, 2]",35.0,True,pliegue 2022
2026-08-15 01:36:15,WF-v4,v1,LR,WF2023,final,global,GLOBAL,,"{""penalty"": ""elasticnet"", ""C"": 1.0, ""l1_ratio"": 0.5, ""class_weight"": ""balanced"", ""escalador"": ""standard""}","[42, 1, 7, 2024, 100]",8813,1757,1750,0.3707,0.3708,0.0002,0.3304,0.3304,0.0,0.1553,0.5579,0.278,0.1097,0.4984,1.034,-0.4054,6.7,63.9,29.4,[],37.2,True,pliegue 2023
2026-08-15 01:36:37,WF-v4,v1,XGBoost,WF2023,final,global,GLOBAL,,"{""n_estimators"": 400, ""max_depth"": 5, ""learning_rate"": 0.05, ""subsample"": 0.8, ""colsample_bytree"": 0.8, ""min_child_weight"": 3, ""gamma"": 0.1, ""reg_alpha"": 0.1, ""reg_lambda"": 1.0, ""escalador"": ""standard""}","[42, 1, 7, 2024, 100]",8813,1757,1750,0.3515,0.3528,0.0049,0.3288,0.3345,0.0067,0.2081,0.5365,0.2418,-0.5158,0.4944,0.8598,-0.6885,13.7,59.0,27.4,[],22.6,True,pliegue 2023
2026-08-15 01:37:10,WF-v4,v1,LSTM,WF2023,final,global,GLOBAL,20,"{""lookback"": 20, ""escalador"": ""minmax"", ""clip"": 0.0, ""alineado"": true, ""arch"": ""lstm"", ""hidden"": 128, ""layers"": 2, ""dropout"": 0.3, ""bidir"": true, ""pooling"": ""last"", ""filtros"": [64, 128, 192], ""kernel"": 3, ""dilatacion"": 1, ""batchnorm"": true, ""fc_dim"": 128, ""pool_cnn"": ""gap_gmp"", ""epochs"": 80, ""patience"": 15, ""batch"": 128, ""lr"": 0.001, ""weight_decay"": 0.0001, ""class_weight"": ""balanced"", ""scheduler"": ""plateau"", ""grad_clip"": 1.0, ""criterio"": ""val_loss"", ""loss"": ""ce"", ""label_smooth"": 0.0, ""focal_gamma"": 2.0, ""refit_trainval"": false}","[42, 1, 7, 2024, 100]",8813,1757,1750,0.3411,0.3161,0.0413,0.2953,0.2738,0.0486,0.1241,0.4564,0.3054,-1.0701,0.4507,0.7717,-0.8882,4.5,45.0,50.5,"[1, 2, 5, 2, 2]",32.3,True,pliegue 2023
2026-08-15 01:38:00,WF-v4,v1,CNN,WF2023,final,global,GLOBAL,20,"{""lookback"": 20, ""escalador"": ""minmax"", ""clip"": 0.0, ""alineado"": true, ""arch"": ""cnn"", ""hidden"": 128, ""layers"": 2, ""dropout"": 0.3, ""bidir"": true, ""pooling"": ""last"", ""filtros"": [64, 128, 192], ""kernel"": 3, ""dilatacion"": 1, ""batchnorm"": true, ""fc_dim"": 128, ""pool_cnn"": ""gap_gmp"", ""epochs"": 80, ""patience"": 15, ""batch"": 128, ""lr"": 0.001, ""weight_decay"": 0.0001, ""class_weight"": ""balanced"", ""scheduler"": ""plateau"", ""grad_clip"": 1.0, ""criterio"": ""val_loss"", ""loss"": ""ce"", ""label_smooth"": 0.0, ""focal_gamma"": 2.0, ""refit_trainval"": false}","[42, 1, 7, 2024, 100]",8813,1757,1750,0.3531,0.3403,0.0287,0.3516,0.3388,0.0167,0.2751,0.4968,0.2827,0.6038,0.5244,1.1681,-0.4392,17.5,50.7,31.8,"[7, 14, 14, 17, 7]",50.7,True,pliegue 2023
2026-08-15 01:38:38,WF-v4,v1,CNN-LSTM,WF2023,final,global,GLOBAL,20,"{""lookback"": 20, ""escalador"": ""minmax"", ""clip"": 0.0, ""alineado"": true, ""arch"": ""cnn_lstm"", ""hidden"": 128, ""layers"": 2, ""dropout"": 0.3, ""bidir"": false, ""pooling"": ""last"", ""filtros"": [64, 128], ""kernel"": 3, ""dilatacion"": 1, ""batchnorm"": true, ""fc_dim"": 128, ""pool_cnn"": ""gap_gmp"", ""epochs"": 80, ""patience"": 15, ""batch"": 128, ""lr"": 0.001, ""weight_decay"": 0.0001, ""class_weight"": ""balanced"", ""scheduler"": ""plateau"", ""grad_clip"": 1.0, ""criterio"": ""val_loss"", ""loss"": ""ce"", ""label_smooth"": 0.0, ""focal_gamma"": 2.0, ""refit_trainval"": false}","[42, 1, 7, 2024, 100]",8813,1757,1750,0.3646,0.3462,0.0177,0.2972,0.3066,0.0143,0.0957,0.4926,0.3032,-1.0673,0.4705,0.747,-0.8835,3.6,52.5,43.9,"[5, 3, 3, 5, 3]",37.2,True,pliegue 2023
2026-08-15 01:39:14,WF-v4,v1,LR,WF2024,final,global,GLOBAL,,"{""penalty"": ""elasticnet"", ""C"": 1.0, ""l1_ratio"": 0.5, ""class_weight"": ""balanced"", ""escalador"": ""standard""}","[42, 1, 7, 2024, 100]",8813,1750,1764,0.304,0.304,0.0,0.3259,0.3259,0.0,0.1366,0.4157,0.4252,-0.3158,0.469,0.9294,-0.6664,6.1,34.1,59.8,[],36.1,True,pliegue 2024
2026-08-15 01:39:36,WF-v4,v1,XGBoost,WF2024,final,global,GLOBAL,,"{""n_estimators"": 400, ""max_depth"": 5, ""learning_rate"": 0.05, ""subsample"": 0.8, ""colsample_bytree"": 0.8, ""min_child_weight"": 3, ""gamma"": 0.1, ""reg_alpha"": 0.1, ""reg_lambda"": 1.0, ""escalador"": ""standard""}","[42, 1, 7, 2024, 100]",8813,1750,1764,0.3343,0.3345,0.0054,0.3688,0.3632,0.0039,0.256,0.4538,0.3966,0.7008,0.5084,1.1875,-0.2726,14.7,42.7,42.6,[],22.4,True,pliegue 2024
2026-08-15 01:40:22,WF-v4,v1,LSTM,WF2024,final,global,GLOBAL,20,"{""lookback"": 20, ""escalador"": ""minmax"", ""clip"": 0.0, ""alineado"": true, ""arch"": ""lstm"", ""hidden"": 128, ""layers"": 2, ""dropout"": 0.3, ""bidir"": true, ""pooling"": ""last"", ""filtros"": [64, 128, 192], ""kernel"": 3, ""dilatacion"": 1, ""batchnorm"": true, ""fc_dim"": 128, ""pool_cnn"": ""gap_gmp"", ""epochs"": 80, ""patience"": 15, ""batch"": 128, ""lr"": 0.001, ""weight_decay"": 0.0001, ""class_weight"": ""balanced"", ""scheduler"": ""plateau"", ""grad_clip"": 1.0, ""criterio"": ""val_loss"", ""loss"": ""ce"", ""label_smooth"": 0.0, ""focal_gamma"": 2.0, ""refit_trainval"": false}","[42, 1, 7, 2024, 100]",8813,1750,1764,0.269,0.2672,0.0239,0.299,0.2902,0.0271,0.175,0.543,0.1789,-0.1903,0.4783,0.9302,-0.5209,10.4,77.8,11.8,"[6, 4, 18, 5, 19]",45.6,True,pliegue 2024
2026-08-15 01:41:11,WF-v4,v1,CNN,WF2024,final,global,GLOBAL,20,"{""lookback"": 20, ""escalador"": ""minmax"", ""clip"": 0.0, ""alineado"": true, ""arch"": ""cnn"", ""hidden"": 128, ""layers"": 2, ""dropout"": 0.3, ""bidir"": true, ""pooling"": ""last"", ""filtros"": [64, 128, 192], ""kernel"": 3, ""dilatacion"": 1, ""batchnorm"": true, ""fc_dim"": 128, ""pool_cnn"": ""gap_gmp"", ""epochs"": 80, ""patience"": 15, ""batch"": 128, ""lr"": 0.001, ""weight_decay"": 0.0001, ""class_weight"": ""balanced"", ""scheduler"": ""plateau"", ""grad_clip"": 1.0, ""criterio"": ""val_loss"", ""loss"": ""ce"", ""label_smooth"": 0.0, ""focal_gamma"": 2.0, ""refit_trainval"": false}","[42, 1, 7, 2024, 100]",8813,1750,1764,0.2474,0.254,0.0138,0.3331,0.3139,0.0221,0.2399,0.5155,0.2438,-0.1888,0.521,0.9417,-0.5844,15.9,66.3,17.9,"[2, 4, 13, 17, 19]",48.9,True,pliegue 2024
2026-08-15 01:41:49,WF-v4,v1,CNN-LSTM,WF2024,final,global,GLOBAL,20,"{""lookback"": 20, ""escalador"": ""minmax"", ""clip"": 0.0, ""alineado"": true, ""arch"": ""cnn_lstm"", ""hidden"": 128, ""layers"": 2, ""dropout"": 0.3, ""bidir"": false, ""pooling"": ""last"", ""filtros"": [64, 128], ""kernel"": 3, ""dilatacion"": 1, ""batchnorm"": true, ""fc_dim"": 128, ""pool_cnn"": ""gap_gmp"", ""epochs"": 80, ""patience"": 15, ""batch"": 128, ""lr"": 0.001, ""weight_decay"": 0.0001, ""class_weight"": ""balanced"", ""scheduler"": ""plateau"", ""grad_clip"": 1.0, ""criterio"": ""val_loss"", ""loss"": ""ce"", ""label_smooth"": 0.0, ""focal_gamma"": 2.0, ""refit_trainval"": false}","[42, 1, 7, 2024, 100]",8813,1750,1764,0.2488,0.2688,0.0333,0.3062,0.3085,0.0194,0.112,0.5216,0.2851,-0.7924,0.4596,0.7676,-0.7907,6.0,69.2,24.8,"[6, 3, 8, 3, 3]",38.6,True,pliegue 2024
2026-08-15 01:42:25,WF-v4,v1,LR,WF2025,final,global,GLOBAL,,"{""penalty"": ""elasticnet"", ""C"": 1.0, ""l1_ratio"": 0.5, ""class_weight"": ""balanced"", ""escalador"": ""standard""}","[42, 1, 7, 2024, 100]",8806,1764,1736,0.2984,0.2984,0.0,0.3727,0.3727,0.0,0.2765,0.4615,0.3801,0.6043,0.5095,1.1532,-0.4501,20.0,36.5,43.5,[],35.2,True,pliegue 2025
2026-08-15 01:42:47,WF-v4,v1,XGBoost,WF2025,final,global,GLOBAL,,"{""n_estimators"": 400, ""max_depth"": 5, ""learning_rate"": 0.05, ""subsample"": 0.8, ""colsample_bytree"": 0.8, ""min_child_weight"": 3, ""gamma"": 0.1, ""reg_alpha"": 0.1, ""reg_lambda"": 1.0, ""escalador"": ""standard""}","[42, 1, 7, 2024, 100]",8806,1764,1736,0.3676,0.364,0.0045,0.3633,0.3567,0.0082,0.3168,0.3744,0.3988,0.5916,0.49,1.1392,-0.6523,25.2,25.2,49.6,[],22.5,True,pliegue 2025
2026-08-15 01:43:18,WF-v4,v1,LSTM,WF2025,final,global,GLOBAL,20,"{""lookback"": 20, ""escalador"": ""minmax"", ""clip"": 0.0, ""alineado"": true, ""arch"": ""lstm"", ""hidden"": 128, ""layers"": 2, ""dropout"": 0.3, ""bidir"": true, ""pooling"": ""last"", ""filtros"": [64, 128, 192], ""kernel"": 3, ""dilatacion"": 1, ""batchnorm"": true, ""fc_dim"": 128, ""pool_cnn"": ""gap_gmp"", ""epochs"": 80, ""patience"": 15, ""batch"": 128, ""lr"": 0.001, ""weight_decay"": 0.0001, ""class_weight"": ""balanced"", ""scheduler"": ""plateau"", ""grad_clip"": 1.0, ""criterio"": ""val_loss"", ""loss"": ""ce"", ""label_smooth"": 0.0, ""focal_gamma"": 2.0, ""refit_trainval"": false}","[42, 1, 7, 2024, 100]",8806,1764,1736,0.3569,0.3348,0.0163,0.3712,0.3485,0.0174,0.3513,0.4891,0.2731,-0.0585,0.4976,0.9861,-0.698,34.7,40.0,25.3,"[1, 1, 5, 2, 1]",30.9,True,pliegue 2025
2026-08-15 01:43:53,WF-v4,v1,CNN,WF2025,final,global,GLOBAL,20,"{""lookback"": 20, ""escalador"": ""minmax"", ""clip"": 0.0, ""alineado"": true, ""arch"": ""cnn"", ""hidden"": 128, ""layers"": 2, ""dropout"": 0.3, ""bidir"": true, ""pooling"": ""last"", ""filtros"": [64, 128, 192], ""kernel"": 3, ""dilatacion"": 1, ""batchnorm"": true, ""fc_dim"": 128, ""pool_cnn"": ""gap_gmp"", ""epochs"": 80, ""patience"": 15, ""batch"": 128, ""lr"": 0.001, ""weight_decay"": 0.0001, ""class_weight"": ""balanced"", ""scheduler"": ""plateau"", ""grad_clip"": 1.0, ""criterio"": ""val_loss"", ""loss"": ""ce"", ""label_smooth"": 0.0, ""focal_gamma"": 2.0, ""refit_trainval"": false}","[42, 1, 7, 2024, 100]",8806,1764,1736,0.352,0.3184,0.03,0.3498,0.3325,0.0286,0.1592,0.4765,0.4138,0.2409,0.4986,1.06,-0.5014,7.9,39.8,52.3,"[2, 7, 1, 2, 4]",34.5,True,pliegue 2025
2026-08-15 01:44:25,WF-v4,v1,CNN-LSTM,WF2025,final,global,GLOBAL,20,"{""lookback"": 20, ""escalador"": ""minmax"", ""clip"": 0.0, ""alineado"": true, ""arch"": ""cnn_lstm"", ""hidden"": 128, ""layers"": 2, ""dropout"": 0.3, ""bidir"": false, ""pooling"": ""last"", ""filtros"": [64, 128], ""kernel"": 3, ""dilatacion"": 1, ""batchnorm"": true, ""fc_dim"": 128, ""pool_cnn"": ""gap_gmp"", ""epochs"": 80, ""patience"": 15, ""batch"": 128, ""lr"": 0.001, ""weight_decay"": 0.0001, ""class_weight"": ""balanced"", ""scheduler"": ""plateau"", ""grad_clip"": 1.0, ""criterio"": ""val_loss"", ""loss"": ""ce"", ""label_smooth"": 0.0, ""focal_gamma"": 2.0, ""refit_trainval"": false}","[42, 1, 7, 2024, 100]",8806,1764,1736,0.3386,0.3253,0.0269,0.3438,0.3372,0.0274,0.136,0.4921,0.4034,-0.2707,0.4857,0.9359,-0.7141,6.5,41.4,52.1,"[1, 1, 2, 1, 1]",31.9,True,pliegue 2025
2026-08-15 01:45:11,WF-v5,v1,LR,WF2020,final,global,GLOBAL,,"{""penalty"": ""l2"", ""C"": 0.00016491236228800314, ""class_weight"": ""balanced"", ""escalador"": ""robust""}","[42, 1, 7, 2024, 100]",8806,1764,1771,0.3986,0.3986,0.0,0.3432,0.3432,0.0,0.4,0.1919,0.4377,0.0545,0.51,1.0108,-0.9036,32.4,10.0,57.7,[],41.5,True,pliegue 2020
2026-08-15 01:46:40,WF-v5,v1,XGBoost,WF2020,final,global,GLOBAL,,"{""n_estimators"": 485, ""max_depth"": 9, ""learning_rate"": 0.073686514801497, ""subsample"": 0.9716588679987582, ""colsample_bytree"": 0.9344371907011841, ""min_child_weight"": 2, ""gamma"": 0.034828439862122, ""reg_alpha"": 1.697838781005609, ""reg_lambda"": 5.226243589741432, ""escalador"": ""standard""}","[42, 1, 7, 2024, 100]",8806,1764,1771,0.3698,0.3727,0.0033,0.3866,0.3907,0.0062,0.449,0.4139,0.2968,0.5698,0.5435,1.1391,-0.6816,42.2,35.1,22.8,[],88.7,True,pliegue 2020
2026-08-15 01:48:06,WF-v5,v1,LSTM,WF2020,final,global,GLOBAL,10,"{""lookback"": 10, ""escalador"": ""robust"", ""clip"": 0.0, ""alineado"": true, ""arch"": ""lstm"", ""hidden"": 118, ""layers"": 2, ""dropout"": 0.43076719561956667, ""bidir"": false, ""pooling"": ""attn"", ""filtros"": [64, 128, 192], ""kernel"": 3, ""dilatacion"": 1, ""batchnorm"": true, ""fc_dim"": 128, ""pool_cnn"": ""gap_gmp"", ""epochs"": 100, ""patience"": 20, ""batch"": 64, ""lr"": 0.00015934275835801813, ""weight_decay"": 0.0007777647470212787, ""class_weight"": ""balanced"", ""scheduler"": ""plateau"", ""grad_clip"": 5.0, ""criterio"": ""val_loss"", ""loss"": ""focal"", ""label_smooth"": 0.0, ""focal_gamma"": 1.4326011305186719, ""refit_trainval"": false}","[42, 1, 7, 2024, 100]",8743,1764,1771,0.3232,0.3213,0.0192,0.2915,0.2889,0.0152,0.4082,0.0373,0.4291,-0.4915,0.4828,0.911,-0.9116,32.1,1.5,66.3,"[4, 7, 3, 4, 9]",86.6,True,pliegue 2020
2026-08-15 01:49:49,WF-v5,v1,CNN,WF2020,final,global,GLOBAL,10,"{""lookback"": 10, ""escalador"": ""robust"", ""clip"": 0.0, ""alineado"": true, ""arch"": ""cnn"", ""hidden"": 128, ""layers"": 2, ""dropout"": 0.1576717004659018, ""bidir"": true, ""pooling"": ""last"", ""filtros"": [50, 100], ""kernel"": 7, ""dilatacion"": 1, ""batchnorm"": false, ""fc_dim"": 101, ""pool_cnn"": ""gap"", ""epochs"": 100, ""patience"": 20, ""batch"": 128, ""lr"": 1.2120246019447426e-05, ""weight_decay"": 0.05598223252076369, ""class_weight"": ""balanced"", ""scheduler"": ""plateau"", ""grad_clip"": 0.5, ""criterio"": ""val_f1_ma3"", ""loss"": ""focal"", ""label_smooth"": 0.0, ""focal_gamma"": 2.480189988405459, ""refit_trainval"": false}","[42, 1, 7, 2024, 100]",8743,1764,1771,0.2552,0.2704,0.0465,0.2789,0.2826,0.0059,0.4829,0.0,0.3536,0.7791,0.5381,1.1584,-0.6998,68.2,0.0,31.8,"[99, 1, 52, 7, 93]",102.8,True,pliegue 2020
2026-08-15 01:51:00,WF-v5,v1,CNN-LSTM,WF2020,final,global,GLOBAL,20,"{""lookback"": 20, ""escalador"": ""robust"", ""clip"": 0.0, ""alineado"": true, ""arch"": ""cnn_lstm"", ""hidden"": 136, ""layers"": 1, ""dropout"": 0.42249595653190186, ""bidir"": false, ""pooling"": ""last"", ""filtros"": [77, 154], ""kernel"": 7, ""dilatacion"": 1, ""batchnorm"": true, ""fc_dim"": 128, ""pool_cnn"": ""gap_gmp"", ""epochs"": 100, ""patience"": 20, ""batch"": 128, ""lr"": 0.0004397620359576416, ""weight_decay"": 0.018214698953737334, ""class_weight"": ""balanced"", ""scheduler"": ""none"", ""grad_clip"": 5.0, ""criterio"": ""val_loss"", ""loss"": ""focal"", ""label_smooth"": 0.0, ""focal_gamma"": 2.007025567677695, ""refit_trainval"": false}","[42, 1, 7, 2024, 100]",8673,1764,1771,0.3505,0.3138,0.0818,0.3203,0.2919,0.053,0.4572,0.1022,0.4013,-0.1182,0.51,0.9777,-0.8689,46.2,3.6,50.2,"[1, 4, 20, 10, 22]",70.9,True,pliegue 2020
2026-08-15 01:51:47,WF-v5,v1,LR,WF2021,final,global,GLOBAL,,"{""penalty"": ""l2"", ""C"": 0.00016491236228800314, ""class_weight"": ""balanced"", ""escalador"": ""robust""}","[42, 1, 7, 2024, 100]",8806,1771,1764,0.3616,0.3616,0.0,0.3878,0.3878,0.0,0.3382,0.5399,0.2854,0.9331,0.5256,1.2647,-0.2905,26.6,51.2,22.2,[],47.1,True,pliegue 2021
2026-08-15 01:53:15,WF-v5,v1,XGBoost,WF2021,final,global,GLOBAL,,"{""n_estimators"": 485, ""max_depth"": 9, ""learning_rate"": 0.073686514801497, ""subsample"": 0.9716588679987582, ""colsample_bytree"": 0.9344371907011841, ""min_child_weight"": 2, ""gamma"": 0.034828439862122, ""reg_alpha"": 1.697838781005609, ""reg_lambda"": 5.226243589741432, ""escalador"": ""standard""}","[42, 1, 7, 2024, 100]",8806,1771,1764,0.3795,0.3784,0.0034,0.3576,0.3564,0.006,0.2661,0.5757,0.2311,0.2255,0.5215,1.073,-0.4554,16.5,65.8,17.7,[],87.4,True,pliegue 2021
2026-08-15 01:54:39,WF-v5,v1,LSTM,WF2021,final,global,GLOBAL,10,"{""lookback"": 10, ""escalador"": ""robust"", ""clip"": 0.0, ""alineado"": true, ""arch"": ""lstm"", ""hidden"": 118, ""layers"": 2, ""dropout"": 0.43076719561956667, ""bidir"": false, ""pooling"": ""attn"", ""filtros"": [64, 128, 192], ""kernel"": 3, ""dilatacion"": 1, ""batchnorm"": true, ""fc_dim"": 128, ""pool_cnn"": ""gap_gmp"", ""epochs"": 100, ""patience"": 20, ""batch"": 64, ""lr"": 0.00015934275835801813, ""weight_decay"": 0.0007777647470212787, ""class_weight"": ""balanced"", ""scheduler"": ""plateau"", ""grad_clip"": 5.0, ""criterio"": ""val_loss"", ""loss"": ""focal"", ""label_smooth"": 0.0, ""focal_gamma"": 1.4326011305186719, ""refit_trainval"": false}","[42, 1, 7, 2024, 100]",8806,1771,1764,0.3246,0.3211,0.0171,0.2642,0.2729,0.0281,0.2321,0.1607,0.4,-0.5133,0.4766,0.9064,-0.8411,16.1,10.3,73.6,"[9, 4, 4, 5, 4]",84.0,True,pliegue 2021
2026-08-15 01:56:44,WF-v5,v1,CNN,WF2021,final,global,GLOBAL,10,"{""lookback"": 10, ""escalador"": ""robust"", ""clip"": 0.0, ""alineado"": true, ""arch"": ""cnn"", ""hidden"": 128, ""layers"": 2, ""dropout"": 0.1576717004659018, ""bidir"": true, ""pooling"": ""last"", ""filtros"": [50, 100], ""kernel"": 7, ""dilatacion"": 1, ""batchnorm"": false, ""fc_dim"": 101, ""pool_cnn"": ""gap"", ""epochs"": 100, ""patience"": 20, ""batch"": 128, ""lr"": 1.2120246019447426e-05, ""weight_decay"": 0.05598223252076369, ""class_weight"": ""balanced"", ""scheduler"": ""plateau"", ""grad_clip"": 0.5, ""criterio"": ""val_f1_ma3"", ""loss"": ""focal"", ""label_smooth"": 0.0, ""focal_gamma"": 2.480189988405459, ""refit_trainval"": false}","[42, 1, 7, 2024, 100]",8806,1771,1764,0.3097,0.3076,0.0067,0.2572,0.2587,0.0128,0.2907,0.0799,0.4011,-0.5181,0.4824,0.9084,-0.7821,21.8,4.9,73.3,"[52, 69, 88, 4, 100]",125.2,True,pliegue 2021
2026-08-15 01:57:37,WF-v5,v1,CNN-LSTM,WF2021,final,global,GLOBAL,20,"{""lookback"": 20, ""escalador"": ""robust"", ""clip"": 0.0, ""alineado"": true, ""arch"": ""cnn_lstm"", ""hidden"": 136, ""layers"": 1, ""dropout"": 0.42249595653190186, ""bidir"": false, ""pooling"": ""last"", ""filtros"": [77, 154], ""kernel"": 7, ""dilatacion"": 1, ""batchnorm"": true, ""fc_dim"": 128, ""pool_cnn"": ""gap_gmp"", ""epochs"": 100, ""patience"": 20, ""batch"": 128, ""lr"": 0.0004397620359576416, ""weight_decay"": 0.018214698953737334, ""class_weight"": ""balanced"", ""scheduler"": ""none"", ""grad_clip"": 5.0, ""criterio"": ""val_loss"", ""loss"": ""focal"", ""label_smooth"": 0.0, ""focal_gamma"": 2.007025567677695, ""refit_trainval"": false}","[42, 1, 7, 2024, 100]",8806,1771,1764,0.3108,0.2955,0.0218,0.2737,0.2704,0.0672,0.2237,0.1898,0.4077,-0.5638,0.4698,0.8978,-0.8401,14.2,10.8,75.0,"[5, 3, 3, 2, 3]",53.5,True,pliegue 2021
2026-08-15 01:58:24,WF-v5,v1,LR,WF2022,final,global,GLOBAL,,"{""penalty"": ""l2"", ""C"": 0.00016491236228800314, ""class_weight"": ""balanced"", ""escalador"": ""robust""}","[42, 1, 7, 2024, 100]",8813,1764,1757,0.386,0.386,0.0,0.3143,0.3143,0.0,0.4498,0.2302,0.2628,0.1377,0.4815,1.0262,-0.7334,65.0,13.9,21.1,[],46.7,True,pliegue 2022
2026-08-15 01:59:52,WF-v5,v1,XGBoost,WF2022,final,global,GLOBAL,,"{""n_estimators"": 485, ""max_depth"": 9, ""learning_rate"": 0.073686514801497, ""subsample"": 0.9716588679987582, ""colsample_bytree"": 0.9344371907011841, ""min_child_weight"": 2, ""gamma"": 0.034828439862122, ""reg_alpha"": 1.697838781005609, ""reg_lambda"": 5.226243589741432, ""escalador"": ""standard""}","[42, 1, 7, 2024, 100]",8813,1764,1757,0.3719,0.3695,0.0051,0.3469,0.3505,0.0033,0.4544,0.3484,0.2377,-0.1339,0.4966,0.9735,-0.8262,62.3,24.5,13.3,[],87.6,True,pliegue 2022
2026-08-15 02:01:14,WF-v5,v1,LSTM,WF2022,final,global,GLOBAL,10,"{""lookback"": 10, ""escalador"": ""robust"", ""clip"": 0.0, ""alineado"": true, ""arch"": ""lstm"", ""hidden"": 118, ""layers"": 2, ""dropout"": 0.43076719561956667, ""bidir"": false, ""pooling"": ""attn"", ""filtros"": [64, 128, 192], ""kernel"": 3, ""dilatacion"": 1, ""batchnorm"": true, ""fc_dim"": 128, ""pool_cnn"": ""gap_gmp"", ""epochs"": 100, ""patience"": 20, ""batch"": 64, ""lr"": 0.00015934275835801813, ""weight_decay"": 0.0007777647470212787, ""class_weight"": ""balanced"", ""scheduler"": ""plateau"", ""grad_clip"": 5.0, ""criterio"": ""val_loss"", ""loss"": ""focal"", ""label_smooth"": 0.0, ""focal_gamma"": 1.4326011305186719, ""refit_trainval"": false}","[42, 1, 7, 2024, 100]",8813,1764,1757,0.3363,0.3354,0.0116,0.3656,0.3579,0.0251,0.4012,0.4,0.2956,-0.654,0.4812,0.8706,-0.9199,47.2,32.0,20.8,"[4, 3, 2, 5, 8]",82.0,True,pliegue 2022
2026-08-15 02:02:35,WF-v5,v1,CNN,WF2022,final,global,GLOBAL,10,"{""lookback"": 10, ""escalador"": ""robust"", ""clip"": 0.0, ""alineado"": true, ""arch"": ""cnn"", ""hidden"": 128, ""layers"": 2, ""dropout"": 0.1576717004659018, ""bidir"": true, ""pooling"": ""last"", ""filtros"": [50, 100], ""kernel"": 7, ""dilatacion"": 1, ""batchnorm"": false, ""fc_dim"": 101, ""pool_cnn"": ""gap"", ""epochs"": 100, ""patience"": 20, ""batch"": 128, ""lr"": 1.2120246019447426e-05, ""weight_decay"": 0.05598223252076369, ""class_weight"": ""balanced"", ""scheduler"": ""plateau"", ""grad_clip"": 0.5, ""criterio"": ""val_f1_ma3"", ""loss"": ""focal"", ""label_smooth"": 0.0, ""focal_gamma"": 2.480189988405459, ""refit_trainval"": false}","[42, 1, 7, 2024, 100]",8813,1764,1757,0.2885,0.2919,0.0491,0.3142,0.2886,0.0362,0.4544,0.1614,0.3267,-0.5163,0.4985,0.9116,-0.9262,67.8,6.0,26.2,"[63, 1, 1, 4, 100]",81.0,True,pliegue 2022
2026-08-15 02:03:26,WF-v5,v1,CNN-LSTM,WF2022,final,global,GLOBAL,20,"{""lookback"": 20, ""escalador"": ""robust"", ""clip"": 0.0, ""alineado"": true, ""arch"": ""cnn_lstm"", ""hidden"": 136, ""layers"": 1, ""dropout"": 0.42249595653190186, ""bidir"": false, ""pooling"": ""last"", ""filtros"": [77, 154], ""kernel"": 7, ""dilatacion"": 1, ""batchnorm"": true, ""fc_dim"": 128, ""pool_cnn"": ""gap_gmp"", ""epochs"": 100, ""patience"": 20, ""batch"": 128, ""lr"": 0.0004397620359576416, ""weight_decay"": 0.018214698953737334, ""class_weight"": ""balanced"", ""scheduler"": ""none"", ""grad_clip"": 5.0, ""criterio"": ""val_loss"", ""loss"": ""focal"", ""label_smooth"": 0.0, ""focal_gamma"": 2.007025567677695, ""refit_trainval"": false}","[42, 1, 7, 2024, 100]",8813,1764,1757,0.3321,0.3323,0.0171,0.3512,0.3399,0.015,0.3624,0.2827,0.4086,0.0861,0.4884,1.0165,-0.7247,37.7,16.7,45.6,"[2, 3, 3, 1, 3]",51.9,True,pliegue 2022
2026-08-15 02:04:13,WF-v5,v1,LR,WF2023,final,global,GLOBAL,,"{""penalty"": ""l2"", ""C"": 0.00016491236228800314, ""class_weight"": ""balanced"", ""escalador"": ""robust""}","[42, 1, 7, 2024, 100]",8813,1757,1750,0.3215,0.3215,0.0,0.335,0.335,0.0,0.2237,0.5604,0.2208,-0.1694,0.5088,0.95,-0.612,14.3,64.4,21.3,[],46.7,True,pliegue 2023
2026-08-15 02:05:40,WF-v5,v1,XGBoost,WF2023,final,global,GLOBAL,,"{""n_estimators"": 485, ""max_depth"": 9, ""learning_rate"": 0.073686514801497, ""subsample"": 0.9716588679987582, ""colsample_bytree"": 0.9344371907011841, ""min_child_weight"": 2, ""gamma"": 0.034828439862122, ""reg_alpha"": 1.697838781005609, ""reg_lambda"": 5.226243589741432, ""escalador"": ""standard""}","[42, 1, 7, 2024, 100]",8813,1757,1750,0.3503,0.3485,0.0035,0.3297,0.3265,0.0053,0.2249,0.5499,0.2143,-0.3118,0.4868,0.9117,-0.7046,14.1,61.1,24.8,[],87.2,True,pliegue 2023
2026-08-15 02:07:10,WF-v5,v1,LSTM,WF2023,final,global,GLOBAL,10,"{""lookback"": 10, ""escalador"": ""robust"", ""clip"": 0.0, ""alineado"": true, ""arch"": ""lstm"", ""hidden"": 118, ""layers"": 2, ""dropout"": 0.43076719561956667, ""bidir"": false, ""pooling"": ""attn"", ""filtros"": [64, 128, 192], ""kernel"": 3, ""dilatacion"": 1, ""batchnorm"": true, ""fc_dim"": 128, ""pool_cnn"": ""gap_gmp"", ""epochs"": 100, ""patience"": 20, ""batch"": 64, ""lr"": 0.00015934275835801813, ""weight_decay"": 0.0007777647470212787, ""class_weight"": ""balanced"", ""scheduler"": ""plateau"", ""grad_clip"": 5.0, ""criterio"": ""val_loss"", ""loss"": ""focal"", ""label_smooth"": 0.0, ""focal_gamma"": 1.4326011305186719, ""refit_trainval"": false}","[42, 1, 7, 2024, 100]",8813,1757,1750,0.323,0.341,0.024,0.3124,0.3061,0.0227,0.1546,0.4226,0.36,-0.4856,0.4844,0.8963,-0.801,5.4,37.8,56.8,"[15, 7, 3, 7, 1]",89.3,True,pliegue 2023
2026-08-15 02:08:37,WF-v5,v1,CNN,WF2023,final,global,GLOBAL,10,"{""lookback"": 10, ""escalador"": ""robust"", ""clip"": 0.0, ""alineado"": true, ""arch"": ""cnn"", ""hidden"": 128, ""layers"": 2, ""dropout"": 0.1576717004659018, ""bidir"": true, ""pooling"": ""last"", ""filtros"": [50, 100], ""kernel"": 7, ""dilatacion"": 1, ""batchnorm"": false, ""fc_dim"": 101, ""pool_cnn"": ""gap"", ""epochs"": 100, ""patience"": 20, ""batch"": 128, ""lr"": 1.2120246019447426e-05, ""weight_decay"": 0.05598223252076369, ""class_weight"": ""balanced"", ""scheduler"": ""plateau"", ""grad_clip"": 0.5, ""criterio"": ""val_f1_ma3"", ""loss"": ""focal"", ""label_smooth"": 0.0, ""focal_gamma"": 2.480189988405459, ""refit_trainval"": false}","[42, 1, 7, 2024, 100]",8813,1757,1750,0.3317,0.3179,0.0338,0.3159,0.3047,0.0644,0.2591,0.3388,0.3497,-0.277,0.4947,0.9437,-0.694,16.8,24.7,58.5,"[89, 1, 100, 2, 7]",86.9,True,pliegue 2023
2026-08-15 02:09:31,WF-v5,v1,CNN-LSTM,WF2023,final,global,GLOBAL,20,"{""lookback"": 20, ""escalador"": ""robust"", ""clip"": 0.0, ""alineado"": true, ""arch"": ""cnn_lstm"", ""hidden"": 136, ""layers"": 1, ""dropout"": 0.42249595653190186, ""bidir"": false, ""pooling"": ""last"", ""filtros"": [77, 154], ""kernel"": 7, ""dilatacion"": 1, ""batchnorm"": true, ""fc_dim"": 128, ""pool_cnn"": ""gap_gmp"", ""epochs"": 100, ""patience"": 20, ""batch"": 128, ""lr"": 0.0004397620359576416, ""weight_decay"": 0.018214698953737334, ""class_weight"": ""balanced"", ""scheduler"": ""none"", ""grad_clip"": 5.0, ""criterio"": ""val_loss"", ""loss"": ""focal"", ""label_smooth"": 0.0, ""focal_gamma"": 2.007025567677695, ""refit_trainval"": false}","[42, 1, 7, 2024, 100]",8813,1757,1750,0.3398,0.3386,0.0127,0.3187,0.3218,0.0244,0.2107,0.4246,0.3208,-0.6904,0.4767,0.8521,-0.8623,9.9,37.4,52.7,"[2, 3, 6, 2, 5]",54.7,True,pliegue 2023
2026-08-15 02:10:18,WF-v5,v1,LR,WF2024,final,global,GLOBAL,,"{""penalty"": ""l2"", ""C"": 0.00016491236228800314, ""class_weight"": ""balanced"", ""escalador"": ""robust""}","[42, 1, 7, 2024, 100]",8813,1750,1764,0.3084,0.3084,0.0,0.3252,0.3252,0.0,0.2236,0.5183,0.2337,-0.3387,0.4761,0.8991,-0.6087,15.2,64.4,20.4,[],46.6,True,pliegue 2024
2026-08-15 02:11:45,WF-v5,v1,XGBoost,WF2024,final,global,GLOBAL,,"{""n_estimators"": 485, ""max_depth"": 9, ""learning_rate"": 0.073686514801497, ""subsample"": 0.9716588679987582, ""colsample_bytree"": 0.9344371907011841, ""min_child_weight"": 2, ""gamma"": 0.034828439862122, ""reg_alpha"": 1.697838781005609, ""reg_lambda"": 5.226243589741432, ""escalador"": ""standard""}","[42, 1, 7, 2024, 100]",8813,1750,1764,0.3411,0.3356,0.0065,0.3557,0.3553,0.005,0.2462,0.4567,0.3643,0.5444,0.5084,1.1491,-0.3943,17.9,46.1,35.9,[],86.7,True,pliegue 2024
2026-08-15 02:13:10,WF-v5,v1,LSTM,WF2024,final,global,GLOBAL,10,"{""lookback"": 10, ""escalador"": ""robust"", ""clip"": 0.0, ""alineado"": true, ""arch"": ""lstm"", ""hidden"": 118, ""layers"": 2, ""dropout"": 0.43076719561956667, ""bidir"": false, ""pooling"": ""attn"", ""filtros"": [64, 128, 192], ""kernel"": 3, ""dilatacion"": 1, ""batchnorm"": true, ""fc_dim"": 128, ""pool_cnn"": ""gap_gmp"", ""epochs"": 100, ""patience"": 20, ""batch"": 64, ""lr"": 0.00015934275835801813, ""weight_decay"": 0.0007777647470212787, ""class_weight"": ""balanced"", ""scheduler"": ""plateau"", ""grad_clip"": 5.0, ""criterio"": ""val_loss"", ""loss"": ""focal"", ""label_smooth"": 0.0, ""focal_gamma"": 1.4326011305186719, ""refit_trainval"": false}","[42, 1, 7, 2024, 100]",8813,1750,1764,0.3076,0.3092,0.019,0.3633,0.3615,0.0053,0.2746,0.4557,0.3596,-0.1271,0.507,0.9689,-0.6274,20.7,43.1,36.2,"[7, 4, 4, 8, 5]",85.4,True,pliegue 2024
2026-08-15 02:14:17,WF-v5,v1,CNN,WF2024,final,global,GLOBAL,10,"{""lookback"": 10, ""escalador"": ""robust"", ""clip"": 0.0, ""alineado"": true, ""arch"": ""cnn"", ""hidden"": 128, ""layers"": 2, ""dropout"": 0.1576717004659018, ""bidir"": true, ""pooling"": ""last"", ""filtros"": [50, 100], ""kernel"": 7, ""dilatacion"": 1, ""batchnorm"": false, ""fc_dim"": 101, ""pool_cnn"": ""gap"", ""epochs"": 100, ""patience"": 20, ""batch"": 128, ""lr"": 1.2120246019447426e-05, ""weight_decay"": 0.05598223252076369, ""class_weight"": ""balanced"", ""scheduler"": ""plateau"", ""grad_clip"": 0.5, ""criterio"": ""val_f1_ma3"", ""loss"": ""focal"", ""label_smooth"": 0.0, ""focal_gamma"": 2.480189988405459, ""refit_trainval"": false}","[42, 1, 7, 2024, 100]",8813,1750,1764,0.3457,0.3359,0.0177,0.3591,0.344,0.0221,0.293,0.4454,0.3389,-0.5536,0.5038,0.8735,-0.7686,24.9,40.9,34.2,"[19, 13, 40, 5, 29]",66.8,True,pliegue 2024
2026-08-15 02:15:16,WF-v5,v1,CNN-LSTM,WF2024,final,global,GLOBAL,20,"{""lookback"": 20, ""escalador"": ""robust"", ""clip"": 0.0, ""alineado"": true, ""arch"": ""cnn_lstm"", ""hidden"": 136, ""layers"": 1, ""dropout"": 0.42249595653190186, ""bidir"": false, ""pooling"": ""last"", ""filtros"": [77, 154], ""kernel"": 7, ""dilatacion"": 1, ""batchnorm"": true, ""fc_dim"": 128, ""pool_cnn"": ""gap_gmp"", ""epochs"": 100, ""patience"": 20, ""batch"": 128, ""lr"": 0.0004397620359576416, ""weight_decay"": 0.018214698953737334, ""class_weight"": ""balanced"", ""scheduler"": ""none"", ""grad_clip"": 5.0, ""criterio"": ""val_loss"", ""loss"": ""focal"", ""label_smooth"": 0.0, ""focal_gamma"": 2.007025567677695, ""refit_trainval"": false}","[42, 1, 7, 2024, 100]",8813,1750,1764,0.3195,0.3197,0.0193,0.376,0.3522,0.0141,0.3297,0.4344,0.364,0.0402,0.5298,1.0096,-0.6905,27.0,38.3,34.8,"[4, 7, 6, 4, 7]",59.2,True,pliegue 2024
2026-08-15 02:15:50,WF-v5,v1,LR,WF2025,final,global,GLOBAL,,"{""penalty"": ""l2"", ""C"": 0.00016491236228800314, ""class_weight"": ""balanced"", ""escalador"": ""robust""}","[42, 1, 7, 2024, 100]",8806,1764,1736,0.3377,0.3377,0.0,0.3944,0.3944,0.0,0.3108,0.5152,0.3572,0.7229,0.5157,1.1948,-0.5729,19.5,43.3,37.2,[],33.8,True,pliegue 2025
2026-08-15 02:17:18,WF-v5,v1,XGBoost,WF2025,final,global,GLOBAL,,"{""n_estimators"": 485, ""max_depth"": 9, ""learning_rate"": 0.073686514801497, ""subsample"": 0.9716588679987582, ""colsample_bytree"": 0.9344371907011841, ""min_child_weight"": 2, ""gamma"": 0.034828439862122, ""reg_alpha"": 1.697838781005609, ""reg_lambda"": 5.226243589741432, ""escalador"": ""standard""}","[42, 1, 7, 2024, 100]",8806,1764,1736,0.362,0.3606,0.0042,0.3594,0.3603,0.0084,0.3216,0.3943,0.3622,0.4129,0.478,1.0997,-0.5557,25.8,30.6,43.6,[],87.9,True,pliegue 2025
2026-08-15 02:18:40,WF-v5,v1,LSTM,WF2025,final,global,GLOBAL,10,"{""lookback"": 10, ""escalador"": ""robust"", ""clip"": 0.0, ""alineado"": true, ""arch"": ""lstm"", ""hidden"": 118, ""layers"": 2, ""dropout"": 0.43076719561956667, ""bidir"": false, ""pooling"": ""attn"", ""filtros"": [64, 128, 192], ""kernel"": 3, ""dilatacion"": 1, ""batchnorm"": true, ""fc_dim"": 128, ""pool_cnn"": ""gap_gmp"", ""epochs"": 100, ""patience"": 20, ""batch"": 64, ""lr"": 0.00015934275835801813, ""weight_decay"": 0.0007777647470212787, ""class_weight"": ""balanced"", ""scheduler"": ""plateau"", ""grad_clip"": 5.0, ""criterio"": ""val_loss"", ""loss"": ""focal"", ""label_smooth"": 0.0, ""focal_gamma"": 1.4326011305186719, ""refit_trainval"": false}","[42, 1, 7, 2024, 100]",8806,1764,1736,0.2785,0.2933,0.0165,0.284,0.2814,0.0213,0.2044,0.2392,0.4084,-0.609,0.4726,0.8833,-0.8943,14.0,13.7,72.3,"[4, 8, 3, 6, 2]",82.4,True,pliegue 2025
2026-08-15 02:20:29,WF-v5,v1,CNN,WF2025,final,global,GLOBAL,10,"{""lookback"": 10, ""escalador"": ""robust"", ""clip"": 0.0, ""alineado"": true, ""arch"": ""cnn"", ""hidden"": 128, ""layers"": 2, ""dropout"": 0.1576717004659018, ""bidir"": true, ""pooling"": ""last"", ""filtros"": [50, 100], ""kernel"": 7, ""dilatacion"": 1, ""batchnorm"": false, ""fc_dim"": 101, ""pool_cnn"": ""gap"", ""epochs"": 100, ""patience"": 20, ""batch"": 128, ""lr"": 1.2120246019447426e-05, ""weight_decay"": 0.05598223252076369, ""class_weight"": ""balanced"", ""scheduler"": ""plateau"", ""grad_clip"": 0.5, ""criterio"": ""val_f1_ma3"", ""loss"": ""focal"", ""label_smooth"": 0.0, ""focal_gamma"": 2.480189988405459, ""refit_trainval"": false}","[42, 1, 7, 2024, 100]",8806,1764,1736,0.2493,0.2721,0.0422,0.2269,0.2512,0.0258,0.1463,0.1068,0.4277,-0.6777,0.4805,0.8763,-0.8924,10.3,5.3,84.4,"[70, 1, 95, 5, 100]",108.9,True,pliegue 2025
