ticker,p_sell,p_hold,p_buy,y_true,y_true_lbl,r_forward
AAPL,0.3951084091903969,0.2719277895312369,0.33296380127836617,1,HOLD,-0.002011505726320049
AAPL,0.37389414121930403,0.3008799716725901,0.3252258871081058,2,BUY,0.00671637533317459
AAPL,0.35642239271503084,0.30780539292603615,0.33577221435893295,0,SELL,-0.011453089516603522
AAPL,0.3607480609636208,0.27609241625769926,0.36315952277867997,1,HOLD,0.0020209201818137887
AAPL,0.3891550274185711,0.2725951500945413,0.33824982248688756,0,SELL,-0.024398977231404485
AAPL,0.3869658035282254,0.23722619282981647,0.37580800364195804,0,SELL,-0.010398045921389152
AAPL,0.3946096996125992,0.24690781751980356,0.3584824828675972,1,HOLD,-0.004789573821754948
AAPL,0.3715663430371645,0.2645226323154136,0.36391102464742187,2,BUY,0.019484732241861133
AAPL,0.3782282514444748,0.30739324169038484,0.3143785068651403,0,SELL,-0.04123882999012096
AAPL,0.3688697917022264,0.2834999962765665,0.34763021202120714,2,BUY,0.007506984902950754
AAPL,0.3608869182624976,0.29769624092293134,0.3414168408145711,0,SELL,-0.03243624709178038
AAPL,0.37489885336005135,0.28340587656083505,0.34169527007911354,1,HOLD,0.005330640517407009
AAPL,0.36472158688737777,0.3185748789867776,0.31670353412584457,1,HOLD,-0.0007596845483829761
AAPL,0.3610820848259972,0.3069601810117276,0.33195773416227514,1,HOLD,-0.003942348971352075
AAPL,0.32733532178054003,0.32428093213834785,0.3483837460811121,2,BUY,0.03128575899488104
AAPL,0.34367856252115225,0.2730170781293151,0.38330435934953266,2,BUY,0.035892052158562164
AAPL,0.3538750355020921,0.299926286108478,0.3461986783894301,1,HOLD,0.004606184498609191
AAPL,0.3534624015922177,0.31762935001219683,0.32890824839558547,0,SELL,-0.007422292718651752
AAPL,0.3602408266751783,0.317197905249895,0.32256126807492663,0,SELL,-0.006714557627923389
AAPL,0.36012215962265903,0.2965466322635024,0.3433312081138385,0,SELL,-0.03444240082847232
AAPL,0.36737935289677015,0.2658553549589727,0.36676529214425707,2,BUY,0.02079030004340246
AAPL,0.36042186246045477,0.3016188574992009,0.3379592800403443,1,HOLD,-0.0014185722272181526
AAPL,0.35963760234297376,0.32209787957831365,0.3182645180787126,1,HOLD,0.0032210325345983335
AAPL,0.36482070941308553,0.331062739240391,0.3041165513465236,0,SELL,-0.024260651424094306
AAPL,0.34460936586080776,0.3151116396713044,0.34027899446788784,1,HOLD,0.0011866721627969126
AAPL,0.340076836944054,0.3354541126248865,0.3244690504310596,2,BUY,0.021596827539519713
AAPL,0.348097664137189,0.3176624516579596,0.33423988420485146,2,BUY,0.018105290857913178
AAPL,0.3592716216059778,0.32424459868059685,0.3164837797134253,2,BUY,0.019482254180378637
AAPL,0.37298765829388364,0.33472813070352736,0.29228421100258895,2,BUY,0.012630506825246144
AAPL,0.3331561015872272,0.3620640656959613,0.3047798327168115,1,HOLD,-0.0005316395030391844
AAPL,0.36294777055377725,0.33790639861789645,0.2991458308283262,1,HOLD,0.0016348152823846033
AAPL,0.3618104618147226,0.34253553936552994,0.2956539988197474,1,HOLD,0.003912873750785833
AAPL,0.3488767869689002,0.34526607893938266,0.30585713409171716,1,HOLD,-0.0011396819437307112
AAPL,0.34796106986082065,0.29295534095914916,0.35908358918003025,1,HOLD,0.006292521115498759
AAPL,0.3555497725989409,0.2925809509989776,0.35186927640208154,1,HOLD,-0.00024290221370098827
AAPL,0.37355070499500304,0.2720750709108862,0.35437422409411073,0,SELL,-0.02741242223505759
AAPL,0.37708787914680025,0.2829860891023943,0.33992603175080544,0,SELL,-0.012812641569737163
AAPL,0.3640768766315345,0.24475606380289622,0.3911670595655694,2,BUY,0.018951168699580183
AAPL,0.4201725926774528,0.2514225810698905,0.3284048262526567,0,SELL,-0.015879594879338637
AAPL,0.3752034355757668,0.22310598826239883,0.4016905761618344,0,SELL,-0.008861605915058862
AAPL,0.38203448829873504,0.20178726530079966,0.41617824640046536,1,HOLD,-0.0008055957397364676
AAPL,0.4406925747608992,0.20899282307472813,0.35031460216437255,1,HOLD,-0.001740708014752158
AAPL,0.3965240800177889,0.18559535482308212,0.41788056515912897,2,BUY,0.015767610675535417
AAPL,0.38432018192875594,0.2163085149276319,0.3993713031436122,0,SELL,-0.04969413155181917
AAPL,0.38791209398576065,0.15211815190747488,0.45996975410676444,0,SELL,-0.029623889025018828
AAPL,0.4045667998580659,0.14977024613495124,0.44566295400698275,0,SELL,-0.017633190150835046
AAPL,0.41258496138625717,0.18220997580805218,0.4052050628056907,0,SELL,-0.03422271635173199
AAPL,0.3821861800971157,0.18214608942699606,0.4356677304758882,2,BUY,0.018007462482224464
AAPL,0.39213709442353195,0.22686226367748283,0.38100064189898514,1,HOLD,0.002386070684561593
AAPL,0.3643725057843166,0.24238564604791107,0.3932418481677723,0,SELL,-0.00614026484512594
AAPL,0.3500772734120932,0.2362733961923612,0.41364933039554563,2,BUY,0.011917863722647894
AAPL,0.3748993599986506,0.2467021384223264,0.37839850157902294,0,SELL,-0.005310358229997269
AAPL,0.3634114699729805,0.24579634311464357,0.3907921869123759,2,BUY,0.0192895473294916
AAPL,0.35862376853733946,0.25774345785592445,0.38363277360673603,2,BUY,0.011207340623392592
AAPL,0.35706694343905476,0.3024876785036753,0.34044537805726993,2,BUY,0.013589201690468958
AAPL,0.3375552567159348,0.3264474313052456,0.33599731197881966,0,SELL,-0.009971366623139497
AAPL,0.350309326507939,0.292815299708958,0.356875373783103,2,BUY,0.010418320079936597
AAPL,0.3637408016538997,0.2915787373792447,0.3446804609668555,0,SELL,-0.02694007574937298
AAPL,0.34108212414582034,0.2571615473700556,0.40175632848412407,2,BUY,0.019226602799953564
AAPL,0.37436385642215175,0.24332528960045763,0.3823108539773905,1,HOLD,0.004760582090394603
AAPL,0.3731830106889661,0.2690787492131245,0.35773824009790933,1,HOLD,0.003131424661602211
AAPL,0.38740590493468696,0.27285783818947795,0.339736256875835,0,SELL,-0.09701341539112458
AAPL,0.4003080078486087,0.13571805140288493,0.46397394074850634,0,SELL,-0.07568020285383666
AAPL,0.381922738872866,0.05534189272941446,0.5627353683977196,0,SELL,-0.037425944633356655
AAPL,0.4194014338880468,0.04919818255075498,0.5314003835611981,0,SELL,-0.051102012116553935
AAPL,0.4219958406355395,0.04915922710381034,0.5288449322606501,2,BUY,0.14261757983773518
AAPL,0.5879013194035163,0.1215533869645446,0.29054529363193915,0,SELL,-0.043318766741113346
AAPL,0.411904920974858,0.08887763775473716,0.49921744127040485,2,BUY,0.039792247300101384
AAPL,0.45388631272097857,0.13227951283916617,0.41383417443985526,2,BUY,0.021814363470558026
AAPL,0.40398699944921934,0.16822995706420937,0.4277830434865712,1,HOLD,-0.0018782257100493861
AAPL,0.40311988431142737,0.18219721931390087,0.4146828963746718,0,SELL,-0.039711494682613896
AAPL,0.40233774104375575,0.1594297026770375,0.4382325562792067,2,BUY,0.013853189838727168
AAPL,0.4229503566960644,0.17778434103950128,0.3992653022644343,0,SELL,-0.019583250230122043
AAPL,0.38174935696811096,0.16106855331173653,0.4571820897201524,2,BUY,0.033497690943422094
AAPL,0.4303877139867809,0.19490523710403515,0.37470704890918394,2,BUY,0.02404027017405486
AAPL,0.4298405899626227,0.20048413342268695,0.3696752766146903,2,BUY,0.018258450714242275
AAPL,0.4297076537017978,0.2298065633665861,0.3404857829316161,1,HOLD,0.004357652325780252
AAPL,0.37862086276523166,0.26067411713948163,0.36070502009528665,1,HOLD,0.004101025382888895
AAPL,0.37930151928274974,0.25067095334899914,0.3700275273682511,1,HOLD,0.005078907896642737
AAPL,0.37850501975157974,0.273674344232678,0.3478206360157422,1,HOLD,0.006089047804380452
AAPL,0.40361886561355353,0.2532500603803894,0.343131074006057,1,HOLD,0.003851446517865031
AAPL,0.39930578155512747,0.27052498162434596,0.33016923682052646,0,SELL,-0.038077521816382055
AAPL,0.40256101172185915,0.2594233795539383,0.3380156087242025,0,SELL,-0.03196405584289274
AAPL,0.35565329799183243,0.27418358259017317,0.37016311941799446,1,HOLD,-0.0019123844037805251
AAPL,0.3727581671266159,0.25141267764957403,0.37582915522381005,0,SELL,-0.011450149230458674
AAPL,0.4109446450546243,0.2507291350662292,0.3383262198791465,1,HOLD,0.006298672082177023
AAPL,0.3844579074760954,0.2673275064671483,0.3482145860567563,1,HOLD,0.005252220188113187
AAPL,0.3415955891111209,0.29329841055012834,0.36510600033875074,2,BUY,0.06123268352680133
AAPL,0.36960931683554543,0.3227246655898918,0.3076660175745627,2,BUY,0.010101056215818433
AAPL,0.33959108475069555,0.3464362167302208,0.3139726985190837,1,HOLD,-0.0028217831561660077
AAPL,0.35408141366609497,0.3292899434625483,0.3166286428713568,0,SELL,-0.004153052704613105
AAPL,0.3473067064787377,0.3393402459989972,0.31335304752226517,1,HOLD,-0.0008990293659761774
AAPL,0.3310739685575525,0.3546719009012828,0.3142541305411647,0,SELL,-0.011808522701296861
AAPL,0.3327797271596163,0.3432795535280885,0.32394071931229534,0,SELL,-0.009238802480674083
AAPL,0.3228431796475823,0.33973897182313,0.33741784852928763,0,SELL,-0.023329144395148625
AAPL,0.34095631130133996,0.2988321068610732,0.36021158183758695,1,HOLD,-0.0036188576331059774
AAPL,0.34613563035745637,0.30397002177622595,0.34989434786631773,0,SELL,-0.03071095048956623
AAPL,0.3367375552001509,0.2782870217350573,0.3849754230647918,2,BUY,0.02498354854169106
AAPL,0.3453130630087522,0.32480614806522407,0.32988078892602374,1,HOLD,0.00104828732303026
AAPL,0.3356832706679543,0.3105861455540022,0.35373058377804356,1,HOLD,-0.002347793298986658
AAPL,0.3429888647937186,0.32439774017148243,0.33261339503479903,1,HOLD,0.004491066900633698
AAPL,0.32899344739348213,0.3104667285366501,0.36053982406986784,1,HOLD,0.004223038592199533
AAPL,0.29559831614363147,0.3677622053587424,0.33663947849762615,2,BUY,0.007753672262589979
AAPL,0.3083548820215248,0.36248748246102314,0.3291576355174521,1,HOLD,-0.002216203487944864
AAPL,0.3199387401085623,0.33720910550572986,0.34285215438570793,0,SELL,-0.010856438829481212
AAPL,0.31849839261072155,0.3396997016598905,0.3418019057293879,2,BUY,0.01626524565909584
AAPL,0.30877647985252593,0.3607458116839816,0.3304777084634924,0,SELL,-0.012186486627925944
AAPL,0.3022911730602081,0.3522440344437731,0.34546479249601875,1,HOLD,0.006037726636299317
AAPL,0.29300754134578855,0.37455213982651164,0.3324403188276997,0,SELL,-0.01938030982419538
AAPL,0.2997868940328481,0.36063970095114684,0.33957340501600514,1,HOLD,0.0021106894117195567
AAPL,0.32316485392556654,0.35160024048689087,0.3252349055875426,0,SELL,-0.013901381409216582
AAPL,0.30058687007005913,0.33363153403426726,0.3657815958956736,2,BUY,0.009978032131971447
AAPL,0.2971495176107719,0.3519079730477192,0.350942509341509,0,SELL,-0.014109811963743585
AAPL,0.299820507117468,0.3229748815518546,0.37720461133067745,1,HOLD,0.004793242131453152
AAPL,0.31537130085564485,0.314806720750006,0.3698219783943491,2,BUY,0.022235412523977576
AAPL,0.32547859732968604,0.3043933916745683,0.3701280109957456,1,HOLD,0.0024845808381479544
AAPL,0.3248011093231175,0.33027195967005496,0.34492693100682753,0,SELL,-0.005973168407372299
AAPL,0.29332970687380977,0.3724053118190413,0.3342649813071489,1,HOLD,0.006270873324914723
AAPL,0.29655902796298866,0.36598960115620993,0.33745137088080135,1,HOLD,-0.0027822857556903716
AAPL,0.31451798228744526,0.36856835636971913,0.3169136613428355,1,HOLD,0.0003980088949820225
AAPL,0.2966072263887797,0.36916389364214597,0.3342288799690744,2,BUY,0.020136061766974515
AAPL,0.3053965024578116,0.35942644517233807,0.33517705236985024,2,BUY,0.012833452642264409
AAPL,0.2861792552169121,0.37527861963113734,0.33854212515195053,2,BUY,0.021987220737205337
AAPL,0.30296853160105,0.3928406375434221,0.30419083085552795,1,HOLD,0.0052114546359404825
AAPL,0.2968976162160275,0.4139608319534628,0.28914155183050966,0,SELL,-0.01700167510697276
AAPL,0.2799252368372988,0.38257005204764155,0.33750471111505975,1,HOLD,0.00028579759973666486
AAPL,0.2963906047240746,0.37949010369972397,0.3241192915762014,1,HOLD,0.005366271415913139
AAPL,0.32300666030705505,0.3869552694258081,0.2900380702671369,1,HOLD,0.0059969334396774284
AAPL,0.30710668794322993,0.4025648664262108,0.2903284456305594,0,SELL,-0.005902267935020674
AAPL,0.2958255984213857,0.39743562300161384,0.3067387785770005,0,SELL,-0.01210169433492717
AAPL,0.29619950415346685,0.3938516497631606,0.3099488460833725,1,HOLD,0.0023460715289745234
AAPL,0.2958845173457626,0.36960377527084665,0.3345117073833908,1,HOLD,0.0050087134979031256
AAPL,0.3245870458007766,0.3618047479456546,0.3136082062535689,1,HOLD,-0.0006664390568958011
AAPL,0.31504205488139025,0.3817536610638542,0.3032042840547555,1,HOLD,0.00550807738367113
AAPL,0.30068214032388396,0.3863584627022971,0.3129593969738188,1,HOLD,0.006136992592796734
AAPL,0.28199740438788184,0.384392264516193,0.3336103310959251,2,BUY,0.008995608062564086
AAPL,0.2879513950196321,0.398479281271143,0.3135693237092248,1,HOLD,-0.0011667041677289938
AAPL,0.3139466120988056,0.3979019334607933,0.2881514544404012,1,HOLD,-0.001822921241873524
AAPL,0.29562454624457124,0.39766506803203283,0.30671038572339604,1,HOLD,0.0005613299242606824
AAPL,0.2778863009110175,0.42576541145725794,0.29634828763172466,1,HOLD,0.0007945711497307053
AAPL,0.2755704774452615,0.4180486041657124,0.3063809183890262,0,SELL,-0.013072742970519372
AAPL,0.2784043405730948,0.4116539002631828,0.30994175916372235,0,SELL,-0.0105635130005587
AAPL,0.2971124723504394,0.39278584660214105,0.3101016810474195,0,SELL,-0.007104750713967717
AAPL,0.30291629045393276,0.3550444185090016,0.3420392910370658,0,SELL,-0.025321517440465572
AAPL,0.2979591950920935,0.30897715382298696,0.39306365108491953,1,HOLD,0.004781509365661584
AAPL,0.2925827701742995,0.339336403358669,0.36808082646703155,1,HOLD,-0.0021168961182062526
AAPL,0.27458229232204834,0.35744005205746726,0.3679776556204845,2,BUY,0.04965344618378292
AAPL,0.30940920775116904,0.3461836151142626,0.34440717713456837,2,BUY,0.03129864057229203
AAPL,0.31897845021744997,0.3517517487181258,0.3292698010644242,2,BUY,0.04148535739201776
AAPL,0.3051358110109084,0.37407446678186373,0.3207897222072278,0,SELL,-0.00837237647261632
AAPL,0.2935346247508363,0.38806133296698825,0.31840404228217545,2,BUY,0.010813758371364397
AAPL,0.2932425191014389,0.41003413410643685,0.2967233467921242,2,BUY,0.015897437361664515
AAPL,0.3056396789507143,0.4013633510417181,0.2929969700075676,1,HOLD,-0.002360009613884975
AAPL,0.31066554291732157,0.40009585507297357,0.2892386020097048,0,SELL,-0.005125269260025916
AAPL,0.2954566940912373,0.40334736838742075,0.301195937521342,1,HOLD,-0.003027098981898543
AAPL,0.28001663027376356,0.4137202255794766,0.30626314414676,1,HOLD,-0.001430291785831238
AAPL,0.28956498078464155,0.3992248051759328,0.3112102140394256,0,SELL,-0.01993191816954049
AAPL,0.29891422970159776,0.402364583792483,0.2987211865059192,0,SELL,-0.00492334850628289
AAPL,0.3118219334943097,0.3918363960382473,0.296341670467443,2,BUY,0.012636557853807327
AAPL,0.2992984248751329,0.4143377137827533,0.2863638613421139,1,HOLD,-0.0026378418247804086
AAPL,0.27716512945788335,0.41818111569209876,0.304653754850018,2,BUY,0.0094202286822618
AAPL,0.30982357834907004,0.4066390949005896,0.28353732675034043,1,HOLD,0.005132719840409774
AAPL,0.3073511809455001,0.41986470738867643,0.27278411166582334,2,BUY,0.008940749184059526
AAPL,0.31870998535616024,0.4066639427218312,0.2746260719220085,1,HOLD,-0.0018076343154580796
AAPL,0.3030773803098751,0.4039068329616503,0.29301578672847456,0,SELL,-0.010479434881734952
AAPL,0.32923865346985615,0.37081455347825565,0.2999467930518882,2,BUY,0.0373823332188683
AAPL,0.36062216369931593,0.3592309300835678,0.2801469062171162,1,HOLD,0.00547826662608221
AAPL,0.3369995986023672,0.3967832724787401,0.2662171289188927,1,HOLD,-0.00037541330898129005
AAPL,0.30728094336888756,0.39994185959600104,0.29277719703511135,0,SELL,-0.00758004513282915
AAPL,0.2928991306700511,0.4179299972596695,0.2891708720702795,0,SELL,-0.0149506219450665
AAPL,0.30088028746492307,0.39976665888326124,0.2993530536518156,0,SELL,-0.032791271045805905
AAPL,0.3226723293850069,0.38172026066566,0.29560740994933316,2,BUY,0.014185276809186579
AAPL,0.31058400908160955,0.40946276100421414,0.2799532299141763,2,BUY,0.017410496957209892
AAPL,0.29516875263599557,0.4116492254389405,0.29318202192506393,2,BUY,0.011173249798929598
AAPL,0.3078452362312862,0.4033570336247427,0.2887977301439712,1,HOLD,0.006107248126145962
AAPL,0.31136028684922695,0.37642901123825206,0.312210701912521,1,HOLD,0.003521013968839509
AAPL,0.3206207562387608,0.38341848353371355,0.29596076022752554,1,HOLD,-0.004655392669439339
AAPL,0.3213751028727769,0.3982091196393123,0.28041577748791086,2,BUY,0.03153058391446455
AAPL,0.3443546166995476,0.3492602057090987,0.30638517759135364,2,BUY,0.042192900302590174
AAPL,0.32435108126487966,0.38963957334110194,0.2860093453940184,0,SELL,-0.006464105813548765
AAPL,0.3180841943047463,0.38584145790849067,0.29607434778676295,0,SELL,-0.00836725849202465
AAPL,0.3236486344629708,0.39236958943033845,0.28398177610669084,2,BUY,0.01791159235712427
AAPL,0.33398935515932654,0.3832676183695542,0.2827430264711194,0,SELL,-0.005504221127631377
AAPL,0.3093718820734368,0.40341006010373237,0.2872180578228308,1,HOLD,-0.0040401127374681736
AAPL,0.31653468299613935,0.40515221094931164,0.27831310605454895,1,HOLD,0.0007858061820065801
AAPL,0.3262086415707251,0.39680740447700996,0.27698395395226494,1,HOLD,0.0032151674950933427
AAPL,0.3276089278893449,0.38356105828878584,0.28883001382186924,2,BUY,0.006555096245001334
AAPL,0.33972564387101306,0.3813219346833437,0.2789524214456433,1,HOLD,0.0034553030219053762
AAPL,0.3117885560958257,0.398351737854876,0.28985970604929845,0,SELL,-0.005168026032186899
AAPL,0.3099444821012231,0.3989210819623542,0.29113443593642274,1,HOLD,-0.0008183005676312295
AAPL,0.31654183754669174,0.39128774662514954,0.29217041582815867,1,HOLD,0.0061414329738929815
AAPL,0.3264292691856039,0.40388372712656395,0.2696870036878321,0,SELL,-0.01570052856314726
AAPL,0.3215083297140141,0.39672829923047487,0.281763371055511,0,SELL,-0.035132010240949876
AAPL,0.32879686099479954,0.3229286300731669,0.34827450893203354,2,BUY,0.009697188915848344
AAPL,0.33698001586743204,0.34822273370201196,0.3147972504305561,1,HOLD,0.00044404353368307243
AAPL,0.3490437024552736,0.3272045243803425,0.3237517731643839,2,BUY,0.006316543897858392
AAPL,0.3642276835987794,0.31330572045446964,0.3224665959467509,0,SELL,-0.00760886043856255
AAPL,0.3929732902065916,0.2743356163523573,0.33269109344105113,2,BUY,0.01937056750233797
AAPL,0.32975516424248896,0.3209192551169815,0.3493255806405295,2,BUY,0.03868097494530444
AAPL,0.31796066204520446,0.3407897391671424,0.3412495987876532,1,HOLD,0.0020188933418115364
AAPL,0.3047836720342643,0.3691893300718317,0.326026997893904,0,SELL,-0.016576702058946933
AAPL,0.3348250272380386,0.35553685963139975,0.30963811313056167,1,HOLD,0.004362523603168023
AAPL,0.32375235005088515,0.3721674807746293,0.3040801691744856,2,BUY,0.012404640585310558
AAPL,0.3107989709113641,0.3910487122764352,0.2981523168122007,2,BUY,0.022535316635468854
AAPL,0.2945963382873558,0.42218782361277335,0.2832158380998708,1,HOLD,0.0007065606505676427
AAPL,0.30999536777551945,0.39452946600434874,0.2954751662201318,1,HOLD,0.0025988547161788934
AAPL,0.33812198984591607,0.36955449605868423,0.2923235140953997,1,HOLD,0.006283446827328092
AAPL,0.3362659788992226,0.34755296814724523,0.3161810529535322,1,HOLD,-0.003802262344922466
AAPL,0.32919034220270815,0.36881522745961487,0.30199443033767703,0,SELL,-0.004894215035782787
AAPL,0.3216563881274163,0.372224400074209,0.3061192117983748,1,HOLD,0.003672905070218473
AAPL,0.3201004485779867,0.35541718838409403,0.3244823630379193,1,HOLD,0.00037029605711407865
AAPL,0.3443432063213478,0.3521702477106777,0.30348654596797453,1,HOLD,-0.0013707015250657905
AAPL,0.3344696560208675,0.3340976396712602,0.3314327043078723,0,SELL,-0.004830527423589156
AAPL,0.331617290329234,0.3396041629503008,0.32877854672046525,1,HOLD,0.004538407434672484
AAPL,0.323195192072381,0.36113439049001983,0.3156704174375991,2,BUY,0.02137110593244862
AAPL,0.31068882228630057,0.3878523975387646,0.30145878017493477,0,SELL,-0.006487791833362907
AAPL,0.3395839089780699,0.36256270295688514,0.29785338806504497,1,HOLD,-0.0019032501358421112
AAPL,0.3320429903992172,0.33174769835804674,0.336209311242736,1,HOLD,-0.0019804359095259394
AAPL,0.3261549124716873,0.3306455899158382,0.3431994976124744,0,SELL,-0.018338265985077234
AAPL,0.32132171547513577,0.31245507759303426,0.36622320693182997,1,HOLD,-7.469497556412872e-05
AAPL,0.34456279074852686,0.2822518618277975,0.3731853474236757,1,HOLD,0.004179013490990589
AAPL,0.34757764832448235,0.2835202305555088,0.36890212112000886,0,SELL,-0.008638599469070626
AAPL,0.34177954544350103,0.25152300972279446,0.40669744483370457,2,BUY,0.01948949882234899
AAPL,0.33927599562639565,0.2910536173381884,0.36967038703541605,2,BUY,0.01618582582601152
AAPL,0.3173737284115924,0.33606702736682975,0.34655924422157786,1,HOLD,0.003798202195763628
AAPL,0.3069703444022851,0.3579430022037611,0.3350866533939538,1,HOLD,0.00209182590417099
AAPL,0.31017539601621413,0.3777706278908558,0.31205397609293006,1,HOLD,0.004672952133414649
AAPL,0.2890805619547216,0.41479208720204563,0.2961273508432327,2,BUY,0.015126209461309542
AAPL,0.29905266327701874,0.38667197020933086,0.31427536651365034,2,BUY,0.010855683796743168
AAPL,0.3031236850614875,0.38537885109998815,0.31149746383852445,0,SELL,-0.007153633631999635
AAPL,0.3159516169511335,0.3817968799928341,0.3022515030560325,0,SELL,-0.012215793279375341
AAPL,0.318070463887537,0.3820903885229292,0.2998391475895338,0,SELL,-0.006863570983802831
AAPL,0.29773508311801566,0.3940183735605389,0.30824654332144535,1,HOLD,-0.003197560218945108
AAPL,0.30263024436934816,0.37745481421761173,0.3199149414130401,1,HOLD,-0.0025582890023414006
AAPL,0.30211373904597,0.3790283520460902,0.31885790890793986,1,HOLD,0.005755849221286536
AAPL,0.317464488578871,0.38314956450408527,0.2993859469170438,1,HOLD,-0.0026939160410902646
AAPL,0.3258964264625236,0.38001560672633905,0.2940879668111373,1,HOLD,0.0008988517870461178
AAPL,0.2954707988476203,0.38195762045498544,0.32257158069739433,0,SELL,-0.015098445975886323
AAPL,0.30117777452393457,0.3773720458859198,0.32145017959014555,1,HOLD,0.0018224589395023538
AAPL,0.3054908157246407,0.36650931339065546,0.32799987088470384,0,SELL,-0.010138194827446007
AAPL,0.3161540308909114,0.33997437912129885,0.34387158998778977,1,HOLD,0.001286685099730744
AAPL,0.36401442284719127,0.3255835946255626,0.3104019825272463,1,HOLD,0.005422726861126484
AAPL,0.3549278973282235,0.3077885876899306,0.3372835149818459,0,SELL,-0.009915011500959322
AAPL,0.28775037683084964,0.402528762534323,0.30972086063482723,1,HOLD,0.005116613877828172
AAPL,0.2970343186000054,0.4080351273038825,0.2949305540961121,1,HOLD,0.0053096944255422995
AAPL,0.2952145826952499,0.4145696939152323,0.29021572338951784,1,HOLD,-0.0014984751785940306
AAPL,0.2850034211107906,0.41915978140827875,0.29583679748093067,1,HOLD,0.0013159470067161956
AAPL,0.2741162543800034,0.42491444256109145,0.3009693030589052,1,HOLD,-0.0024870835251959533
NVDA,0.3720794063923127,0.28424693239959337,0.3436736612080939,2,BUY,0.043574381550611226
NVDA,0.34749518499483656,0.32626524299116105,0.32623957201400233,2,BUY,0.033756070053507004
NVDA,0.34143706412535507,0.3180941827701194,0.34046875310452546,0,SELL,-0.06418613606176692
NVDA,0.35320282726469504,0.27855778184969043,0.36823939088561447,1,HOLD,-0.0002140470771220685
NVDA,0.38191532195709593,0.27401076199316216,0.3440739160497419,0,SELL,-0.030434810508772607
NVDA,0.35823387116107724,0.24684335368038765,0.3949227751585352,0,SELL,-0.01991594804979075
NVDA,0.35474238048844914,0.26700266147878693,0.3782549580327639,1,HOLD,-0.011095060700391828
NVDA,0.36699767543883505,0.26197523259418787,0.37102709196697714,2,BUY,0.03343616578197316
NVDA,0.3865931285862617,0.2949176205020671,0.31848925091167113,0,SELL,-0.01979237157166056
NVDA,0.35944841457370963,0.3002776427570702,0.3402739426692201,2,BUY,0.030524318440046147
NVDA,0.35804125675111864,0.3093029797661638,0.33265576348271764,2,BUY,0.022403425677288254
NVDA,0.3575880833748338,0.32294013566260876,0.3194717809625575,2,BUY,0.04335520583876181
NVDA,0.3712634150757112,0.32521069296358823,0.3035258919607006,1,HOLD,0.0010193839943005109
NVDA,0.36063412231936404,0.3427590545011273,0.2966068231795086,0,SELL,-0.03174443740492834
NVDA,0.3286843058308141,0.33731194666962394,0.3340037474995619,0,SELL,-0.1859460486826266
NVDA,0.37410846990788554,0.2059281827119497,0.4199633473801648,2,BUY,0.08549730054987718
NVDA,0.4062960111006584,0.24040200871782208,0.35330198018151965,0,SELL,-0.04187567717055714
NVDA,0.398219496653442,0.2462089509003734,0.35557155244618466,1,HOLD,0.007650554502455861
NVDA,0.40975853693703373,0.25991606719483784,0.33032539586812837,0,SELL,-0.03743489633417001
NVDA,0.3668582973712092,0.2599042878333109,0.37323741479548,0,SELL,-0.02881111168562612
NVDA,0.3815284411323526,0.23349478727593895,0.38497677159170834,1,HOLD,0.016914206165716338
NVDA,0.37289975315031654,0.25771183786369434,0.3693884089859892,2,BUY,0.05077485051581471
NVDA,0.3790790319562899,0.28351058392434636,0.3374103841193637,2,BUY,0.03037583582212831
NVDA,0.39052499610075736,0.28790008135468925,0.32157492254455344,1,HOLD,0.008974120050238163
NVDA,0.3803641112442244,0.27252197752571616,0.3471139112300594,2,BUY,0.02832296972128091
NVDA,0.3582303056796876,0.3083394672172037,0.33343022710310877,1,HOLD,-0.005781540451379172
NVDA,0.3694115283817989,0.2932622239035969,0.3373262477146042,1,HOLD,-0.01257865126465079
NVDA,0.375023890227468,0.29452666311675896,0.3304494466557731,2,BUY,0.031154902860570374
NVDA,0.3769077990977485,0.31992961105806145,0.3031625898441901,2,BUY,0.025973733309642755
NVDA,0.35053985931040615,0.34082355927793395,0.30863658141165984,1,HOLD,0.003953285283349827
NVDA,0.3615383584168142,0.3258464128602936,0.31261522872289227,1,HOLD,-0.0012203144289284471
NVDA,0.37654232277643174,0.31747530046761874,0.3059823767559495,1,HOLD,0.00630060974003788
NVDA,0.38102887802643376,0.3115231218072515,0.30744800016631474,0,SELL,-0.04138426330905019
NVDA,0.35663689482153255,0.2854288240553862,0.3579342811230812,0,SELL,-0.03135748577583991
NVDA,0.36330182658143506,0.26670725328049666,0.3699909201380682,0,SELL,-0.028416584572387975
NVDA,0.38413882648777475,0.24944883570025977,0.3664123378119655,2,BUY,0.03606298840298956
NVDA,0.39050880916281366,0.23991283664699384,0.3695783541901924,0,SELL,-0.08859145138795066
NVDA,0.3853942675316379,0.20130835512550033,0.41329737734286187,2,BUY,0.03893246799676826
NVDA,0.39324002140363284,0.23479128661177576,0.37196869198459154,0,SELL,-0.09094886812093542
NVDA,0.3741413968820287,0.18349239532824924,0.442366207789722,1,HOLD,0.01677934865633183
NVDA,0.37696381435958964,0.1687927353952809,0.4542434502451295,1,HOLD,0.011230835522425093
NVDA,0.4267547672886458,0.19172323867986832,0.38152199403148596,0,SELL,-0.05908597552508898
NVDA,0.39035869259345923,0.16287629881064317,0.4467650085958977,2,BUY,0.01899190692690696
NVDA,0.40256988850448816,0.17386045780280437,0.4235696536927073,0,SELL,-0.051998856567778945
NVDA,0.3614557427939817,0.13328333883044635,0.505260918375572,1,HOLD,0.016501737643914757
NVDA,0.3811187908043856,0.1359318785873015,0.4829493306083128,2,BUY,0.06229466722872613
NVDA,0.4060703422370995,0.17261823480167843,0.4213114229612221,1,HOLD,-0.0013833270351496358
NVDA,0.38834384627813895,0.17198380194112908,0.4396723517807319,2,BUY,0.051349503358979635
NVDA,0.3899623682299985,0.23212874024356225,0.3779088915264392,0,SELL,-0.017745076192819703
NVDA,0.35802856346511025,0.24886999028531875,0.393101446249571,0,SELL,-0.034903127403256934
NVDA,0.35315154690066364,0.22336528350360849,0.423483169595728,1,HOLD,0.017944185713931787
NVDA,0.3830633580965165,0.23784348679251816,0.3790931551109653,1,HOLD,0.00855759219508468
NVDA,0.3578068266609639,0.25799749678018014,0.384195676558856,1,HOLD,-0.007027070855381454
NVDA,0.3539487099991876,0.2695601527007445,0.37649113730006784,2,BUY,0.031034325734698574
NVDA,0.34382189189714985,0.318419398616692,0.3377587094861581,1,HOLD,-0.005947997580503561
NVDA,0.34278727258292774,0.3126320707593172,0.344580656657755,0,SELL,-0.059134310275674694
NVDA,0.35148340616142343,0.28550823182586693,0.3630083620127097,0,SELL,-0.020694319286351886
NVDA,0.363252913567995,0.26773359119354356,0.3690134952384615,1,HOLD,-0.01592077694349004
NVDA,0.3428782994894831,0.24268780207586366,0.4144338984346533,1,HOLD,-0.011832353585052373
NVDA,0.37168874673968644,0.22598583157641508,0.4023254216838984,1,HOLD,0.01619958812828833
NVDA,0.37358589223645,0.24023600838044867,0.3861780993831014,1,HOLD,0.002448127312958385
NVDA,0.3797841097911792,0.2437095113234791,0.37650637888534166,0,SELL,-0.08128106646665656
NVDA,0.36417747163781916,0.13805463634635737,0.49776789201582355,0,SELL,-0.07642295152473849
NVDA,0.37499967467889755,0.055428797667502035,0.5695715276536004,2,BUY,0.034700022546239474
NVDA,0.41524876369515107,0.054702248009248666,0.5300489882956003,1,HOLD,-0.013818918685907799
NVDA,0.41156115259002723,0.052321397915308036,0.5361174494946647,2,BUY,0.1716206566786014
NVDA,0.5684866730538428,0.13450529309629383,0.29700803384986324,0,SELL,-0.06094720820004916
NVDA,0.41036826082923994,0.09089607008183007,0.4987356690889299,2,BUY,0.030757562677878148
NVDA,0.435989766153029,0.13892643862204343,0.42508379522492756,1,HOLD,-0.001985198741229029
NVDA,0.3879078739273481,0.1827170827668397,0.42937504330581217,1,HOLD,0.013368805296761056
NVDA,0.3846094387958793,0.19539857452583306,0.4199919866782877,0,SELL,-0.07119154777139383
NVDA,0.40770928534187817,0.1482368511114854,0.44405386354663645,0,SELL,-0.02913122409811859
NVDA,0.41004105896463305,0.1857531674021224,0.4042057736332445,0,SELL,-0.04617737977834921
NVDA,0.37234957095508864,0.16073030685315617,0.4669201221917552,2,BUY,0.020225297468870862
NVDA,0.430906990649921,0.18542234844195504,0.383670660908124,2,BUY,0.03790135709485257
NVDA,0.422773120289086,0.2045884304560091,0.3726384492549048,2,BUY,0.035578012414590604
NVDA,0.42361641852774645,0.23126785685027737,0.3451157246219761,2,BUY,0.042132911308412305
NVDA,0.39035755759505686,0.2428549366457991,0.36678750575914404,0,SELL,-0.020752557799449293
NVDA,0.3853285798090048,0.2428410602888905,0.3718303599021047,1,HOLD,0.0026634717032644885
NVDA,0.3798034944831232,0.26176141133824204,0.35843509417863484,1,HOLD,-0.0009176760415842781
NVDA,0.3924140542601495,0.2554283193744257,0.3521576263654247,2,BUY,0.024397011671066938
NVDA,0.393876033105513,0.2584194553607058,0.34770451153378124,2,BUY,0.02556424954741541
NVDA,0.37869608501420693,0.28428484918662916,0.3370190657991639,1,HOLD,-0.0059566391374187445
NVDA,0.34388686694704435,0.292692082017469,0.3634210510354867,1,HOLD,-0.002462953747123112
NVDA,0.35417910296659527,0.27431467161667944,0.3715062254167253,2,BUY,0.03053137522671381
NVDA,0.3871395231407427,0.28014639062478436,0.332714086234473,1,HOLD,0.0026447956189682383
NVDA,0.37662438051879477,0.2937134700849619,0.3296621493962433,1,HOLD,-0.006153430112763323
NVDA,0.34015906924035927,0.31175304954082506,0.34808788121881573,2,BUY,0.05300634876742282
NVDA,0.35418423627204937,0.3504884487285013,0.29532731499944925,2,BUY,0.05481143125028611
NVDA,0.3421214085076175,0.33846715236910024,0.31941143912328224,2,BUY,0.040794262711428365
NVDA,0.36295521451896556,0.3331859610700787,0.30385882441095574,1,HOLD,-0.003775350441351778
NVDA,0.3557735952584782,0.3352192179068443,0.30900718683467765,1,HOLD,0.004218666534108666
NVDA,0.34413931550932897,0.35672735399205474,0.29913333049861623,1,HOLD,0.001254695838942981
NVDA,0.31713753905703174,0.37771234502382656,0.30515011591914176,1,HOLD,-0.008816338369222767
NVDA,0.3378184227133507,0.3493586354381869,0.3128229418484623,0,SELL,-0.019386093484814387
NVDA,0.3549869526874299,0.2933751517019087,0.35163789561066144,1,HOLD,0.007784472588990611
NVDA,0.3543648677835001,0.31558659228055425,0.33004853993594574,1,HOLD,-0.011661537423707832
NVDA,0.34451461691653656,0.30596640589858015,0.34951897718488334,2,BUY,0.031562961731518485
NVDA,0.35005239697827256,0.34573812739150706,0.3042094756302203,1,HOLD,-0.005105126806973366
NVDA,0.34081174602638625,0.32165364459602996,0.3375346093775839,2,BUY,0.03197351965516137
NVDA,0.35639768305192865,0.31434743707882046,0.32925487986925095,0,SELL,-0.02960257386263701
NVDA,0.33661387017942934,0.3191114921812686,0.34427463763930205,1,HOLD,0.016513500505562415
NVDA,0.3096173062726648,0.36815661547683537,0.3222260782504998,2,BUY,0.02756804517640441
NVDA,0.3225883396476216,0.36152512996502717,0.3158865303873513,1,HOLD,0.004944626116286623
NVDA,0.3430691141129096,0.3508664112275111,0.30606447465957937,0,SELL,-0.013692452665405617
NVDA,0.3310792657417222,0.33941562191827007,0.3295051123400077,1,HOLD,0.01228211848812834
NVDA,0.3054537878362471,0.38121322385450185,0.31333298830925105,1,HOLD,0.006400723144077613
NVDA,0.2990061221863164,0.37185918127521833,0.3291346965384652,1,HOLD,0.009281581599223064
NVDA,0.3076782128494629,0.38560638022249316,0.30671540692804405,1,HOLD,-0.007810998523934495
NVDA,0.3095195038125459,0.37699861878983965,0.31348187739761446,1,HOLD,0.015078685098274031
NVDA,0.30986036215873985,0.3908989735036113,0.29924066433764873,0,SELL,-0.021118073175124843
NVDA,0.3110688697927813,0.34011579914087675,0.3488153310663419,2,BUY,0.018977830742543268
NVDA,0.2963554335777635,0.36378620355344027,0.3398583628687962,1,HOLD,-0.003947309718690903
NVDA,0.3030559143918131,0.3423459449055336,0.35459814070265333,1,HOLD,0.009392319389974604
NVDA,0.3135122889779458,0.34598331286941936,0.3405043981526348,1,HOLD,-0.01126743272200272
NVDA,0.31236616774392323,0.3344648960104951,0.3531689362455817,1,HOLD,0.0022220651174162756
NVDA,0.29828562133536957,0.36605844162117335,0.33565593704345714,2,BUY,0.02554314304890008
NVDA,0.2919947771873808,0.3905178168406516,0.3174874059719675,2,BUY,0.04242730300362518
NVDA,0.3033898244609065,0.3799936090976831,0.3166165664414104,1,HOLD,0.004590493120936221
NVDA,0.3219720441103131,0.3830778018889178,0.294950154000769,1,HOLD,0.01745740501441185
NVDA,0.30928736916665867,0.3839760433138336,0.3067365875195077,1,HOLD,0.0015203325251185616
NVDA,0.31473611147601266,0.38685564046429566,0.2984082480596916,0,SELL,-0.030134974737803088
NVDA,0.30959804280063125,0.3814814005462926,0.30892055665307616,2,BUY,0.025439993152528935
NVDA,0.3104715589639892,0.40375514686394126,0.28577329417206954,1,HOLD,0.013203438882959067
NVDA,0.31674094528830554,0.3943719209844149,0.2888871337272794,1,HOLD,-0.006927356204234811
NVDA,0.29529931093633777,0.38596024959790387,0.3187404394657584,1,HOLD,0.011060928263480669
NVDA,0.30701458067090587,0.39287137260370497,0.3001140467253892,2,BUY,0.01783988777058804
NVDA,0.3231877377164852,0.39275457068299696,0.2840576916005179,1,HOLD,0.0074622986953861055
NVDA,0.34241222071364547,0.3841062529052768,0.2734815263810777,1,HOLD,0.004984454919256748
NVDA,0.30838453781690073,0.38729313275565386,0.3043223294274454,1,HOLD,-0.0051673099282076845
NVDA,0.31770221770579354,0.39725871024908976,0.2850390720451167,2,BUY,0.039614420191223965
NVDA,0.32797469761472897,0.3637769312591275,0.30824837112614345,1,HOLD,0.00391734766955151
NVDA,0.3505104533418454,0.368921194262021,0.2805683523961336,1,HOLD,0.009466639146369284
NVDA,0.3420037969521822,0.3807837819074198,0.277212421140398,1,HOLD,-0.0034161611860592275
NVDA,0.3140446240101267,0.39472372102242703,0.29123165496744624,1,HOLD,-0.005992059702308101
NVDA,0.3005043741781172,0.40804838830177986,0.29144723752010293,0,SELL,-0.025709853858088744
NVDA,0.3289254734688095,0.3774130589522355,0.2936614675789549,2,BUY,0.022202635834811597
NVDA,0.3352116875581191,0.3889265954594604,0.2758617169824206,1,HOLD,0.017183810026743608
NVDA,0.3180186668814928,0.4044819709579415,0.2774993621605658,1,HOLD,-0.0013823270754584475
NVDA,0.30218770823686436,0.4114927184147581,0.28631957334837754,2,BUY,0.01855865226448988
NVDA,0.28168397035334675,0.43548392311644496,0.28283210653020835,1,HOLD,-0.007040184739807816
NVDA,0.2997225292852512,0.40451612128574926,0.29576134942899956,2,BUY,0.02119699099576292
NVDA,0.31273770584193156,0.3997410661145701,0.2875212280434983,1,HOLD,-0.007840175111206516
NVDA,0.3330840426903509,0.37331027268505707,0.293605684624592,0,SELL,-0.023608121226798857
NVDA,0.3349099067941908,0.3287535207601323,0.3363365724456769,2,BUY,0.035512069773851344
NVDA,0.31173091954192833,0.3915877451263421,0.29668133533172947,1,HOLD,-0.009713718442209087
NVDA,0.32157552354045615,0.36635625151707246,0.31206822494247133,1,HOLD,0.00648625663512085
NVDA,0.320860877964551,0.3969305009654585,0.28220862106999056,1,HOLD,0.0074960875747013345
NVDA,0.3296981959822739,0.3721309227763299,0.29817088124139607,1,HOLD,0.010619919900410979
NVDA,0.3084068245281549,0.4141286295660824,0.2774645459057627,1,HOLD,-0.0035091545807863955
NVDA,0.3103349449596482,0.3959848253140305,0.2936802297263214,1,HOLD,0.006023816556037098
NVDA,0.3275588243107063,0.3978637404595794,0.2745774352297144,1,HOLD,-0.00860873784140695
NVDA,0.32858731705929567,0.3939856413161555,0.2774270416245489,1,HOLD,0.0023651897166505477
NVDA,0.30805745123823775,0.41633532383835925,0.275607224923403,1,HOLD,-0.008662804692042862
NVDA,0.3125497953119369,0.39821155206455094,0.28923865262351217,1,HOLD,0.008607801368352591
NVDA,0.28754893301260415,0.42000255309400775,0.29244851389338816,0,SELL,-0.035625106188042995
NVDA,0.30145750363709845,0.39543450269047326,0.3031079936724283,1,HOLD,-0.0013673634964971996
NVDA,0.3648871526538073,0.33757154515694066,0.2975413021892521,1,HOLD,-0.0023974379006856325
NVDA,0.3301233057218941,0.3599318948549353,0.3099447994231707,2,BUY,0.01705581002367675
NVDA,0.31818814357993364,0.3974503131584598,0.28436154326160656,1,HOLD,0.01017330889317426
NVDA,0.30047090260814363,0.3934448448056137,0.30608425258624256,1,HOLD,0.010841395706416915
NVDA,0.31623419185967294,0.4021127681421198,0.2816530399982073,1,HOLD,-0.0009356628960004141
NVDA,0.34811785923870403,0.3712730343805651,0.2806091063807309,1,HOLD,-0.007905624375742408
NVDA,0.35438564605284195,0.34983873816613364,0.2957756157810244,0,SELL,-0.03381165435421267
NVDA,0.31601101387749336,0.3808859965713464,0.30310298955116033,0,SELL,-0.019713036514491123
NVDA,0.33578964336771006,0.34111032773640215,0.32310002889588785,1,HOLD,-0.0009372260023245525
NVDA,0.34635279359493304,0.34978508250895773,0.3038621238961093,1,HOLD,0.006076904242296264
NVDA,0.33639703715356234,0.37800165632134014,0.2856013065250976,0,SELL,-0.02740216240269134
NVDA,0.3315602335521869,0.3554893483506157,0.3129504180971974,1,HOLD,0.007693824414153946
NVDA,0.30460894640091685,0.3802859688988339,0.3151050847002492,1,HOLD,0.014451498666018775
NVDA,0.32748937961073615,0.3810984695280071,0.29141215086125677,2,BUY,0.03775343262051414
NVDA,0.3472296183733726,0.3625666380510852,0.29020374357554224,1,HOLD,-0.0008462586151700266
NVDA,0.3301328963155501,0.3973265008224958,0.27254060286195414,1,HOLD,0.0036620168169008314
NVDA,0.312365225647621,0.3961923493661087,0.2914424249862704,1,HOLD,-0.0003937326094895513
NVDA,0.3123097529265549,0.399941195633892,0.2877490514395531,0,SELL,-0.01627798588375764
NVDA,0.310399309227557,0.3889647445707621,0.30063594620168094,0,SELL,-0.02659722737366243
NVDA,0.33603659381009215,0.3562094617032056,0.30775394448670224,2,BUY,0.03434388991210669
NVDA,0.3377306592642425,0.373124231923103,0.2891451088126545,1,HOLD,0.0024367633114044094
NVDA,0.32540040907622225,0.37453990307543056,0.30005968784834713,2,BUY,0.038530451374934785
NVDA,0.32272169116922533,0.3846688316585671,0.29260947717220753,0,SELL,-0.028617642790173294
NVDA,0.3271323857027872,0.3692184242065473,0.30364919009066554,1,HOLD,-0.008216136468703266
NVDA,0.32928491027320983,0.3747996893856251,0.2959154003411651,1,HOLD,0.004060340737146719
NVDA,0.33751720397347335,0.3525326740543547,0.3099501219721721,1,HOLD,0.0028099031575023995
NVDA,0.33231983413046423,0.36761706731147376,0.300063098558062,2,BUY,0.020331822428759798
NVDA,0.31348653065863047,0.3839296693174962,0.3025838000238733,2,BUY,0.02567782632915341
NVDA,0.32623767527076375,0.3790473465677116,0.29471497816152453,1,HOLD,0.003531195606199452
NVDA,0.3432527007945578,0.3735615059074256,0.28318579329801663,1,HOLD,0.008773575541577188
NVDA,0.33722841925892233,0.37452396970958673,0.2882476110314911,1,HOLD,-0.006746228303479965
NVDA,0.32440547480382836,0.3765743582982905,0.2990201668978812,0,SELL,-0.011148155872539896
NVDA,0.3236231267930533,0.37156792986189263,0.3048089433450541,1,HOLD,-0.002698441213908405
NVDA,0.32097624823907384,0.36698763867907463,0.3120361130818514,2,BUY,0.02175681948046783
NVDA,0.3266864350127398,0.3915000228154518,0.2818135421718084,2,BUY,0.018130894630978597
NVDA,0.3377558048157089,0.3580821419860657,0.3041620531982254,0,SELL,-0.05009963153015511
NVDA,0.33731519495382256,0.3039590721441551,0.35872573290202237,2,BUY,0.027782585224038966
NVDA,0.34351043266926184,0.33639740439087434,0.3200921629398638,0,SELL,-0.045019240466326105
NVDA,0.3467135427813122,0.32659839813336994,0.32668805908531784,1,HOLD,-0.0011114789856192203
NVDA,0.3779069089998989,0.30244744273157176,0.31964564826852937,1,HOLD,0.01095022271154542
NVDA,0.39608476008269733,0.26146104659012637,0.34245419332717625,1,HOLD,0.007725462942447067
NVDA,0.34037777172863004,0.3083711438324643,0.3512510844389056,1,HOLD,-0.003170638763439442
NVDA,0.3190552210377918,0.34365410029381693,0.33729067866839124,1,HOLD,-0.008136414546060781
NVDA,0.31804138090537826,0.3570037935831396,0.32495482551148214,1,HOLD,-0.004869391502995129
NVDA,0.3500210005488243,0.31539799079915787,0.33458100865201773,1,HOLD,0.010374211051715317
NVDA,0.3309090468702188,0.35687790695496835,0.31221304617481277,2,BUY,0.022258035392054606
NVDA,0.31300651910625005,0.37909150051460017,0.3079019803791498,2,BUY,0.027692151144970024
NVDA,0.31487043946370047,0.3890559777445601,0.2960735827917395,2,BUY,0.04861857742843619
NVDA,0.3304917665904022,0.3574165317512863,0.3120917016583115,2,BUY,0.02945785122908878
NVDA,0.3487554503715605,0.3314918691830757,0.31975268044536376,0,SELL,-0.020248085279448852
NVDA,0.3197226143035634,0.35991284757797143,0.3203645381184652,1,HOLD,-0.0019734183403692595
NVDA,0.3158904438434892,0.37418190084463165,0.3099276553118791,2,BUY,0.021448378486165685
NVDA,0.30984996055149205,0.36059073201930114,0.3295593074292069,0,SELL,-0.04039310108689996
NVDA,0.31633118237829716,0.3471751090187197,0.33649370860298317,0,SELL,-0.01766982230750043
NVDA,0.3308420339952596,0.33587171944904626,0.3332862465556942,0,SELL,-0.037208545384962245
NVDA,0.3382300525019262,0.3122980591882567,0.34947188830981707,1,HOLD,0.0003721114707823952
NVDA,0.3577631104006494,0.29849302754997914,0.3437438620493715,2,BUY,0.05631653285510292
NVDA,0.3325468929733221,0.3498375647752684,0.3176155422514095,0,SELL,-0.030037214335174377
NVDA,0.3303203356625828,0.3478673639927387,0.32181230034467845,1,HOLD,0.003307882918741538
NVDA,0.350864292184898,0.3403945723833935,0.3087411354317085,0,SELL,-0.03646711365097375
NVDA,0.3549614896397585,0.30015263841673956,0.34488587194350206,2,BUY,0.017558788910905374
NVDA,0.3465408645479109,0.30874890305298475,0.3447102323991043,0,SELL,-0.018951133903844657
NVDA,0.343914358096071,0.28152226030451866,0.3745633815994102,0,SELL,-0.028483287444823868
NVDA,0.36292540994806094,0.2504673628416519,0.3866072272102871,2,BUY,0.028054414059495738
NVDA,0.390844295190272,0.24747737507371595,0.3616783297360121,0,SELL,-0.032032341881092705
NVDA,0.3800896978020101,0.21587911120713302,0.4040311909908569,0,SELL,-0.009790851268402874
NVDA,0.38464355604871,0.2267625701661396,0.38859387378515037,2,BUY,0.020308941393949672
NVDA,0.35541491067199255,0.28523549140281346,0.359349597925194,0,SELL,-0.02625236853586816
NVDA,0.36168802960345076,0.28911165921743304,0.3492003111791162,1,HOLD,0.013628426497535618
NVDA,0.34951847392276403,0.3251753072094596,0.3253062188677764,0,SELL,-0.018250529412443567
NVDA,0.31532880556939313,0.3649116759501188,0.319759518480488,2,BUY,0.01636265119304991
NVDA,0.3191116823491769,0.3438249569630267,0.33706336068779635,1,HOLD,0.008522905549192543
NVDA,0.3326616286347741,0.3286962748936202,0.33864209647160565,0,SELL,-0.010358780113431765
NVDA,0.33829275669050174,0.3457727258523562,0.31593451745714224,2,BUY,0.02093976783855516
NVDA,0.3437100817271744,0.34753020763266057,0.308759710640165,1,HOLD,-0.005303645132968149
NVDA,0.3254899824362206,0.36644594275813147,0.30806407480564785,2,BUY,0.017067494481283838
NVDA,0.31583379188770344,0.3597497724387544,0.32441643567354217,1,HOLD,-0.0031307522745196094
NVDA,0.3249663162904414,0.35751307554024736,0.3175206081693113,1,HOLD,-0.006454291233027983
NVDA,0.33689336670397524,0.3593093311673122,0.3037973021287126,0,SELL,-0.015629217144241425
NVDA,0.3421024002624869,0.3576770865527019,0.30022051318481124,0,SELL,-0.03320989556876012
NVDA,0.30318482167308586,0.36675941720689004,0.3300557611200242,1,HOLD,0.0072300945050929495
NVDA,0.30590356205485403,0.3690999724086879,0.32499646553645806,1,HOLD,0.00807896271619421
NVDA,0.31574078486400053,0.36022418743389456,0.3240350277021049,0,SELL,-0.03889665598996
NVDA,0.3285845657661747,0.3365296228536484,0.33488581138017687,2,BUY,0.01854688041923136
NVDA,0.34992285793924965,0.33235878118091416,0.3177183608798363,2,BUY,0.03858226769342382
NVDA,0.32538727448411786,0.3613811971506774,0.31323152836520474,1,HOLD,0.014807720863768647
NVDA,0.3045129408223209,0.40023813731680036,0.2952489218608788,2,BUY,0.02960802520538894
NVDA,0.3010404123009816,0.41926042761602034,0.279699160082998,1,HOLD,-0.003176160869262579
NVDA,0.30566483420540375,0.4225458010018372,0.271789364792759,1,HOLD,0.010128246578782895
NVDA,0.30044454308818125,0.4074132803867281,0.29214217652509056,0,SELL,-0.012198174039463773
NVDA,0.2935866814917252,0.41042718947842277,0.2959861290298521,1,HOLD,-0.003619329992199417
TSLA,0.4060378519814136,0.24324241067430627,0.3507197373442801,2,BUY,0.07895504556688626
TSLA,0.3830379554163345,0.2861648915168919,0.33079715306677354,1,HOLD,0.0014850709586745647
TSLA,0.3728511598949575,0.29120056941733885,0.3359482706877036,0,SELL,-0.04145067133894483
TSLA,0.3668733674977594,0.2613130023236966,0.371813630178544,1,HOLD,0.0014697002488738569
TSLA,0.3949997056381573,0.2503585686676301,0.3546417256942126,1,HOLD,-0.0005065652243020289
TSLA,0.38359444554297306,0.23026593742538848,0.3861396170316384,2,BUY,0.021478195369560783
TSLA,0.36883144204397944,0.2587200402147984,0.37244851774122223,0,SELL,-0.017382638722844804
TSLA,0.37598663730062515,0.25240233252920147,0.3716110301701735,2,BUY,0.07731423282838396
TSLA,0.3901995875849413,0.29847023924129557,0.3113301731737631,0,SELL,-0.03420597069137618
TSLA,0.3667131340283533,0.2992268240557454,0.3340600419159012,2,BUY,0.03018125256143425
TSLA,0.35147556487259407,0.30272891333196456,0.3457955217954414,1,HOLD,-0.005713813715474868
TSLA,0.36312518431114854,0.31537809933130473,0.32149671635754673,0,SELL,-0.021355043154943146
TSLA,0.34929811801170374,0.32641765375493575,0.3242842282333605,1,HOLD,-0.006598243859181292
TSLA,0.355099857759936,0.33351733659004473,0.31138280565001925,1,HOLD,-0.014164587635274254
TSLA,0.3199145928493658,0.34354278418898526,0.336542622961649,0,SELL,-0.023466650856007368
TSLA,0.3349262213675791,0.2859224516597611,0.3791513269726599,1,HOLD,0.0023640734639690623
TSLA,0.3555120091253855,0.2984341960230323,0.3460537948515821,0,SELL,-0.02284170549807513
TSLA,0.35486413311591314,0.2911237690786506,0.35401209780543613,2,BUY,0.028327903495885404
TSLA,0.38739421116595907,0.2836438152487747,0.32896197358526613,1,HOLD,0.010734640646320742
TSLA,0.33979586284871666,0.2920451528855951,0.36815898426568816,0,SELL,-0.053090087069197885
TSLA,0.3713531654148039,0.25452877229523363,0.37411806228996247,2,BUY,0.02198853609615247
TSLA,0.3483958487650494,0.29771878297181303,0.3538853682631376,0,SELL,-0.03645352337012321
TSLA,0.35200802929693925,0.30730022703595733,0.3406917436671034,1,HOLD,-0.01023279935109268
TSLA,0.3777058188663549,0.29109923549107736,0.3311949456425678,0,SELL,-0.03451714290429038
TSLA,0.3357293527029494,0.2833210352299856,0.380949612067065,0,SELL,-0.030577195209388917
TSLA,0.32948904242905863,0.30191353687070016,0.3685974207002412,0,SELL,-0.06547989008634725
TSLA,0.3451752501005982,0.277810205745973,0.37701454415342894,2,BUY,0.024091057420887543
TSLA,0.35228907987263375,0.2738961466860661,0.3738147734413001,2,BUY,0.05613428883532556
TSLA,0.3577665430695426,0.31075959971889694,0.3314738572115605,1,HOLD,-0.00028100285016493403
TSLA,0.3371298385875833,0.3204777996894045,0.3423923617230123,1,HOLD,-0.004873623368530301
TSLA,0.3391291491548317,0.3225885403415342,0.33828231050363405,1,HOLD,0.018050813649058695
TSLA,0.3446867109914004,0.3180713795089402,0.33724190949965943,0,SELL,-0.01723217010242546
TSLA,0.3489940310844318,0.3155318090683753,0.3354741598471929,0,SELL,-0.04797223327197698
TSLA,0.34172640569278356,0.2717465680357373,0.3865270262714791,0,SELL,-0.021756545199510743
TSLA,0.35383771436288813,0.25073486956362373,0.39542741607348814,0,SELL,-0.08762494178787733
TSLA,0.37285789586285945,0.2171283700877887,0.41001373404935176,0,SELL,-0.04043677756749929
TSLA,0.3774991260552013,0.2271113631654852,0.39538951077931356,0,SELL,-0.030905910133740465
TSLA,0.3688242077142962,0.2008653860902671,0.4303104061954367,2,BUY,0.03837459125197188
TSLA,0.3933762338468419,0.22785157375236523,0.3787721924007929,0,SELL,-0.028844050845269347
TSLA,0.37389057433955475,0.18386847423781172,0.44224095142263353,0,SELL,-0.045311188236941684
TSLA,0.3844835745698665,0.15830777270132024,0.4572086527288132,2,BUY,0.025621016692865903
TSLA,0.4158287958847234,0.1990521956923497,0.385119008422927,0,SELL,-0.05770651942025788
TSLA,0.3970902662624202,0.16517532358538284,0.43773441015219705,1,HOLD,-0.0029651004058366417
TSLA,0.40153940370160274,0.17364898031989306,0.42481161597850414,0,SELL,-0.16754574067757613
TSLA,0.3775702234906979,0.11731538253415011,0.505114393975152,2,BUY,0.037245079838722016
TSLA,0.40731584890259676,0.11976069029933199,0.4729234607980713,2,BUY,0.07319368705023706
TSLA,0.43545100534593467,0.15149578916515408,0.41305320548891117,0,SELL,-0.030323348875332088
TSLA,0.41524867356334816,0.15597961152762196,0.4287717149090299,2,BUY,0.037912677650069934
TSLA,0.42174544372094497,0.2016336583745189,0.37662089790453623,0,SELL,-0.04906823105490024
TSLA,0.38570585207334396,0.22156860258978164,0.39272554533687437,0,SELL,-0.05483544563443516
TSLA,0.3809631953767655,0.20138342340531706,0.41765338121791745,2,BUY,0.045761190368065426
TSLA,0.4115882737148228,0.21763220439855968,0.3707795218866174,1,HOLD,0.0016944590202751025
TSLA,0.39619976042649463,0.2239326012128667,0.37986763836063864,2,BUY,0.0513547158131408
TSLA,0.37925198838815327,0.24260210882402147,0.3781459027878252,2,BUY,0.11273547481030481
TSLA,0.38914500653374323,0.2731458477629299,0.3377091457033269,2,BUY,0.034423463077927825
TSLA,0.40206431551633315,0.2663640187649314,0.3315716657187355,0,SELL,-0.05742390273973778
TSLA,0.3992213013113438,0.25021482103547343,0.3505638776531828,1,HOLD,0.003925268964187628
TSLA,0.4032098720767548,0.23222948468616295,0.3645606432370822,0,SELL,-0.035704833212183235
TSLA,0.3843635950110858,0.22703489580278824,0.38860150918612607,1,HOLD,-0.016797411271064034
TSLA,0.4201920804658419,0.21455834139999247,0.36524957813416575,2,BUY,0.03525624951763979
TSLA,0.4145181667679871,0.20827182973536248,0.3772100034966503,2,BUY,0.05189662060946535
TSLA,0.4469391358400517,0.2062649392826191,0.3467959248773292,0,SELL,-0.05630172235818194
TSLA,0.4190629157098139,0.1290047146027404,0.45193236968744577,0,SELL,-0.11003572551557192
TSLA,0.41930157819995706,0.05533843665229694,0.525359985147746,0,SELL,-0.02597878190231111
TSLA,0.46588321423035967,0.05117993533825172,0.4829368504313887,0,SELL,-0.05023573100190593
TSLA,0.4528335004006952,0.04757478206895804,0.49959171753034665,2,BUY,0.20449058000160142
TSLA,0.6055565839379978,0.12274263196633854,0.2717007840956637,0,SELL,-0.0755220285780395
TSLA,0.4332257329406151,0.08660162807098322,0.4801726389884016,1,HOLD,-0.0003566259450699316
TSLA,0.4817410437293157,0.11421933338899917,0.4040396228816851,1,HOLD,0.00015855643290671638
TSLA,0.423554800246775,0.1586703129631458,0.41777488679007924,1,HOLD,0.006950209565496345
TSLA,0.4179317599503969,0.17289209990933102,0.4091761401402721,0,SELL,-0.050690742903996715
TSLA,0.4254784571382525,0.1420460846445041,0.4324754582172434,1,HOLD,-0.0007454979855451015
TSLA,0.43369800932496433,0.17047082749142728,0.3958311631836084,0,SELL,-0.05918076725792799
TSLA,0.39327936491683674,0.1481413329479576,0.45857930213520565,2,BUY,0.04499438204493094
TSLA,0.4428461932818932,0.17439875743726183,0.382755049280845,2,BUY,0.052271947159751794
TSLA,0.44108070712208397,0.1787304751966902,0.38018881768122575,2,BUY,0.03437870754426389
TSLA,0.4290697347829694,0.22374527265201105,0.3471849925650195,2,BUY,0.09351849398026
TSLA,0.40349288399132205,0.2284603109725638,0.36804680503611414,1,HOLD,0.0032583903115033577
TSLA,0.4068631246800729,0.22137931673595582,0.37175755858397125,1,HOLD,0.021284373105168935
TSLA,0.40145754875547984,0.25184077715335573,0.3467016740911645,0,SELL,-0.03438223363024816
TSLA,0.42385303793737494,0.23070970809213012,0.3454372539704949,1,HOLD,-0.005829314402079844
TSLA,0.4003297886850732,0.24850478266544918,0.35116542864947764,2,BUY,0.02356864125337387
TSLA,0.3935127930356274,0.2677658247062861,0.3387213822580865,0,SELL,-0.024495847170982712
TSLA,0.36752208709060086,0.27458532527407886,0.3578925876353203,1,HOLD,-0.01767474071206643
TSLA,0.3689969818557988,0.26528387467324543,0.36571914347095574,1,HOLD,0.0031546161942166075
TSLA,0.40631311116415225,0.26409212438347107,0.3295947644523767,2,BUY,0.030659773437438274
TSLA,0.37982481737179247,0.2854933363114784,0.33468184631672915,2,BUY,0.046108194570086934
TSLA,0.35345508923488006,0.28627439264662363,0.36027051811849625,2,BUY,0.06528003118679684
TSLA,0.37270058136975937,0.3359377058629695,0.2913617127672711,2,BUY,0.04810492051681205
TSLA,0.35490595206935893,0.33340877000440355,0.31168527792623757,2,BUY,0.0399319216619113
TSLA,0.3751660965790277,0.3200692457843222,0.30476465763664995,1,HOLD,-0.01407694599861275
TSLA,0.36708416994524984,0.3299308987522056,0.3029849313025445,1,HOLD,0.020670491941373468
TSLA,0.3453818331689132,0.3544459892307275,0.3001721776003592,0,SELL,-0.02280219175263177
TSLA,0.3340269931947022,0.3575225180527036,0.30845048875259423,1,HOLD,0.005044436283555748
TSLA,0.33869988767827963,0.32973781650565964,0.33156229581606084,0,SELL,-0.027122740878422213
TSLA,0.35453733091424977,0.3112518608644998,0.3342108082212504,1,HOLD,0.019004252475032086
TSLA,0.35655308162177657,0.31273193116018183,0.33071498721804166,1,HOLD,-0.004997253689502847
TSLA,0.35125190805620476,0.30123959215922885,0.34750849978456644,2,BUY,0.06709725458197968
TSLA,0.3517465789124456,0.3423991749563738,0.3058542461311806,1,HOLD,-0.016644185010272462
TSLA,0.33854725469004116,0.3416296695704068,0.31982307573955204,1,HOLD,0.0042777491260106125
TSLA,0.3469507054868603,0.339236163009506,0.31381313150363366,0,SELL,-0.03396601533337422
TSLA,0.32376001605595334,0.32576675558339674,0.35047322836065,1,HOLD,-0.010941091649071494
TSLA,0.33297607917856553,0.3389041687858745,0.32811975203556004,1,HOLD,0.004599945784019605
TSLA,0.3211022149397724,0.3404639103057441,0.3384338747544835,0,SELL,-0.03614067809813415
TSLA,0.3379131133704456,0.33631287782734665,0.32577400880220775,0,SELL,-0.15384948606327908
TSLA,0.38221849323812446,0.25124128685019026,0.3665402199116853,2,BUY,0.0360138325066553
TSLA,0.3392878729589861,0.31113859452308357,0.3495735325179303,2,BUY,0.04453121583281344
TSLA,0.32687902005111047,0.3318609324748293,0.3412600474740602,2,BUY,0.05519232015438431
TSLA,0.33947246210883936,0.3342371281522907,0.32629040973886997,1,HOLD,0.0010421025390305668
TSLA,0.3389572148199971,0.3357525587640258,0.3252902264159771,0,SELL,-0.022679683166052338
TSLA,0.34202494289950863,0.32568176294154694,0.33229329415894454,1,HOLD,0.019242741328905938
TSLA,0.3276716848157415,0.3065816998994292,0.3657466152848293,1,HOLD,0.011674257976472
TSLA,0.31839716954986746,0.33790509885270725,0.34369773159742534,0,SELL,-0.03960360944657592
TSLA,0.3212126454051873,0.3160117839378675,0.36277557065694527,1,HOLD,0.017857560202303197
TSLA,0.33683828480275224,0.30145438146377657,0.3617073337334712,1,HOLD,0.00034155282181088666
TSLA,0.3326083015279951,0.3071325806797803,0.3602591177922246,2,BUY,0.07910624722725408
TSLA,0.33631242366757247,0.30890858704565965,0.35477898928676793,0,SELL,-0.023827555571310416
TSLA,0.31667162581346947,0.35809140864340155,0.3252369655431291,0,SELL,-0.03868634165630777
TSLA,0.3295571293032519,0.343743496069666,0.3266993746270822,1,HOLD,-0.005418374727754274
TSLA,0.3258872271742462,0.3617404993759131,0.3123722734498407,1,HOLD,-0.006621400161764133
TSLA,0.3172838011643543,0.3573390949455773,0.32537710389006846,0,SELL,-0.01861926308527601
TSLA,0.3015420185011198,0.36546710257545667,0.3329908789234236,0,SELL,-0.0548353231730864
TSLA,0.31953763242182753,0.33293701910412243,0.3475253484740501,2,BUY,0.04848766871497916
TSLA,0.35045973947977843,0.3350208544293467,0.3145194060908749,1,HOLD,-0.0009508330128998894
TSLA,0.33125902419433817,0.370140236130945,0.2986007396747168,0,SELL,-0.07030747928005848
TSLA,0.3111533415463167,0.33916074727834317,0.3496859111753402,1,HOLD,0.013080017887538436
TSLA,0.321134447757526,0.3348543959203809,0.3440111563220931,1,HOLD,-0.006501707849529647
TSLA,0.3298533768335198,0.3553930054753388,0.31475361769114146,2,BUY,0.046198855706690405
TSLA,0.31866097417659045,0.3720478138335464,0.30929121198986315,1,HOLD,0.01167844971117151
TSLA,0.3059757045050754,0.37481350029609684,0.3192107951988277,1,HOLD,0.01075495879659973
TSLA,0.3125671460950793,0.3601692240609768,0.3272636298439439,1,HOLD,-0.019500985006087518
TSLA,0.2964402428299382,0.3693562528819924,0.3342035042880692,2,BUY,0.03444095462458378
TSLA,0.3206839225141728,0.36912259847437795,0.3101934790114492,1,HOLD,-0.007050661595447646
TSLA,0.32315836538416987,0.3792860448078938,0.2975555898079363,2,BUY,0.031555911584314186
TSLA,0.2986580361947195,0.396390577627636,0.3049513861776444,1,HOLD,-0.003525100711992725
TSLA,0.297891064185483,0.3957201467754354,0.3063887890390818,1,HOLD,0.010959828902223289
TSLA,0.3166586688393723,0.37868208869646586,0.3046592424641619,1,HOLD,0.0013540923687317768
TSLA,0.3245455051203162,0.3876656702663731,0.2877888246133106,0,SELL,-0.08552542784602518
TSLA,0.34152647758825777,0.35817940072361965,0.3002941216881226,2,BUY,0.034637201499348805
TSLA,0.31823121055901643,0.37238539293901596,0.30938339650196756,2,BUY,0.029706848621967902
TSLA,0.30737708510882417,0.3871682706999509,0.3054546441912249,1,HOLD,-0.013574889801361277
TSLA,0.31826293660113486,0.3890960125306381,0.29264105086822706,1,HOLD,-0.006747506520358081
TSLA,0.3381283671550429,0.3667359848052395,0.2951356480397176,0,SELL,-0.03434052685502853
TSLA,0.32826426702293066,0.3683477085783722,0.30338802439869705,0,SELL,-0.018465033347039538
TSLA,0.33074643257239594,0.32639983359678315,0.34285373383082096,1,HOLD,0.02167142527004271
TSLA,0.3276549871350649,0.35074978354114694,0.32159522932378815,1,HOLD,-0.0017476574412364776
TSLA,0.3138436600823394,0.3555766474491346,0.33057969246852603,2,BUY,0.03560499649944306
TSLA,0.3288560171540621,0.37737682223387864,0.2937671606120593,1,HOLD,0.007349951735303974
TSLA,0.3239359652014238,0.37702293020220706,0.29904110459636923,2,BUY,0.02264179762598033
TSLA,0.2985411155938087,0.3973478945928653,0.30411098981332607,2,BUY,0.028057128395424267
TSLA,0.2960946543767615,0.38794232376689064,0.3159630218563478,1,HOLD,0.005324552775796538
TSLA,0.31570914905734254,0.4012739726444765,0.28301687829818095,1,HOLD,-0.004292710283261014
TSLA,0.3037104953896196,0.407542237446132,0.2887472671642485,1,HOLD,-0.011260099884090402
TSLA,0.31665328909379115,0.39253805710413675,0.2908086538020721,1,HOLD,-0.015072159502432556
TSLA,0.28941827406900444,0.4075291556122214,0.3030525703187742,1,HOLD,0.013819862125930686
TSLA,0.2721760977690912,0.43195524889268616,0.29586865333822276,0,SELL,-0.017608491717904177
TSLA,0.28709657697777663,0.3984346675671632,0.31446875545506014,1,HOLD,-0.01656474162017639
TSLA,0.3269000965948022,0.3729706735451796,0.3001292298600181,1,HOLD,-0.011770166368817137
TSLA,0.304918763404719,0.3865994370291165,0.3084817995661645,2,BUY,0.06031041669933769
TSLA,0.2991495297549735,0.41252871196414714,0.2883217582808794,1,HOLD,0.019196337227210383
TSLA,0.28269511979130285,0.4114825379300961,0.30582234227860117,1,HOLD,0.01452187916170169
TSLA,0.2875106032719048,0.43261879724674307,0.2798705994813521,1,HOLD,-0.005903612812939926
TSLA,0.2991384961975939,0.4174467767890314,0.2834147270133746,1,HOLD,-0.010408659566889222
TSLA,0.3107124681870988,0.40644848553354723,0.2828390462793539,0,SELL,-0.0356293206445078
TSLA,0.2886061429283921,0.4033216491147956,0.30807220795681217,1,HOLD,-0.01360034804236362
TSLA,0.30254389432243356,0.3774534376839128,0.3200026679936537,1,HOLD,0.014259073808795026
TSLA,0.33311548777166594,0.34964723162669886,0.3172372806016351,1,HOLD,0.01320230431684188
TSLA,0.3207236962161454,0.3915849126388182,0.28769139114503645,2,BUY,0.035717557533237444
TSLA,0.2996761543452271,0.3820106601787184,0.3183131854760546,1,HOLD,-0.0127361095766315
TSLA,0.27892055133130395,0.41228045454905765,0.3087989941196385,1,HOLD,0.0016441653277190816
TSLA,0.28895582482797916,0.41281041544664004,0.2982337597253808,1,HOLD,0.0023605495234688204
TSLA,0.30455204933398794,0.3961224387482974,0.2993255119177146,2,BUY,0.05868272574299215
TSLA,0.3199635243860759,0.4022177491302447,0.2778187264836794,2,BUY,0.07098109112687562
TSLA,0.3149939464131906,0.3866280712986055,0.2983779822882039,2,BUY,0.034992045964953526
TSLA,0.33124094808819,0.37624840018422456,0.2925106517275854,2,BUY,0.027849686096646824
TSLA,0.31712421572250765,0.39076217624398507,0.2921136080335074,1,HOLD,0.010006196509857018
TSLA,0.3393293154883026,0.3745243335320786,0.2861463509796188,0,SELL,-0.021384159862326838
TSLA,0.32897399666510163,0.39654672053989826,0.27447928279500006,2,BUY,0.021877209710827277
TSLA,0.3152928016952975,0.40538006763981016,0.27932713066489234,1,HOLD,0.01892459915165681
TSLA,0.31321063793615456,0.39077407107199336,0.29601529099185203,0,SELL,-0.019441082441463448
TSLA,0.30601950362404745,0.3948342300569125,0.2991462663190401,2,BUY,0.03900845039857305
TSLA,0.31817649582080587,0.39000787685520194,0.29181562732399224,0,SELL,-0.04480186162620923
TSLA,0.33333830550357574,0.3734505606704803,0.29321113382594394,2,BUY,0.03938961629749567
TSLA,0.3271766112465427,0.38908382206689046,0.28373956668656675,1,HOLD,0.006360288086303643
TSLA,0.3186972555029058,0.3917067961717066,0.28959594832538765,1,HOLD,0.0034011943142930328
TSLA,0.33676062864174794,0.3849510019577584,0.2782883694004937,2,BUY,0.03260699487618123
TSLA,0.3485521292762532,0.3767140584079176,0.2747338123158293,0,SELL,-0.052409624917241146
TSLA,0.3499801813752218,0.3564613074065901,0.29355851121818816,1,HOLD,-0.014252492909231236
TSLA,0.35354369724336077,0.3356221465199387,0.3108341562367006,2,BUY,0.05305409919515741
TSLA,0.3270358918988333,0.37573921428975954,0.29722489381140715,0,SELL,-0.04549829949251959
TSLA,0.3327850525249217,0.3499796415171472,0.317235305957931,1,HOLD,0.012847468714676217
TSLA,0.3698307323983412,0.338535705054301,0.29163356254735784,1,HOLD,-0.007206358713169257
TSLA,0.3486272944382116,0.3484374595385194,0.3029352460232691,0,SELL,-0.05195335338705128
TSLA,0.335746977452713,0.2921364595332231,0.3721165630140639,2,BUY,0.052779538485349636
TSLA,0.3458500341676398,0.33117762908886417,0.32297233674349596,1,HOLD,-0.01539666493428667
TSLA,0.36197300370492247,0.29947398842667994,0.33855300786839754,1,HOLD,0.013674604901329141
TSLA,0.3767339554547266,0.2941265634111152,0.32913948113415825,1,HOLD,-0.014816786729139185
TSLA,0.3974987596880691,0.25798764877706865,0.34451359153486233,2,BUY,0.024331310172500658
TSLA,0.3490320796732935,0.2986481218978347,0.35231979842887173,1,HOLD,0.01831477587612344
TSLA,0.33717258733270516,0.34155576369195,0.32127164897534477,1,HOLD,-0.01085364312168525
TSLA,0.32941631942723365,0.35057489845347256,0.32000878211929384,1,HOLD,-0.008235365016010689
TSLA,0.36276535917839686,0.3194973332294485,0.31773730759215446,2,BUY,0.022547291398770954
TSLA,0.3673836098299411,0.3283541078038356,0.3042622823662234,0,SELL,-0.03457920037137167
TSLA,0.3326826280498576,0.3582336339510268,0.3090837379991156,2,BUY,0.042211814191010485
TSLA,0.32639058027639706,0.37318820207706693,0.3004212176465359,1,HOLD,0.01781041931942346
TSLA,0.3312755022849753,0.3699516513997078,0.29877284631531686,1,HOLD,0.002082342411769511
TSLA,0.3537900148442126,0.35507452787665167,0.2911354572791358,0,SELL,-0.047501755655160294
TSLA,0.32667881532177595,0.35991565583366164,0.31340552884456246,2,BUY,0.03671813319553837
TSLA,0.34111671052631093,0.366422462702462,0.2924608267712271,2,BUY,0.025538450543862383
TSLA,0.32632656403786625,0.3624823015099704,0.31119113445216334,0,SELL,-0.052848572813666
TSLA,0.33496093853459213,0.33486556972986237,0.3301734917355454,2,BUY,0.03930641199562339
TSLA,0.3769548646506249,0.3238988394141738,0.29914629593520137,0,SELL,-0.035599264459215095
TSLA,0.3743964154448969,0.2970572974356176,0.3285462871194855,0,SELL,-0.03744886561150212
TSLA,0.36317167398810507,0.3095242268641546,0.3273040991477404,2,BUY,0.03592274671529928
TSLA,0.35282309941551565,0.34059173639487295,0.3065851641896115,1,HOLD,-0.01268032095842644
TSLA,0.34973183044260125,0.33800915524056735,0.31225901431683145,0,SELL,-0.020731107188327342
TSLA,0.355431626798169,0.34616709258716866,0.29840128061466237,0,SELL,-0.06875241071018368
TSLA,0.369296320619181,0.28707940329842385,0.3436242760823951,1,HOLD,0.005853666241942873
TSLA,0.3570276374542395,0.2912112627600345,0.35176109978572606,1,HOLD,0.011238716089416035
TSLA,0.3473005877851662,0.27276243096492114,0.37993698124991265,0,SELL,-0.01893489628165649
TSLA,0.3780737499461539,0.25053192302875676,0.37139432702508934,1,HOLD,0.006805426562391663
TSLA,0.3939235942116166,0.2540720915056507,0.35200431428273266,0,SELL,-0.021922199285516537
TSLA,0.37527838357424614,0.22017675744343554,0.4045448589823183,1,HOLD,-0.010530198558583292
TSLA,0.37600621034418885,0.256709289745005,0.36728449991080614,2,BUY,0.0660172720981127
TSLA,0.3499875658555615,0.30259974698512476,0.3474126871593138,1,HOLD,0.003870128654219355
TSLA,0.35220757419888254,0.32062294147857684,0.3271694843225406,1,HOLD,0.016974787220379935
TSLA,0.35510403939634355,0.34104228083197413,0.30385367977168226,1,HOLD,0.008380619474776033
TSLA,0.3166695962448165,0.38460623318557474,0.29872417056960876,1,HOLD,-6.97394621241348e-05
TSLA,0.30616553624700543,0.37014052466786534,0.3236939390851292,1,HOLD,-0.0020945908399217085
TSLA,0.32878455058194683,0.34887428235962936,0.3223411670584238,2,BUY,0.039960567737700375
TSLA,0.33758518286049044,0.36893198434230684,0.29348283279720283,1,HOLD,0.017287167308555625
TSLA,0.3367532902451316,0.3758260344252834,0.287420675329585,1,HOLD,0.0010335035967348669
TSLA,0.3137083727663673,0.3942466932402591,0.2920449339933735,0,SELL,-0.03447772390855956
TSLA,0.31647044427797943,0.38079488432311387,0.30273467139890675,1,HOLD,0.012636566806914386
TSLA,0.32168447669076994,0.36987046838809623,0.3084450549211339,1,HOLD,0.014008389943790958
TSLA,0.3361594560737066,0.3738972467204458,0.28994329720584755,1,HOLD,-0.010152139695978377
TSLA,0.33486232756024487,0.3825816987512813,0.2825559736884738,2,BUY,0.026650529578487583
TSLA,0.32306832580003614,0.37163149046042027,0.3053001837395435,2,BUY,0.03500417593015653
TSLA,0.31998820431804653,0.3678685334908379,0.31214326219111554,2,BUY,0.03019325551468915
TSLA,0.3386890262872596,0.3633622171311784,0.29794875658156206,0,SELL,-0.04727460429487326
TSLA,0.34145225760952375,0.3387848827095461,0.3197628596809301,2,BUY,0.03389652701091261
TSLA,0.36306571835417706,0.34330279439123845,0.2936314872545846,1,HOLD,-0.0044993863680713635
TSLA,0.34195429789565757,0.36765537186315106,0.2903903302411914,1,HOLD,0.015527202757109204
TSLA,0.3196426558308929,0.3877653457471179,0.2925919984219892,1,HOLD,-0.006507353223946919
TSLA,0.3122346485067064,0.4113846976498881,0.2763806538434055,1,HOLD,-0.0003295782832779731
TSLA,0.3274663197716413,0.4023427423991019,0.27019093782925674,0,SELL,-0.021258551524587485
TSLA,0.29723443905389485,0.4136414247636307,0.2891241361824744,0,SELL,-0.03327112293491262
TSLA,0.28916193306312565,0.41195093168964997,0.29888713524722443,1,HOLD,-0.01139973602177475
AMZN,0.3686931284063658,0.2655062637565378,0.36580060783709645,2,BUY,0.017866865271653997
AMZN,0.3423551484804519,0.3182682493140627,0.3393766022054854,2,BUY,0.015139723199454136
AMZN,0.336063094833574,0.32311967670048797,0.34081722846593804,0,SELL,-0.02446088330127337
AMZN,0.32483332809527915,0.30589212858228976,0.3692745433224311,1,HOLD,9.006065292234922e-05
AMZN,0.36323693953358566,0.2908417132467385,0.3459213472196758,0,SELL,-0.01446508722386957
AMZN,0.35543343553538503,0.25639313411285763,0.3881734303517573,1,HOLD,-0.002194768679336334
AMZN,0.3471963461460863,0.26671555813649744,0.3860880957174163,1,HOLD,-0.0032094484707197966
AMZN,0.3512922734831518,0.27782097943591805,0.3708867470809302,2,BUY,0.025346561447878488
AMZN,0.374244377281462,0.3080716944572688,0.3176839282612692,0,SELL,-0.012117003196939351
AMZN,0.3347428431760592,0.32749442655250227,0.3377627302714385,2,BUY,0.02364641617601076
AMZN,0.3532180590727535,0.31451615313441633,0.3322657877928301,2,BUY,0.02089205157407654
AMZN,0.3368182152644767,0.34439676300610045,0.3187850217294229,2,BUY,0.018466503377704703
AMZN,0.3499511712112541,0.35389520688675347,0.29615362190199257,1,HOLD,0.0017431021503980866
AMZN,0.3515216095649966,0.3600464916335421,0.2884318988014613,1,HOLD,-0.0024241067445138365
AMZN,0.3212377165089666,0.3624976705632325,0.3162646129278009,1,HOLD,0.002424106744513845
AMZN,0.33599629194218494,0.3168116953849542,0.3471920126728609,2,BUY,0.01152955641148476
AMZN,0.343110970106859,0.32237848294223936,0.3345105469509017,1,HOLD,-0.004545214548105975
AMZN,0.3453387948031857,0.3308072190401999,0.3238539861566143,0,SELL,-0.01030306500192206
AMZN,0.359681966534478,0.33156988248363406,0.308748150981888,2,BUY,0.012872778270920829
AMZN,0.33327233346157764,0.3274015399339397,0.33932612660448264,1,HOLD,-0.0010944834258047257
AMZN,0.35525433801333733,0.29398992919706973,0.3507557327895929,2,BUY,0.01935490231141661
AMZN,0.3556068451756565,0.3209461607796627,0.32344699404468075,0,SELL,-0.024633742288564034
AMZN,0.3607639775372091,0.31697131512047827,0.3222647073423126,2,BUY,0.011200132499427723
AMZN,0.3814466219884599,0.30712267115610536,0.3114307068554347,0,SELL,-0.041375225115693685
AMZN,0.3579175190958635,0.2792671341517283,0.3628153467524081,2,BUY,0.01726234455405195
AMZN,0.34539625284611897,0.3290021713535196,0.3256015758003614,1,HOLD,-0.0016312726853763525
AMZN,0.3544172477375585,0.32205137346434454,0.3235313787980969,0,SELL,-0.016591608211964908
AMZN,0.3596288536164504,0.31271675723201986,0.3276543891515296,1,HOLD,0.006270442838655877
AMZN,0.3695266191228744,0.3298780131301409,0.3005953677469847,0,SELL,-0.007363076447512864
AMZN,0.3464790198219161,0.3319359201265069,0.32158506005157705,0,SELL,-0.008916663909923439
AMZN,0.3655738584212792,0.31386173989335137,0.3205644016853694,1,HOLD,-8.819720145894445e-05
AMZN,0.36677896159937023,0.3197020680823105,0.3135189703183192,0,SELL,-0.016685221316839496
AMZN,0.35371527643736733,0.31769323274396627,0.3285914908186663,0,SELL,-0.028673529284667792
AMZN,0.3561722743398558,0.2640769296248821,0.3797507960352621,0,SELL,-0.018030235415601108
AMZN,0.3439497111864572,0.2677723574722696,0.38827793134127325,1,HOLD,0.0004230045694208501
AMZN,0.40013042656382797,0.21838332859282625,0.3814862448433457,1,HOLD,0.00725744971005982
AMZN,0.37632441907310354,0.2424602793869464,0.38121530153995015,0,SELL,-0.02652073681079192
AMZN,0.36591225456409615,0.22329425122846416,0.41079349420743977,2,BUY,0.01681666750153127
AMZN,0.3883315930515351,0.24619180294792722,0.36547660400053766,0,SELL,-0.03479859601476046
AMZN,0.3662588250461367,0.20270324082590202,0.4310379341279613,1,HOLD,-0.005968420431592876
AMZN,0.38013020385580193,0.17267912950271738,0.4471906666414808,2,BUY,0.022128220043401252
AMZN,0.40757276094259726,0.20886279653402112,0.38356444252338157,0,SELL,-0.037456115209580504
AMZN,0.39995304611927834,0.1663540261502776,0.4336929277304441,0,SELL,-0.0072509229263983
AMZN,0.4139590456668465,0.16927551425560133,0.4167654400775522,0,SELL,-0.023922554740530594
AMZN,0.3852942322082432,0.13515212325358503,0.4795536445381718,2,BUY,0.010482560161564325
AMZN,0.38438267433345963,0.1479363864370853,0.46768093922945514,2,BUY,0.011631581915007516
AMZN,0.4203042232039892,0.17685978213980366,0.4028359946562071,0,SELL,-0.02546092021137873
AMZN,0.39454339759417906,0.17914420725243438,0.42631239515338654,2,BUY,0.020723473340341268
AMZN,0.405125094504668,0.22157510619321166,0.37329979930212026,0,SELL,-0.011227182074080659
AMZN,0.36837601247396246,0.2442579000634076,0.38736608746262996,0,SELL,-0.015030126840267754
AMZN,0.37453998186500614,0.2151275244659396,0.4103324936690543,2,BUY,0.014007778521538292
AMZN,0.3960554250646624,0.2464721465858316,0.35747242834950604,1,HOLD,-0.0030218279679656837
AMZN,0.3780582734756689,0.23988229895116014,0.38205942757317096,1,HOLD,0.006442448675219972
AMZN,0.3684829391992625,0.25734104052204926,0.37417602027868824,2,BUY,0.03530037223454001
AMZN,0.36233142065034263,0.31035704345734366,0.3273115358923138,2,BUY,0.011981521917604297
AMZN,0.3479770290087906,0.32071894524179534,0.33130402574941403,0,SELL,-0.022515953159889142
AMZN,0.3636355200252105,0.2949156970342958,0.34144878294049363,1,HOLD,0.001142864416179142
AMZN,0.3804855593945257,0.2795303954758831,0.3399840451295912,0,SELL,-0.043855989217514546
AMZN,0.3660382907709178,0.2388619106342965,0.3950997985947857,0,SELL,-0.012846835734262254
AMZN,0.4110991989945915,0.2150812790281661,0.3738195219772425,1,HOLD,0.00998885850959942
AMZN,0.3855788893844232,0.23590180984099982,0.37851930077457707,2,BUY,0.019785262896236874
AMZN,0.4067585059862982,0.23425923824875672,0.3589822557649451,0,SELL,-0.0940813573992858
AMZN,0.4050365397921077,0.12581803395715166,0.46914542625074057,0,SELL,-0.04242073641032032
AMZN,0.3909350532400354,0.04941708914509479,0.5596478576148698,2,BUY,0.024606997782102066
AMZN,0.4403056554936677,0.05411950115008277,0.5055748433562495,0,SELL,-0.026597259717812963
AMZN,0.4440297614580976,0.052852149493681604,0.5031180890482209,2,BUY,0.11312358861813517
AMZN,0.5962433479508495,0.12808472522794298,0.2756719268212074,0,SELL,-0.053085113655140896
AMZN,0.4208877484403762,0.09789859472799202,0.4812136568316317,2,BUY,0.019941079422269643
AMZN,0.46559031736406514,0.13487422883589445,0.39953545380004046,0,SELL,-0.014987065296594422
AMZN,0.4172556204503656,0.17356699026683733,0.409177389282797,0,SELL,-0.013989329016472998
AMZN,0.4117803723173359,0.18277665836241874,0.4054429693202454,0,SELL,-0.029726389380639047
AMZN,0.4150155894755859,0.15258659823706844,0.4323978122873456,0,SELL,-0.00991534732389348
AMZN,0.42048974520962695,0.18616923323132334,0.39334102155904965,0,SELL,-0.031126527586896723
AMZN,0.3858311592133515,0.1620382556215904,0.45213058516505805,2,BUY,0.03442328337941731
AMZN,0.43876350064622127,0.1821080521463392,0.3791284472074396,2,BUY,0.041953201051518486
AMZN,0.43028467814652577,0.19242834328469502,0.37728697856877924,2,BUY,0.032360982528496264
AMZN,0.4283234613481791,0.2322924411520089,0.3393840974998121,2,BUY,0.013048475365695443
AMZN,0.3921014006884487,0.24759157093643538,0.36030702837511586,1,HOLD,-0.0068492053390797475
AMZN,0.37677509305262824,0.25619918750687026,0.3670257194405015,1,HOLD,-0.0016529240033086564
AMZN,0.37422295019502433,0.2677965377026828,0.35798051210229287,0,SELL,-0.01597624814818092
AMZN,0.4037254325451931,0.2397674648337907,0.3565071026210162,2,BUY,0.030860378884021808
AMZN,0.41181679357574225,0.24106303191708003,0.3471201745071777,1,HOLD,-0.0011573530932636395
AMZN,0.3914641215992837,0.26093804520876307,0.34759783319195336,0,SELL,-0.019292122294797282
AMZN,0.3441166452075442,0.2762836097291259,0.37959974506332983,1,HOLD,-0.00721681069789819
AMZN,0.35028794066935015,0.2630868095828848,0.38662524974776513,2,BUY,0.019801632738363693
AMZN,0.37902329876671415,0.2699120997992932,0.35106460143399276,2,BUY,0.01770048072706834
AMZN,0.3733390112453693,0.2803899071957321,0.3462710815588987,1,HOLD,0.005089047328858073
AMZN,0.3375788313790328,0.30411239149752484,0.3583087771234425,2,BUY,0.07760926703827985
AMZN,0.3614789463458866,0.32513781097865535,0.31338324267545803,2,BUY,0.012999853383055317
AMZN,0.3313090944008869,0.3301940992471387,0.3384968063519743,1,HOLD,-0.005312830342904736
AMZN,0.33914353072199793,0.3391509514476217,0.32170551783038037,0,SELL,-0.024458403999516362
AMZN,0.3508605145759571,0.32052218606629623,0.3286172993577466,1,HOLD,0.002044981599618388
AMZN,0.32429686498814986,0.35616560087229904,0.31953753413955105,1,HOLD,0.0027687076543830617
AMZN,0.3096191983878729,0.36589787764290654,0.3244829239692205,0,SELL,-0.010189475975831261
AMZN,0.31957488553301033,0.34402399335599704,0.33640112111099263,0,SELL,-0.01456138756787949
AMZN,0.34247711444925183,0.3016339578911878,0.3558889276595603,1,HOLD,0.009796778074282274
AMZN,0.34767407095582703,0.30739266796350073,0.3449332610806722,0,SELL,-0.010443315729919826
AMZN,0.3359382156557266,0.30754861529675476,0.3565131690475185,2,BUY,0.02471808928544102
AMZN,0.3416903739065888,0.3430481782304848,0.31526144786292654,1,HOLD,-0.006330074379308311
AMZN,0.32879999934237547,0.3321261762635952,0.3390738243940292,1,HOLD,0.004775584008620333
AMZN,0.3403838384769198,0.3349459746730258,0.3246701868500544,1,HOLD,-0.003360050181079145
AMZN,0.3322130550089711,0.3152346709821989,0.35255227400883005,1,HOLD,0.007967779780350723
AMZN,0.31424193897025765,0.35895867637583545,0.32679938465390695,1,HOLD,-0.00455906882030232
AMZN,0.30857436888682205,0.3581750911994134,0.3332505399137646,1,HOLD,0.007361824330479417
AMZN,0.3242212267963104,0.3571641865607783,0.31861458664291126,1,HOLD,0.003276044436817532
AMZN,0.3203573000965203,0.33680927892634277,0.3428334209771369,2,BUY,0.0268593707089079
AMZN,0.3153902733933048,0.37484950024778946,0.30976022635890577,2,BUY,0.015840481625608374
AMZN,0.3030813718990638,0.38266961331847477,0.3142490147824615,1,HOLD,0.0028993089092673027
AMZN,0.3146800915372171,0.3877177103086337,0.2976021981541491,0,SELL,-0.02047379463536856
AMZN,0.3095952710148522,0.38099005285900517,0.3094146761261426,1,HOLD,0.00018763973740831241
AMZN,0.3203579374505971,0.38495905787152657,0.2946830046778763,1,HOLD,-0.005360427367806205
AMZN,0.3079788321954933,0.3502572061536948,0.34176396165081185,2,BUY,0.01868340140955021
AMZN,0.30798751547233133,0.36857393311688486,0.32343855141078376,1,HOLD,-0.0059407894922023025
AMZN,0.3133432544869447,0.3348779961859488,0.3517787493271064,0,SELL,-0.010764380578029788
AMZN,0.31793155156159186,0.32640935538422106,0.35565909305418714,0,SELL,-0.013405860444963278
AMZN,0.3250485464027026,0.31381623510152096,0.3611352184957765,1,HOLD,-0.005835109391705959
AMZN,0.30919337095690136,0.34680913864048757,0.34399749040261113,2,BUY,0.02041663831593163
AMZN,0.304891005723745,0.3571012384850271,0.33800775579122777,1,HOLD,-0.0036726605052767557
AMZN,0.2977505259936556,0.3716552921404987,0.3305941818658457,2,BUY,0.023911043937020576
AMZN,0.31625867901833454,0.37325162783921784,0.31048969314244756,2,BUY,0.028065998915184062
AMZN,0.3438927909669525,0.3308326593224603,0.32527454971058717,0,SELL,-0.017665207343808734
AMZN,0.28983692742190303,0.3922009555128895,0.3179621170652075,1,HOLD,0.004865337820140418
AMZN,0.2944304489263604,0.38309989782883597,0.3224696532448036,1,HOLD,-0.002452467458083949
AMZN,0.3094298610432541,0.3827048604231318,0.3078652785336141,2,BUY,0.015744829251554494
AMZN,0.30585081824908744,0.4049477500315807,0.289201431719332,1,HOLD,0.00026851753624536286
AMZN,0.2889604250014182,0.3877786121247571,0.3232609628738247,0,SELL,-0.018562963722362966
AMZN,0.2934163374669875,0.387680984392256,0.3189026781407566,2,BUY,0.014392611963869897
AMZN,0.30731197188206016,0.3895609415084151,0.3031270866095247,1,HOLD,-0.0012589875178302516
AMZN,0.311201901705991,0.3940030956363069,0.2947950026577021,2,BUY,0.01234146308748988
AMZN,0.2998875875690049,0.38546011312005907,0.3146522993109361,1,HOLD,0.0029730809278073135
AMZN,0.2949160577181321,0.3979591876116594,0.30712475467020844,1,HOLD,0.0029201137891530816
AMZN,0.29797158255688627,0.38347206910693743,0.31855634833617635,0,SELL,-0.014059063272129654
AMZN,0.3140179569403966,0.387521337319882,0.2984607057397214,1,HOLD,0.003086778258328562
AMZN,0.3152038866321416,0.3880580354039534,0.29673807796390506,1,HOLD,0.009999860894734277
AMZN,0.3105910009221952,0.38470703085679614,0.30470196822100865,2,BUY,0.013921126445029842
AMZN,0.2937279119437946,0.40997104123778805,0.29630104681841746,0,SELL,-0.008012836242670535
AMZN,0.3077365443294972,0.39722191590033745,0.2950415397701653,1,HOLD,0.003598354221935051
AMZN,0.32491190346198573,0.3992285004463903,0.2758595960916241,2,BUY,0.01711152033504944
AMZN,0.3148984749033447,0.3863445714517743,0.2987569536448811,1,HOLD,-0.0034075702705456917
AMZN,0.2895020198849995,0.4263004500015084,0.2841975301134921,1,HOLD,0.00581605955069594
AMZN,0.2708401634823836,0.42713048088043143,0.302029355637185,0,SELL,-0.007675754918146071
AMZN,0.2865768591061212,0.4134157175122722,0.30000742338160663,1,HOLD,-0.0035559103854630675
AMZN,0.29866763999259693,0.402508545291348,0.2988238147160551,2,BUY,0.016886027515609428
AMZN,0.3527585018712032,0.3271169953482752,0.3201245027805215,0,SELL,-0.08631653211497635
AMZN,0.34163358836507757,0.27915507556369035,0.37921133607123214,0,SELL,-0.014540622735209995
AMZN,0.3105622329475139,0.35067676012026344,0.3387610069322228,1,HOLD,0.009873169687714855
AMZN,0.3050441622581795,0.33995740513221406,0.35499843260960645,2,BUY,0.03926568541504039
AMZN,0.3321905998733163,0.35964921002432404,0.3081601901023597,1,HOLD,0.003681789897764909
AMZN,0.31740287222967223,0.3615225976564955,0.32107453011383225,1,HOLD,-0.0019739023688590293
AMZN,0.300754599049454,0.3917664537390749,0.3074789472114711,1,HOLD,-0.006261419913672536
AMZN,0.2930866373755955,0.3874881562990862,0.31942520632531823,1,HOLD,0.0007678847964323423
AMZN,0.3101804397579263,0.3837567640840664,0.30606279615800736,2,BUY,0.013855775538096454
AMZN,0.3034270165034701,0.40728928469510495,0.289283698801425,2,BUY,0.028188187008165968
AMZN,0.31669882090573553,0.3805347069003771,0.3027664721938873,1,HOLD,0.00021645874568753922
AMZN,0.2949024070007741,0.3955372098356075,0.30956038316361834,1,HOLD,0.001989132843084511
AMZN,0.28369913876777203,0.41264846620040596,0.303652395031822,0,SELL,-0.015147236228621111
AMZN,0.2879146522095321,0.4049575881432006,0.3071277596472674,0,SELL,-0.018591996826338653
AMZN,0.3161513379162905,0.37832324067183315,0.30552542141187633,0,SELL,-0.008345349193359648
AMZN,0.3182747028669323,0.3748556626358948,0.3068696344971729,2,BUY,0.03057093586711227
AMZN,0.3079051690145146,0.4082914677431825,0.283803363242303,1,HOLD,-0.003940606259072855
AMZN,0.27626724977816347,0.41659227476172517,0.30714047546011136,1,HOLD,0.0033724076943096397
AMZN,0.2966952970451646,0.417024587173312,0.28628011578152335,1,HOLD,0.0017910076284830656
AMZN,0.31139615038812835,0.4050013105680188,0.28360253904385285,1,HOLD,0.010765909591411497
AMZN,0.31138787094351217,0.4061577495792626,0.28245437947722535,0,SELL,-0.011289768498294606
AMZN,0.28251305801083004,0.4213720369870887,0.29611490500208115,0,SELL,-0.016111647069703763
AMZN,0.31499399843851533,0.37894294262197037,0.30606305893951435,1,HOLD,0.00288041832828813
AMZN,0.3298159158795363,0.378820679814871,0.29136340430559265,2,BUY,0.041984146824532165
AMZN,0.33005337716594396,0.38672742407244404,0.2832191987616119,0,SELL,-0.01431613896889294
AMZN,0.2913600219840516,0.40991720204019483,0.2987227759757537,2,BUY,0.014994810804568525
AMZN,0.2941320166139796,0.4116194775022862,0.2942485058837342,1,HOLD,0.010124998519937195
AMZN,0.3015335716879959,0.4225060166002887,0.2759604117117154,0,SELL,-0.033765520828453625
AMZN,0.33232294287720426,0.38361404253287795,0.28406301458991773,1,HOLD,-0.0016511904499798356
AMZN,0.3147901687843734,0.41077015459627414,0.27443967661935265,0,SELL,-0.007858600093329492
AMZN,0.3010168439238405,0.39990863305425844,0.2990745230219012,2,BUY,0.014274139722700788
AMZN,0.29578124536384853,0.40197286739019583,0.30224588724595564,2,BUY,0.011257360441086762
AMZN,0.30382161396402924,0.3845256726805187,0.311652713355452,0,SELL,-0.010436704109897131
AMZN,0.3259568299018029,0.37106403347537087,0.3029791366228262,1,HOLD,-0.001685208986324988
AMZN,0.3284882390305139,0.37831167507132213,0.293200085898164,1,HOLD,0.001080590559717161
AMZN,0.33055366314046314,0.34287215674483196,0.3265741801147049,0,SELL,-0.016771933038536895
AMZN,0.28704553360460494,0.4066374154023745,0.30631705099302053,0,SELL,-0.030871872178262885
AMZN,0.30147672284523064,0.3578048332389329,0.3407184439158365,1,HOLD,-0.002267986025112884
AMZN,0.30365554907370407,0.3621993418542918,0.33414510907200407,0,SELL,-0.009398795415484473
AMZN,0.3150554555742284,0.3481276835037069,0.33681686092206464,1,HOLD,0.007444168873481812
AMZN,0.2919481809971316,0.37310810427031366,0.3349437147325548,2,BUY,0.010815805882780046
AMZN,0.2891190626367287,0.38827513750093984,0.3226057998623315,0,SELL,-0.011771724709007034
AMZN,0.30264368775869926,0.3734887971859995,0.3238675150553012,1,HOLD,0.004815990813160187
AMZN,0.3112553280708999,0.36662972555791723,0.3221149463711829,1,HOLD,0.008035429408424817
AMZN,0.31539865907141407,0.3641055033974158,0.3204958375311701,0,SELL,-0.01312477732054764
AMZN,0.2837477477535109,0.3783395226570982,0.33791272958939084,1,HOLD,0.006312318256467209
AMZN,0.30836868680479856,0.3556617412536112,0.3359695719415902,1,HOLD,0.003975811225101454
AMZN,0.2875443158727805,0.3714552540435814,0.341000430083638,2,BUY,0.015391813667974614
AMZN,0.31437353106359883,0.36443890275811847,0.3211875661782827,2,BUY,0.011126943813862119
AMZN,0.31867632085435715,0.3640047387537932,0.3173189403918496,0,SELL,-0.05121476887040818
AMZN,0.3075699756758511,0.3059788702794283,0.38645115404472047,2,BUY,0.016955828210376053
AMZN,0.30969826708680637,0.35358074870287953,0.33672098421031404,0,SELL,-0.016863378479674927
AMZN,0.33759932197142517,0.3058526129819323,0.3565480650466425,1,HOLD,-0.0037966156016826813
AMZN,0.356034862184048,0.3031711210741101,0.3407940167418419,1,HOLD,-0.005115842622809568
AMZN,0.3649955332025057,0.26488300700752415,0.3701214597899701,1,HOLD,-0.006689964147498498
AMZN,0.3266794822536319,0.2992843152862591,0.374036202460109,2,BUY,0.016018234695332655
AMZN,0.3048139358007693,0.3585352166241731,0.33665084757505753,2,BUY,0.025314357693141158
AMZN,0.3147473936483718,0.3534699504429281,0.33178265590870026,0,SELL,-0.01854683769726401
AMZN,0.3371063024130692,0.33657822393986847,0.32631547364706226,2,BUY,0.014304177190941961
AMZN,0.33066374600747267,0.3692301041475366,0.3001061498449908,2,BUY,0.014013300747685163
AMZN,0.31255689147704535,0.3867887020056285,0.30065440651732617,2,BUY,0.012234712914707927
AMZN,0.31511511928424013,0.3923715550748292,0.2925133256409307,1,HOLD,0.009995255600938363
AMZN,0.3271741302788825,0.3710156280061772,0.30181024171494025,1,HOLD,0.00456970894129321
AMZN,0.3456974053075403,0.35605936409686345,0.29824323059559626,0,SELL,-0.03283904572023767
AMZN,0.32422920677572553,0.3289509685487959,0.3468198246754785,2,BUY,0.09152568904562086
AMZN,0.34785077558983546,0.3147696412013364,0.33737958320882827,2,BUY,0.039264803615285844
AMZN,0.3188603625076837,0.33582423995722127,0.34531539753509505,0,SELL,-0.018597025701107325
AMZN,0.31010554272057,0.329799553389992,0.360094903889438,1,HOLD,0.0035233445181079427
AMZN,0.3393338623159553,0.3429787068179975,0.3176874308660472,0,SELL,-0.029034574612610754
AMZN,0.3245782112281814,0.33486066828639,0.3405611204854285,1,HOLD,0.005621146751201347
AMZN,0.335528119136427,0.3278518532269135,0.33662002763665944,2,BUY,0.0161931675138767
AMZN,0.32171172942983445,0.35266550020739673,0.3256227703627688,1,HOLD,0.0028141212824006312
AMZN,0.3069548041590779,0.37338883102282927,0.3196563648180928,0,SELL,-0.01986689759076167
AMZN,0.31552493995243536,0.37215098793812407,0.31232407210944063,0,SELL,-0.027483132611142096
AMZN,0.3225484454551146,0.32812700599824596,0.3493245485466394,0,SELL,-0.01223891180071706
AMZN,0.3230222753893376,0.31314949625457916,0.36382822835608325,1,HOLD,-0.007785167790615942
AMZN,0.3337632026628484,0.2807394857890914,0.3854973115480601,0,SELL,-0.045328527802621185
AMZN,0.33252824469344106,0.261282818154777,0.40618893715178195,1,HOLD,0.0006288715862684946
AMZN,0.37328556807089824,0.25235468663784694,0.3743597452912548,0,SELL,-0.025238376767976148
AMZN,0.3411204186612714,0.2432049111257323,0.41567467021299626,2,BUY,0.01621670892983362
AMZN,0.3369564440692455,0.26029236565309155,0.402751190277663,2,BUY,0.025014152157624068
AMZN,0.31561053880661216,0.31149338300524076,0.3728960781881471,2,BUY,0.01487032297548011
AMZN,0.31942892259211303,0.3310139044222639,0.349557172985623,1,HOLD,-0.0022230225348219158
AMZN,0.31358687486929954,0.35240120356991794,0.33401192156078247,2,BUY,0.01756175380535844
AMZN,0.2956406552102817,0.38634283906498873,0.31801650572472956,1,HOLD,0.002825964858582112
AMZN,0.29472861081473206,0.3551893690472755,0.3500820201379925,1,HOLD,0.0023061862991379644
AMZN,0.3019551607905548,0.3506129330363615,0.34743190617308367,0,SELL,-0.008740386717129234
AMZN,0.3203401818063922,0.3693296472279453,0.31033017096566257,0,SELL,-0.014171743534491207
AMZN,0.3173709169743138,0.36584927742317963,0.3167798056025065,1,HOLD,0.0018314943611840917
AMZN,0.293839505607949,0.3870793657716675,0.31908112862038346,0,SELL,-0.011568418747626617
AMZN,0.2826430335754328,0.38600360686409285,0.3313533595604744,1,HOLD,0.004529366309921425
AMZN,0.29856160469015575,0.37553313289771534,0.3259052624121289,2,BUY,0.016793958483706913
AMZN,0.30741841880623905,0.3864399857141988,0.306141595479562,1,HOLD,-0.006492686132941979
AMZN,0.3068908912354936,0.3870959615179744,0.306013147246532,0,SELL,-0.017920589673159203
AMZN,0.286125463571558,0.39347650959408675,0.3203980268343553,0,SELL,-0.016268534273204432
AMZN,0.29422363927173956,0.3775597859933307,0.3282165747349299,1,HOLD,8.98866451848032e-05
AMZN,0.3032253556532593,0.3560744227572448,0.34070022158949587,1,HOLD,-0.005813022613826454
AMZN,0.3068765870081933,0.3488281997833878,0.3442952132084188,2,BUY,0.024508470639878127
AMZN,0.3266268412597603,0.3389075733056212,0.33446558543461846,1,HOLD,0.0025985418858299946
AMZN,0.313534585713333,0.3439914591872942,0.3424739550993728,1,HOLD,0.004739078487121393
AMZN,0.2805376090421208,0.40395942264532775,0.3155029683125514,2,BUY,0.016110849706755952
AMZN,0.2699437445856028,0.4359603078570724,0.29409594755732493,1,HOLD,0.0010333484556670999
AMZN,0.27588432668746465,0.43811591906435976,0.28599975424817564,1,HOLD,0.0006022774408405259
AMZN,0.2640644835808315,0.44752277262943846,0.2884127437897299,1,HOLD,-0.001937179352692427
AMZN,0.26112127322211276,0.4370118121559869,0.3018669146219004,1,HOLD,0.0019801618568183687
MSFT,0.36147781798171486,0.28031769610742946,0.3582044859108557,2,BUY,0.01133134309734491
MSFT,0.3345660946747417,0.3189727569205033,0.3464611484047551,2,BUY,0.010573343101965227
MSFT,0.3221710942821672,0.30971993138764736,0.3681089743301854,0,SELL,-0.01289104962926107
MSFT,0.32224443720581863,0.2959963249818241,0.38175923781235727,1,HOLD,0.005171689967827259
MSFT,0.34538686918759803,0.2852238164241958,0.3693893143882061,0,SELL,-0.01330170022066384
MSFT,0.3379588374252006,0.2587502847514995,0.4032908778232999,0,SELL,-0.004209754232900795
MSFT,0.33537020580610144,0.267204895417112,0.39742489877678644,1,HOLD,-0.003650148263079361
MSFT,0.3522421736015848,0.26653766024066333,0.38122016615775184,2,BUY,0.025275085137600344
MSFT,0.353237367352405,0.31856276859522886,0.3281998640523662,1,HOLD,-0.004066381700702156
MSFT,0.3283918604995521,0.3285985055911305,0.34300963390931744,2,BUY,0.010426461096747611
MSFT,0.32110089034214023,0.3374841104621658,0.3414149991956939,1,HOLD,-0.0012361368726452522
MSFT,0.3204542664181574,0.3424137065780292,0.3371320270038134,2,BUY,0.04047652294560006
MSFT,0.3393954569364424,0.34748377495137167,0.3131207681121858,1,HOLD,0.0011423652368763003
MSFT,0.32821189622031555,0.3718383089376464,0.29994979484203815,0,SELL,-0.005949854810832105
MSFT,0.3116811697995414,0.364173380688322,0.32414544951213653,0,SELL,-0.021625609651502203
MSFT,0.33384296737925784,0.3024637597103259,0.36369327291041625,2,BUY,0.028671809946242882
MSFT,0.34991752870588655,0.32435075427073984,0.3257317170233737,0,SELL,-0.010949792005265555
MSFT,0.3520017897334774,0.3207634347662489,0.32723477550027374,0,SELL,-0.06380166989148243
MSFT,0.38092398583760634,0.2737251766190673,0.3453508375433263,1,HOLD,0.00016860676469356053
MSFT,0.3411960508124868,0.3021702223001037,0.35663372688740963,0,SELL,-0.010024581145684969
MSFT,0.35922152804271584,0.2604096552377777,0.3803688167195065,1,HOLD,0.003522511625465829
MSFT,0.36414516121719603,0.2801647210748843,0.3556901177079197,1,HOLD,0.002228546820383526
MSFT,0.3622295792007712,0.30624950166003945,0.33152091913918946,1,HOLD,0.006102907482596296
MSFT,0.3553282661191835,0.32038294250751403,0.32428879137330247,0,SELL,-0.014705285617547364
MSFT,0.34055210219299736,0.2998531694185199,0.3595947283884827,1,HOLD,0.006010021317124562
MSFT,0.3393092303613889,0.31644159694239277,0.3442491726962184,1,HOLD,-0.001893978503425346
MSFT,0.3378369489684627,0.3194291214170645,0.34273392961447274,0,SELL,-0.005850285554868431
MSFT,0.3568708714402079,0.29970877056515766,0.34342035799463444,1,HOLD,0.0036604185889007293
MSFT,0.3576800819958293,0.32688457670036813,0.31543534130380263,0,SELL,-0.005152834155394223
MSFT,0.34149412666888557,0.3251207463317416,0.3333851269993729,1,HOLD,0.002958161145576463
MSFT,0.35200989102252717,0.32573765736212057,0.32225245161535226,2,BUY,0.012445433789958932
MSFT,0.3577284039191133,0.3292878423360115,0.31298375374487514,1,HOLD,0.005276696994383447
MSFT,0.36041359087755365,0.31091293567316014,0.3286734734492861,0,SELL,-0.019215974743766618
MSFT,0.33849326914429123,0.2954971344752636,0.3660095963804452,0,SELL,-0.010366855747714442
MSFT,0.3663285515683373,0.26612169526299684,0.3675497531686658,0,SELL,-0.015214223369149333
MSFT,0.3555530052737654,0.25662471342912113,0.3878222812971135,1,HOLD,0.004588690050635368
MSFT,0.37470241563976975,0.25156979133144824,0.37372779302878195,0,SELL,-0.01817641878536853
MSFT,0.3557530549604952,0.22920042915147268,0.41504651588803204,2,BUY,0.011298128389634683
MSFT,0.3902854279435883,0.24528111179449777,0.3644334602619139,0,SELL,-0.021643670751607412
MSFT,0.3530688391059215,0.22078615313088223,0.42614500776319614,1,HOLD,0.0003087388430688296
MSFT,0.3682562851985839,0.19138374461694949,0.44035997018446665,2,BUY,0.03143516064378691
MSFT,0.4010075212000988,0.22915315422338098,0.36983932457652025,0,SELL,-0.010352008412163837
MSFT,0.388725559187247,0.18237686971729206,0.42889757109546095,0,SELL,-0.009061199849503264
MSFT,0.4061514122993205,0.20022142099225948,0.39362716670842013,0,SELL,-0.034005851418937125
MSFT,0.37882909185333924,0.15372502726207563,0.4674458808845852,1,HOLD,0.0007625035583681244
MSFT,0.3883470292763272,0.15124000797981763,0.4604129627438552,2,BUY,0.00738496234587349
MSFT,0.4170555541002408,0.18099353942380042,0.40195090647595877,0,SELL,-0.011810645684482087
MSFT,0.3837360825359057,0.1889890907018336,0.4272748267622607,2,BUY,0.025518482191849542
MSFT,0.3865489114081388,0.2441874376871062,0.3692636509047551,1,HOLD,0.00036042445017447493
MSFT,0.35754944517664966,0.25389884172118615,0.3885517131021642,0,SELL,-0.01341617280869547
MSFT,0.355586585876902,0.24337339909035843,0.4010400150327395,2,BUY,0.011149551447065257
MSFT,0.37784271377192774,0.2630746317101122,0.35908265451796,1,HOLD,-0.0025301701130592416
MSFT,0.36589606536279495,0.2572350499789563,0.37686888465824875,2,BUY,0.011361193751296827
MSFT,0.36179490177818985,0.2710105320511631,0.36719456617064705,1,HOLD,0.004640800550818956
MSFT,0.359698293448874,0.31740137080102204,0.32290033575010396,1,HOLD,0.005277622425667818
MSFT,0.34355596704279034,0.3275894803837074,0.32885455257350227,0,SELL,-0.013220944205326898
MSFT,0.3498392279495662,0.3098189953499103,0.34034177670052357,1,HOLD,0.0015628732954701915
MSFT,0.37240014730254417,0.2930446980109075,0.33455515468654834,0,SELL,-0.030624263219707116
MSFT,0.35597143013051874,0.2555868716441862,0.3884416982252951,0,SELL,-0.00904287910585269
MSFT,0.4056122131079901,0.22522233522192142,0.3691654516700886,2,BUY,0.017952338419868794
MSFT,0.3809668172575454,0.2559175292956699,0.3631156534467846,1,HOLD,-0.00013083737062266458
MSFT,0.3928902540139962,0.2585115391210957,0.3485982068649081,0,SELL,-0.023913833417961234
MSFT,0.3964065036283935,0.14455352148434378,0.4590399748872626,0,SELL,-0.036213731617084785
MSFT,0.366984887889824,0.05743561751576632,0.5755794945944097,1,HOLD,-0.005517750274828442
MSFT,0.42556624060898146,0.0574598107120044,0.516973948679014,0,SELL,-0.009264191108780255
MSFT,0.4217718385735937,0.058064924793705154,0.5201632366327011,2,BUY,0.09652482956871296
MSFT,0.5691606157295471,0.146507142153436,0.28433224211701696,0,SELL,-0.023684844925189973
MSFT,0.42169914879079745,0.100917725463048,0.47738312574615466,2,BUY,0.01844693429465891
MSFT,0.4452959110749292,0.15158804634216513,0.40311604258290573,1,HOLD,-0.001648996629489707
MSFT,0.3955146838277207,0.1959091075182181,0.4085762086540612,1,HOLD,-0.005377837130719337
MSFT,0.38930615666364704,0.20495895296698788,0.405734890369365,0,SELL,-0.03729273027552107
MSFT,0.3972381646931908,0.17748315546232873,0.4252786798444806,0,SELL,-0.010359904536251406
MSFT,0.40444109203218115,0.20324328826126015,0.39231561970655865,0,SELL,-0.023828341572426474
MSFT,0.36946011842797116,0.1749756963222036,0.45556418524982517,2,BUY,0.02121461304857907
MSFT,0.42891756293556965,0.20310991191713815,0.3679725251472922,2,BUY,0.02042675475774412
MSFT,0.4185399677928568,0.21078783908029303,0.3706721931268502,2,BUY,0.03390148049042401
MSFT,0.41895942376788287,0.24265686152925273,0.3383837147028645,2,BUY,0.011679711144795183
MSFT,0.3815842062221427,0.263748853340635,0.35466694043722224,1,HOLD,-0.0017624972746416064
MSFT,0.3799790075395349,0.261521814169096,0.358499178291369,2,BUY,0.007335676459733854
MSFT,0.3741237035982316,0.2818771448984713,0.3439991515032971,1,HOLD,0.0030914086271372934
MSFT,0.4100445093219049,0.24187363277975413,0.348081857898341,2,BUY,0.07348604606912208
MSFT,0.40514354320686746,0.2379813540430642,0.35687510275006834,2,BUY,0.022959658008321133
MSFT,0.37690616954342476,0.28305876056889895,0.34003506988767634,1,HOLD,0.0020425767979148405
MSFT,0.3479290431269985,0.29132218671388127,0.36074877015912016,0,SELL,-0.006578705607320225
MSFT,0.3582226997371117,0.27670874467444434,0.36506855558844387,1,HOLD,9.232530148791122e-05
MSFT,0.3910596329585138,0.27070686801158284,0.33823349902990335,2,BUY,0.011061190757678177
MSFT,0.3743178750509843,0.2868647817563008,0.33881734319271484,1,HOLD,0.001277250229230535
MSFT,0.33810450311145923,0.31640102520181884,0.3454944716867219,2,BUY,0.023717625628310892
MSFT,0.3568688990355991,0.34993119415517576,0.2931999068092252,1,HOLD,-0.0002670535638992658
MSFT,0.3365393357946837,0.34938723829292884,0.31407342591238735,2,BUY,0.00842492892589001
MSFT,0.33808883874166235,0.3589493903055125,0.30296177095282517,1,HOLD,0.002253525213353704
MSFT,0.3394999218105023,0.3513203186681122,0.30917975952138554,1,HOLD,0.0025126904358643127
MSFT,0.3377469913184728,0.3596812171424984,0.3025717915390288,2,BUY,0.010075195089195408
MSFT,0.31712948999224455,0.37616924006846103,0.3067012699392944,1,HOLD,-0.0015265760973737531
MSFT,0.3221939979383853,0.37006901199305975,0.30773699006855487,0,SELL,-0.012297847710938498
MSFT,0.3429765397690474,0.32271330539347853,0.3343101548374741,1,HOLD,0.0050472095157763144
MSFT,0.347132297073459,0.31635054006767305,0.336517162858868,0,SELL,-0.010342208052536684
MSFT,0.3359009409821582,0.30925826055309547,0.35484079846474625,2,BUY,0.023077887913620077
MSFT,0.33683835381552835,0.3590942779829899,0.3040673682014818,0,SELL,-0.007254590473756205
MSFT,0.32681483876630835,0.3467736533687332,0.32641150786495843,1,HOLD,0.0028820428859637954
MSFT,0.3422995672752669,0.3470655221971676,0.3106349105275655,1,HOLD,0.003655906508106462
MSFT,0.3410936256293923,0.3213714121181924,0.3375349622524152,1,HOLD,0.0034911764734338736
MSFT,0.30036983355045493,0.3946773574494289,0.3049528090001162,1,HOLD,0.002162320143849693
MSFT,0.3098749956959463,0.3854846938400727,0.304640310463981,1,HOLD,0.0019420919004993064
MSFT,0.3232310588783807,0.3707907764150991,0.30597816470652023,2,BUY,0.008179959295001706
MSFT,0.32818093015625655,0.36115692810915695,0.31066214173458645,1,HOLD,0.005756602459714885
MSFT,0.3179936374549186,0.3807170145684557,0.3012893479766257,1,HOLD,0.0050258528675116935
MSFT,0.30239655127329595,0.40060262120983153,0.2970008275168725,1,HOLD,-0.0038784722638328384
MSFT,0.3263239512189633,0.37796996029351626,0.2957060884875204,1,HOLD,0.003603463074292599
MSFT,0.3150080839993768,0.3814859866081033,0.30350592939251986,2,BUY,0.01313740346725148
MSFT,0.3344948907677904,0.3753349531840116,0.29017015604819796,0,SELL,-0.008198578582541157
MSFT,0.3256189560610558,0.34450117050578544,0.32987987343315883,2,BUY,0.008762294353875523
MSFT,0.304090278765188,0.3797902594669362,0.31611946176787575,1,HOLD,-0.0022984435487914917
MSFT,0.3214653928212988,0.35149549938131064,0.32703910779739065,1,HOLD,0.004591552451335456
MSFT,0.34503876037558445,0.3386992094854453,0.3162620301389703,0,SELL,-0.005931288264851968
MSFT,0.3269432942658974,0.3289857860379974,0.34407091969610515,2,BUY,0.017853959924301718
MSFT,0.3447178951711791,0.3441134546742007,0.3111686501546202,2,BUY,0.008421128480588666
MSFT,0.3267471637113371,0.36911464501926194,0.30413819126940095,1,HOLD,0.004397547736045845
MSFT,0.32468347606261194,0.37558858476207974,0.2997279391753084,2,BUY,0.010467770381470988
MSFT,0.32339195481151634,0.4012920714325521,0.27531597375593164,1,HOLD,-0.003040164900519199
MSFT,0.3271425770709046,0.367957226018502,0.3049001969105934,1,HOLD,0.0029597608265007147
MSFT,0.308656756190455,0.3778166769547358,0.31352656685480906,0,SELL,-0.0108343552066878
MSFT,0.29329015216957727,0.4017682885833746,0.3049415592470482,1,HOLD,-0.0019528896929048721
MSFT,0.3128894304579382,0.3900204159471833,0.29709015359487856,2,BUY,0.0156579747361966
MSFT,0.30732267350020903,0.41240044074077403,0.28027688575901694,1,HOLD,-0.0022477210393947573
MSFT,0.29289138758573674,0.39176188252297267,0.31534672989129053,1,HOLD,-0.002212547157965789
MSFT,0.30085758379336436,0.39317584250622295,0.30596657370041275,2,BUY,0.013778453499477553
MSFT,0.311057399090553,0.3967924300072541,0.2921501709021929,1,HOLD,-0.004039855451496449
MSFT,0.32106095911365745,0.3929293809004972,0.2860096599858454,1,HOLD,0.0036624309212508993
MSFT,0.29009393170129166,0.40906476101055095,0.3008413072881575,1,HOLD,-0.0005962429187498232
MSFT,0.28722483013127775,0.41307001302755475,0.29970515684116755,1,HOLD,0.005550974992262568
MSFT,0.2909096985500477,0.3931415496069689,0.31594875184298343,1,HOLD,-0.0003954909711362287
MSFT,0.329463277273641,0.3746284382823788,0.29590828444398015,2,BUY,0.011953129932020627
MSFT,0.30848715486844275,0.39985949066309584,0.29165335446846136,1,HOLD,-0.0032297597105977057
MSFT,0.3027290420486482,0.39666145578409207,0.3006095021672596,1,HOLD,1.961851851006824e-05
MSFT,0.2913727160887226,0.4078968242773225,0.30073045963395484,0,SELL,-0.00943547453188553
MSFT,0.2853352411467768,0.41664661836533645,0.29801814048788666,1,HOLD,0.0011867643937927476
MSFT,0.3335054578785799,0.3857145873695689,0.28077995475185125,2,BUY,0.009855098900553631
MSFT,0.30806744525518426,0.397498112569826,0.2944344421749899,1,HOLD,0.005524123661301649
MSFT,0.29543076322810297,0.4002893120404268,0.3042799247314703,1,HOLD,-0.0023581759014073716
MSFT,0.28228642865420495,0.4215301627348528,0.2961834086109421,1,HOLD,0.00013654535950257234
MSFT,0.29740342925980406,0.40357473768767665,0.29902183305251917,1,HOLD,0.0013062993268246885
MSFT,0.3346141429538657,0.36666503928854677,0.2987208177575875,2,BUY,0.038715532668236165
MSFT,0.35205281877288463,0.33201447251793836,0.31593270870917706,0,SELL,-0.017757575991914736
MSFT,0.3265211271308795,0.3356017802598575,0.33787709260926296,2,BUY,0.02176088366095922
MSFT,0.31212374046448316,0.37030298783603405,0.3175732716994828,0,SELL,-0.014839819616448471
MSFT,0.3021277895792517,0.37808484286156074,0.3197873675591877,0,SELL,-0.005338583656342816
MSFT,0.3207572263823952,0.3760620762200704,0.3031806973975344,0,SELL,-0.007841026390804359
MSFT,0.3168094856849867,0.37283735456483913,0.31035315975017425,1,HOLD,0.0023010558685403588
MSFT,0.301082912963853,0.387090207655624,0.3118268793805231,1,HOLD,-0.0005172025843209707
MSFT,0.29453203377845527,0.3750748807688904,0.3303930854526544,2,BUY,0.014215182172784797
MSFT,0.29695889971039063,0.4036339525513563,0.29940714773825317,0,SELL,-0.01649832570302204
MSFT,0.30358340812296,0.40027188672528197,0.29614470515175806,1,HOLD,0.0036430354469972745
MSFT,0.3103964780394998,0.3751455117239264,0.31445801023657366,0,SELL,-0.004431088881465546
MSFT,0.29080382856712234,0.37661631880068225,0.3325798526321955,0,SELL,-0.0059193573972328144
MSFT,0.2845196813136952,0.3829405557857497,0.33253976290055515,0,SELL,-0.014276683097723557
MSFT,0.28688535707617696,0.3826973735931022,0.3304172693307208,0,SELL,-0.00797637071429298
MSFT,0.30242318833419884,0.359126495181354,0.3384503164844472,1,HOLD,-0.0012883601739178386
MSFT,0.3040349074986727,0.3508724911990158,0.3450926013023115,2,BUY,0.005912290029565607
MSFT,0.2935297445246668,0.3763472967505702,0.33012295872476305,0,SELL,-0.005872544882251361
MSFT,0.2646696465326121,0.3921022226802629,0.34322813078712516,1,HOLD,-0.004412227578508171
MSFT,0.30072383721131024,0.36869402211482144,0.3305821406738684,2,BUY,0.009318264045292216
MSFT,0.30134969036945647,0.388937432257092,0.30971287737345155,2,BUY,0.005706561624243669
MSFT,0.29543023119265177,0.3942498967717837,0.31031987203556455,0,SELL,-0.005805259692780816
MSFT,0.28352349299127366,0.38582658779229423,0.3306499192164321,1,HOLD,-0.003103369107083713
MSFT,0.2900123413163553,0.37339944232673533,0.3365882163569094,1,HOLD,0.0004552682916525242
MSFT,0.3014812299658266,0.37255483905495723,0.3259639309792162,1,HOLD,0.005171154071776547
MSFT,0.29844699644623907,0.40226110131037474,0.29929190224338614,0,SELL,-0.025864628358700167
MSFT,0.2917676668542383,0.3699033233259452,0.33832900981981656,2,BUY,0.006443817121539332
MSFT,0.28512188133598476,0.38798704155723174,0.3268910771067834,1,HOLD,0.00042138045152580184
MSFT,0.28020469864741804,0.4105140651232813,0.3092812362293007,1,HOLD,0.003924835333552985
MSFT,0.31393566269104184,0.38556192957881913,0.3005024077301391,1,HOLD,0.0012782561102659654
MSFT,0.3127160704632767,0.3945255395982722,0.2927583899384512,2,BUY,0.017588555726204592
MSFT,0.29188390297357203,0.39910345474677533,0.30901264227965275,2,BUY,0.01065103481439463
MSFT,0.28917355383273885,0.4282988269252872,0.282527619241974,0,SELL,-0.012339077089064716
MSFT,0.2905332219920534,0.41171149548194036,0.29775528252600625,1,HOLD,0.0019233021834196365
MSFT,0.31795381552464536,0.38542962944948833,0.2966165550258663,1,HOLD,-0.003083015295126659
MSFT,0.3129675138632607,0.3985324871236104,0.288499999013129,2,BUY,0.018473260574695834
MSFT,0.32532831472107165,0.36986646457893324,0.30480522069999516,0,SELL,-0.00674170396062263
MSFT,0.30702514787316176,0.40117816851502214,0.291796683611816,0,SELL,-0.01019860964397128
MSFT,0.30739557095403186,0.3915304972271192,0.3010739318188489,1,HOLD,0.0018049158360357077
MSFT,0.3249790338614196,0.37637006130858647,0.298650904829994,0,SELL,-0.00613457935532753
MSFT,0.3236198780526637,0.37593277098728484,0.3004473509600515,2,BUY,0.008699141267967558
MSFT,0.3120265194541483,0.39212937631187983,0.295844104233972,2,BUY,0.006120493444398394
MSFT,0.30700376389203277,0.40142066306860036,0.2915755730393668,2,BUY,0.006488918695771688
MSFT,0.3198307203157958,0.39675666295048206,0.2834126167337222,1,HOLD,0.003392200749707718
MSFT,0.3372992621642972,0.38385413961096293,0.2788465982247399,0,SELL,-0.007668305665979179
MSFT,0.34297117686466555,0.3630962824777312,0.2939325406576033,1,HOLD,0.003116865423178031
MSFT,0.3120665232713027,0.38315377046842136,0.3047797062602758,2,BUY,0.021455827695391016
MSFT,0.3019562230304817,0.40028915262734405,0.29775462434217415,0,SELL,-0.008721831535095682
MSFT,0.3171358439439723,0.3890590675044085,0.2938050885516193,1,HOLD,0.0016589857908293844
MSFT,0.32312835436923837,0.3930327612277409,0.28383888440302074,0,SELL,-0.004678862571105753
MSFT,0.3418711339862519,0.361306608231471,0.29682225778227705,0,SELL,-0.022142294719191255
MSFT,0.3243152308343792,0.3207143504297614,0.3549704187358594,2,BUY,0.006029238522721848
MSFT,0.3276368073703626,0.35783273421297385,0.31453045841666355,1,HOLD,-0.0009342866778087992
MSFT,0.34961148925304647,0.32865545231478843,0.3217330584321651,1,HOLD,-0.0002725479023386769
MSFT,0.36448529310025485,0.3189019337258905,0.31661277317385456,1,HOLD,-0.0035511569119545737
MSFT,0.38813260809212635,0.27268670749180807,0.3391806844160655,1,HOLD,0.0038432762301217173
MSFT,0.33165579036502174,0.31247537729805547,0.35586883233692274,2,BUY,0.006230631655657903
MSFT,0.3129240052061827,0.36027486294719946,0.32680113184661785,1,HOLD,0.0016821661103704202
MSFT,0.3306851955806195,0.3500969015419043,0.3192179028774762,2,BUY,0.005548017386565068
MSFT,0.34038463819367437,0.3359598893641425,0.3236554724421831,1,HOLD,3.850060739009602e-05
MSFT,0.33073323052032,0.3667018446916814,0.30256492478799857,2,BUY,0.00584194641894034
MSFT,0.3170000791102985,0.3811524742343475,0.301847446655354,2,BUY,0.01499383734595132
MSFT,0.31300145413821034,0.38894859543652627,0.2980499504252634,2,BUY,0.01965415727436889
MSFT,0.3151120749797217,0.3741583544499378,0.3107295705703405,1,HOLD,-0.0009598141785635673
MSFT,0.34590334391491423,0.3424962354759537,0.31160042060913207,0,SELL,-0.029590445980310513
MSFT,0.33068981345742227,0.3207676856341252,0.34854250090845246,0,SELL,-0.015236525400138043
MSFT,0.3266497106893155,0.34997171477503464,0.32337857453564983,1,HOLD,-0.0015074088681434853
MSFT,0.30277366699607944,0.34863798630697207,0.34858834669694844,0,SELL,-0.0052357444173193966
MSFT,0.3193176786453683,0.32775449303092896,0.3529278283237027,0,SELL,-0.014038629624112751
MSFT,0.32802137239803253,0.33494997882986305,0.33702864877210453,0,SELL,-0.020035324263284925
MSFT,0.3278322511042685,0.3162737105667125,0.35589403832901895,1,HOLD,-0.0005634228707259525
MSFT,0.32925254583708696,0.30801268148780575,0.3627347726751073,2,BUY,0.018308909344763428
MSFT,0.3204445204904088,0.3486395292911759,0.33091595021841524,1,HOLD,0.005282431185985817
MSFT,0.3154359317499208,0.3529672840186311,0.33159678423144806,1,HOLD,0.004824422150558545
MSFT,0.36510806509577476,0.31749095660397847,0.3174009783002468,0,SELL,-0.015477005621992168
MSFT,0.3359465145317343,0.30713673187611706,0.3569167535921487,2,BUY,0.013597085691179728
MSFT,0.3323658857266906,0.31658336585164865,0.35105074842166073,0,SELL,-0.005286604464892409
MSFT,0.33103041616577344,0.2932050592139828,0.3757645246202437,0,SELL,-0.027366645572650034
MSFT,0.3656637325883283,0.23990967694726598,0.39442659046440576,0,SELL,-0.01359985926335979
MSFT,0.3755626950759458,0.25685452538264747,0.36758277954140683,0,SELL,-0.016130752130625807
MSFT,0.36859309906576904,0.24054708876249334,0.39085981217173765,0,SELL,-0.013276705058988399
MSFT,0.3627327033777817,0.2642319322978689,0.3730353643243494,1,HOLD,0.00397416003412538
MSFT,0.35412592852989205,0.2857131218540157,0.36016094961609224,2,BUY,0.006288127313256544
MSFT,0.35641679935176646,0.30905291817182134,0.3345302824764122,2,BUY,0.017683784095154906
MSFT,0.352856666672354,0.33032129976542846,0.3168220335622175,2,BUY,0.013319822731352777
MSFT,0.31237818588015537,0.3856304327858678,0.30199138133397696,0,SELL,-0.010768997568688727
MSFT,0.3177863534628514,0.3518215080694995,0.3303921384676491,2,BUY,0.006675328097538651
MSFT,0.31982748200854794,0.3602460289367804,0.31992648905467175,0,SELL,-0.025359686639780894
MSFT,0.343186476962314,0.32886615280295617,0.3279473702347298,2,BUY,0.006488829072488685
MSFT,0.3451570211274413,0.3506279533634015,0.3042150255091572,1,HOLD,0.004813310246453404
MSFT,0.3346876287601013,0.3592112775486395,0.3061010936912592,2,BUY,0.016137000980794174
MSFT,0.3166807171333256,0.3750732099075732,0.3082460729591012,1,HOLD,0.0020344823434482223
MSFT,0.31791589338245385,0.38411930387017573,0.2979648027473704,0,SELL,-0.027737779361902727
MSFT,0.35346793756644185,0.35006237100775134,0.2964696914258068,2,BUY,0.010207703021102152
MSFT,0.32643164677371667,0.3795544756887251,0.29401387753755825,0,SELL,-0.010270341829200724
MSFT,0.31616200134396677,0.36811881412758046,0.31571918452845277,0,SELL,-0.007783156157861534
MSFT,0.316054314328499,0.3737914326036048,0.3101542530678961,1,HOLD,0.003301087054829448
MSFT,0.3186403161918246,0.36539124931849476,0.31596843448968065,1,HOLD,-0.0005669737926510515
MSFT,0.3368888869602307,0.3308599118286879,0.3322512012110813,2,BUY,0.016373726679337935
MSFT,0.3441797173655093,0.34274023026555384,0.3130800523689368,1,HOLD,0.004000407866591435
MSFT,0.357989460619233,0.32589421456173223,0.31611632481903484,1,HOLD,-0.002060048477056384
MSFT,0.3054516542863498,0.40489631228964335,0.2896520334240069,1,HOLD,0.003972124468264389
MSFT,0.301570840520065,0.42662372647484714,0.27180543300508797,1,HOLD,0.0024002425695715777
MSFT,0.3047459837486508,0.43262619203581376,0.2626278242155354,1,HOLD,-0.0006353623154994487
MSFT,0.2897716054419489,0.43805408663324497,0.2721743079248061,1,HOLD,-0.0012515285287563304
MSFT,0.2800812323910397,0.4333184990054556,0.2866002686035046,1,HOLD,0.0007798555139255491
GOOGL,0.37946774342171813,0.2739646033459233,0.34656765323235866,2,BUY,0.012381443002885085
GOOGL,0.3540029584385417,0.3088318183527707,0.3371652232086875,2,BUY,0.026142525431221954
GOOGL,0.33698035349844124,0.32627256549624833,0.3367470810053104,0,SELL,-0.0070343472790841775
GOOGL,0.34232478094466307,0.2831784980823044,0.37449672097303255,0,SELL,-0.007908833898035652
GOOGL,0.35968261738217633,0.28520975553749467,0.355107627080329,0,SELL,-0.009896812008164424
GOOGL,0.3424813004674487,0.2569052986609388,0.40061340087161257,1,HOLD,-0.005377865941245433
GOOGL,0.34139460610360006,0.27217669860704424,0.38642869528935564,0,SELL,-0.007092670135491838
GOOGL,0.34115604203335864,0.2857186745427157,0.3731252834239257,2,BUY,0.030583050893833164
GOOGL,0.3562760789416428,0.32178688711862646,0.3219370339397308,0,SELL,-0.01359227522798531
GOOGL,0.3277288876355492,0.3231542898275931,0.3491168225368576,2,BUY,0.015890795341398936
GOOGL,0.34500443740541575,0.3220055626847314,0.33298999990985284,2,BUY,0.010404900694758846
GOOGL,0.31908603480243297,0.3401950088676264,0.3407189563299406,1,HOLD,0.0016144487941715867
GOOGL,0.3380499701248207,0.3442524467380701,0.3176975831371092,1,HOLD,-0.0019678482939166604
GOOGL,0.3427325764376153,0.3327868590990396,0.32448056446334517,2,BUY,0.0112006661023614
GOOGL,0.2937099057871052,0.37231485449930407,0.3339752397135907,0,SELL,-0.04286151419169361
GOOGL,0.3195287194565546,0.27820986670109893,0.40226141384234654,2,BUY,0.018031532274252568
GOOGL,0.333175953129251,0.3246697055879767,0.3421543412827722,1,HOLD,0.0005631728065690308
GOOGL,0.33961951842804106,0.3100119604291306,0.3503685211428283,2,BUY,0.027558024530768523
GOOGL,0.3335001820472579,0.3425522330358168,0.32394758491692544,2,BUY,0.015560140075567224
GOOGL,0.3209684199218488,0.32925880373655203,0.3497727763415992,0,SELL,-0.01376956991557269
GOOGL,0.3340317147909433,0.2905761382299888,0.37539214697906786,2,BUY,0.02527065449240606
GOOGL,0.3492930053294771,0.30126643459459174,0.3494405600759312,0,SELL,-0.07571960585110483
GOOGL,0.3882421402318337,0.2600155451434312,0.351742314624735,1,HOLD,0.0014103164708543006
GOOGL,0.36253620108897067,0.3212788492629095,0.3161849496481198,0,SELL,-0.03321801834594027
GOOGL,0.35988197663803284,0.28043472710436645,0.3596832962576008,1,HOLD,0.00607848415454143
GOOGL,0.3398870303810554,0.3200679462406979,0.3400450233782468,1,HOLD,-0.006186260124715282
GOOGL,0.3459933931606178,0.30835282970614114,0.34565377713324097,0,SELL,-0.0092702134919307
GOOGL,0.359618489704943,0.2986429253167382,0.3417385849783188,2,BUY,0.01368513112740597
GOOGL,0.3624111011030112,0.3285555205869168,0.309033378310072,1,HOLD,-0.004900756742602065
GOOGL,0.33585070389069643,0.3315381543511682,0.3326111417581354,0,SELL,-0.007913383785166516
GOOGL,0.3538836002584983,0.32080697621626303,0.3253094235252387,1,HOLD,0.008129359805220546
GOOGL,0.355877870755602,0.3314325108009251,0.3126896184434728,1,HOLD,-0.0038397367338652306
GOOGL,0.3677688719269836,0.3061783499403307,0.32605277813268563,0,SELL,-0.02690830238538864
GOOGL,0.3540091302043888,0.2729525955967269,0.37303827419888436,1,HOLD,-0.002284686901166918
GOOGL,0.35123887402008636,0.26253583605737313,0.38622528992254057,0,SELL,-0.021598484786719836
GOOGL,0.36578924235517607,0.239964667364447,0.394246090280377,0,SELL,-0.015453455884694604
GOOGL,0.3793454450953628,0.2439794987203221,0.3766750561843151,0,SELL,-0.02479379193421271
GOOGL,0.368106049353487,0.21774203426972058,0.4141519163767925,2,BUY,0.01050836780931025
GOOGL,0.39001483945939075,0.23524637466780104,0.37473878587280823,0,SELL,-0.019390401130470115
GOOGL,0.3490929688973543,0.2003559546301906,0.45055107647245507,2,BUY,0.023141779025936816
GOOGL,0.36339198751964225,0.184471101566189,0.45213691091416874,2,BUY,0.012211649839617996
GOOGL,0.4015621513719632,0.21540646287704387,0.3830313857509929,1,HOLD,-0.0038798078496360107
GOOGL,0.36369835161786407,0.1858096632770237,0.4504919851051123,1,HOLD,0.00872299901399697
GOOGL,0.3661285403116503,0.2118513925685443,0.42202006711980544,0,SELL,-0.04589507752583195
GOOGL,0.3621880440077559,0.15152121988482067,0.48629073610742346,0,SELL,-0.01109400613684904
GOOGL,0.3802403448382643,0.15026719396137475,0.4694924612003608,2,BUY,0.018542042847655822
GOOGL,0.4103568922675063,0.18314523903165342,0.4064978687008404,0,SELL,-0.02637569440176869
GOOGL,0.37585090983019326,0.19002771496274867,0.434121375207058,2,BUY,0.016634136464753015
GOOGL,0.3845174166696285,0.2329391455100234,0.38254343782034816,0,SELL,-0.007277662406245742
GOOGL,0.3520932714479654,0.24857444083910443,0.3993322877129302,0,SELL,-0.02228053658287584
GOOGL,0.372302939762656,0.21612949574536786,0.41156756449197607,2,BUY,0.01984292490224638
GOOGL,0.37914370769515254,0.24944307932935547,0.37141321297549196,1,HOLD,-0.006672979711959462
GOOGL,0.3612478098114728,0.254083906180807,0.38466828400772013,1,HOLD,0.007283056628403473
GOOGL,0.3512963809913321,0.27664992188789295,0.3720536971207749,2,BUY,0.022251837807111447
GOOGL,0.36183756746562473,0.3003067024039028,0.33785573013047254,2,BUY,0.017029696671483362
GOOGL,0.3427938144466187,0.32405444740897477,0.3331517381444065,0,SELL,-0.03277814640406551
GOOGL,0.3513416571752174,0.29376193036797327,0.3548964124568093,0,SELL,-0.0172322396424834
GOOGL,0.36203630659958624,0.2886552091676492,0.3493084842327646,0,SELL,-0.0499835065982499
GOOGL,0.3555395811689177,0.22676307879887453,0.41769734003220776,1,HOLD,0.002006672067787218
GOOGL,0.4003946823234619,0.2127816288327542,0.38682368884378376,2,BUY,0.0155917120684268
GOOGL,0.3710227637851353,0.2431236920982835,0.38585354411658107,1,HOLD,-0.00019108547330840995
GOOGL,0.3910961545601882,0.24537992995914037,0.3635239154806714,0,SELL,-0.04107671005519033
GOOGL,0.3784504430506818,0.13604709013567706,0.48550246681364106,0,SELL,-0.034560585755267846
GOOGL,0.36792408497846,0.058228642006674367,0.5738472730148656,1,HOLD,0.007867220828459202
GOOGL,0.40906504500984525,0.05616816095791039,0.5347667940322444,0,SELL,-0.014067871940243958
GOOGL,0.41050458866441697,0.05687015454834426,0.5326252567872387,2,BUY,0.09241613769490833
GOOGL,0.5580793161007428,0.14384230207841003,0.2980783818208471,0,SELL,-0.03781795702625332
GOOGL,0.3855870865982354,0.10343586745617353,0.5109770459455911,2,BUY,0.027876348525318107
GOOGL,0.42566326282264133,0.1476782725164483,0.4266584646609104,2,BUY,0.012207189621870559
GOOGL,0.3820968796156169,0.18166435848526066,0.4362387618991226,0,SELL,-0.017503012577628343
GOOGL,0.37650237112069745,0.19967534414995552,0.4238222847293469,0,SELL,-0.019248808931775597
GOOGL,0.37930920462643286,0.16674558432321077,0.45394521105035635,0,SELL,-0.014253612840771252
GOOGL,0.40028582767674004,0.19086098744451482,0.4088531848787451,0,SELL,-0.023358793607897974
GOOGL,0.35569413398863403,0.17645015759636715,0.46785570841499885,2,BUY,0.025407504985629794
GOOGL,0.4048413095260591,0.20898992703468883,0.3861687634392521,2,BUY,0.02529314742464783
GOOGL,0.4072988056569939,0.20628363649775006,0.38641755784525605,2,BUY,0.024982878133605762
GOOGL,0.40887120104829966,0.23631649316948675,0.3548123057822136,2,BUY,0.0166858677099136
GOOGL,0.3733161307990533,0.24428551547396551,0.3823983537269812,0,SELL,-0.008370526577500034
GOOGL,0.3596948292087868,0.2597230908524997,0.38058207993871346,1,HOLD,-0.002805531617957733
GOOGL,0.37453795461284134,0.26078812122535544,0.3646739241618033,0,SELL,-0.008527864764508111
GOOGL,0.3893368188746579,0.2474962989871572,0.3631668821381849,2,BUY,0.015620545412250265
GOOGL,0.3887259235932713,0.26304603350540456,0.3482280429013241,2,BUY,0.016783346774582292
GOOGL,0.37189528295394403,0.28686233731230903,0.34124237973374694,1,HOLD,0.0010966915862563337
GOOGL,0.33768794651490575,0.29455585690939173,0.36775619657570247,1,HOLD,-0.005985908141312987
GOOGL,0.3546404842140794,0.2747958705242854,0.37056364526163527,0,SELL,-0.07536681160671442
GOOGL,0.4254436920431827,0.19734447291172688,0.3772118350450904,2,BUY,0.01897573262646202
GOOGL,0.37844179669907496,0.25740684039626743,0.36415136290465755,0,SELL,-0.00996647535728425
GOOGL,0.3347123231697014,0.2867312865323425,0.3785563902979562,2,BUY,0.03669964560652787
GOOGL,0.35177996840177533,0.3224169435111169,0.32580308808710784,1,HOLD,0.006729680014011472
GOOGL,0.3466650545775614,0.3142028779554792,0.3391320674669594,2,BUY,0.03595332899254198
GOOGL,0.3467305493364546,0.31821874312519977,0.3350507075383456,0,SELL,-0.008562756985853296
GOOGL,0.34490515081732287,0.3330355453628874,0.3220593038197898,2,BUY,0.013509098076997149
GOOGL,0.32375642654681275,0.3434637058553266,0.3327798675978606,1,HOLD,0.0021037775881929304
GOOGL,0.3091348785669946,0.36425840918010755,0.3266067122528977,0,SELL,-0.01549101333408183
GOOGL,0.3192508697078701,0.3255871855724062,0.3551619447197238,2,BUY,0.0275473291337936
GOOGL,0.34101506309920315,0.2782235184341976,0.3807614184665992,2,BUY,0.013611260689456214
GOOGL,0.3443417422569174,0.2764615468120214,0.3791967109310613,0,SELL,-0.014145350641698473
GOOGL,0.32933104665727014,0.3001163468092184,0.3705526065335116,2,BUY,0.025955766103895862
GOOGL,0.3327720297770107,0.34132467705449476,0.3259032931684946,1,HOLD,-0.0031281551615452313
GOOGL,0.3287462724938071,0.32186852160843427,0.3493852058977586,1,HOLD,-0.002905052341421006
GOOGL,0.3368767626009669,0.3383757057276113,0.32474753167142173,1,HOLD,-0.0006984737025479225
GOOGL,0.3389277116962586,0.3133034180465541,0.3477688702571873,0,SELL,-0.01590541311821513
GOOGL,0.30717236599953895,0.3548789577278936,0.3379486762725674,0,SELL,-0.01700484033085125
GOOGL,0.3169171968672366,0.3432624503621841,0.3398203527705793,2,BUY,0.011190122010912512
GOOGL,0.3188551660974336,0.35620058598860366,0.32494424791396287,1,HOLD,0.000951596646225093
GOOGL,0.32106410691976883,0.3414935633630371,0.33744232971719407,2,BUY,0.03200130976948563
GOOGL,0.3028693857880129,0.3727010535185937,0.3244295606933934,2,BUY,0.014990542003404576
GOOGL,0.2903211875753352,0.3885717726504903,0.32110703977417443,2,BUY,0.01415357815355993
GOOGL,0.31858582874795965,0.3514055372817702,0.33000863397027,1,HOLD,-0.007023593781144085
GOOGL,0.307167295719287,0.3736225252033776,0.3192101790773355,0,SELL,-0.009347168848958228
GOOGL,0.3172688518328102,0.3671931801272636,0.3155379680399262,1,HOLD,-0.005879492660626748
GOOGL,0.297768302364152,0.3379570638703234,0.3642746337655246,2,BUY,0.011950966628925946
GOOGL,0.295720714941158,0.369697565309231,0.33458171974961093,1,HOLD,-0.004649618552624543
GOOGL,0.31374111490631534,0.3233640392237298,0.3628948458699549,0,SELL,-0.015060175976234007
GOOGL,0.3132360176976483,0.33749787632549993,0.34926610597685187,0,SELL,-0.039303899105847924
GOOGL,0.32502506466060843,0.2965117113195248,0.3784632240198668,0,SELL,-0.008739518892053653
GOOGL,0.34142253254722205,0.3015838274067545,0.3569936400460234,1,HOLD,0.009519475425762864
GOOGL,0.31775683404058375,0.3374693837902733,0.344773782169143,2,BUY,0.023174708339145235
GOOGL,0.30807068112886926,0.35797116412089963,0.33395815475023105,2,BUY,0.016617714162494728
GOOGL,0.33722330499883935,0.3604710472799937,0.302305647721167,2,BUY,0.02834852085408585
GOOGL,0.3456914336422599,0.3285542681971064,0.3257542981606336,0,SELL,-0.012966711951590085
GOOGL,0.3156876709107325,0.36549116912863017,0.31882115996063726,1,HOLD,-0.0022155080138449297
GOOGL,0.31424202106510063,0.37101975096948014,0.3147382279654193,2,BUY,0.015798194851629588
GOOGL,0.31673024053358156,0.3944808098795324,0.288788949586886,1,HOLD,0.004969729152882846
GOOGL,0.32514432747201993,0.3946173119684956,0.28023836055948453,0,SELL,-0.015379842116905334
GOOGL,0.29875718835146947,0.3853524603970374,0.3158903512514932,0,SELL,-0.01384043352057181
GOOGL,0.3084674442485098,0.37480225429763764,0.3167303014538525,2,BUY,0.012878470033628065
GOOGL,0.3343396813836923,0.36076839854115295,0.3048919200751547,1,HOLD,0.005645852413720951
GOOGL,0.3192435545686341,0.39140418175184666,0.28935226367951916,2,BUY,0.014365437134455117
GOOGL,0.30087084352373233,0.39889858535952727,0.3002305711167405,1,HOLD,0.007574294926136184
GOOGL,0.3116101599917391,0.3852719002860643,0.3031179397221966,1,HOLD,0.0024205106733341058
GOOGL,0.30601410993439015,0.3820260117295725,0.3119598783360373,1,HOLD,0.005315522391118385
GOOGL,0.32950732077938755,0.3756242927684808,0.29486838645213165,1,HOLD,0.0033283307441349134
GOOGL,0.33037739749034656,0.3865260092926702,0.28309659321698327,1,HOLD,0.008029545911163794
GOOGL,0.3105334990697906,0.38749984908232404,0.3019666518478853,2,BUY,0.026870187859220258
GOOGL,0.29938973026752225,0.4082200279040902,0.29239024182838763,1,HOLD,0.006501711031333402
GOOGL,0.3415739293293753,0.3715621183970164,0.28686395227360834,1,HOLD,-0.005818055458854922
GOOGL,0.33902785323440465,0.38181144934196803,0.27916069742362737,1,HOLD,0.010146379316267676
GOOGL,0.3328044034356598,0.3769593008624106,0.29023629570192966,1,HOLD,0.005242040606877839
GOOGL,0.30198524185805575,0.4112844647130565,0.28673029342888773,1,HOLD,-0.0031106527588062828
GOOGL,0.2889412727130848,0.41527938038162754,0.29577934690528773,2,BUY,0.016326692024330566
GOOGL,0.2950947249763782,0.4178626540125162,0.2870426210111055,1,HOLD,0.003976747656240419
GOOGL,0.30689088315464996,0.40317364433159425,0.28993547251375584,0,SELL,-0.023840748011239886
GOOGL,0.31568852563030453,0.38787101468434565,0.2964404596853499,0,SELL,-0.01453967795903078
GOOGL,0.3106350155925941,0.350481025981501,0.33888395842590496,2,BUY,0.0307699238358103
GOOGL,0.29960254995724345,0.4002765103599512,0.30012093968280534,1,HOLD,-0.0018988654897956522
GOOGL,0.30266513447817023,0.36790111686073457,0.32943374866109515,1,HOLD,0.007268012727722375
GOOGL,0.31506932273175525,0.4023009700275184,0.2826297072407262,1,HOLD,0.002190461919317486
GOOGL,0.3214392507615908,0.3875110144665748,0.2910497347718344,2,BUY,0.024627983848848713
GOOGL,0.2911218029194641,0.41842345672119363,0.2904547403593422,1,HOLD,-0.0020872799154746115
GOOGL,0.299726907812204,0.4068377643809505,0.2934353278068455,2,BUY,0.011574521194117225
GOOGL,0.2990984910777729,0.42177110155750996,0.279130407364717,1,HOLD,-0.0068097760093447125
GOOGL,0.3342963719985193,0.3991380371477905,0.2665655908536903,1,HOLD,0.0048406479722047265
GOOGL,0.30307540815270867,0.41967130633634125,0.27725328551095013,1,HOLD,0.004719304346207403
GOOGL,0.3109188250159056,0.39353629826997244,0.29554487671412194,1,HOLD,-0.0019636395635978148
GOOGL,0.2802707696153136,0.4271930848774899,0.29253614550719653,0,SELL,-0.009529212916283072
GOOGL,0.29126615899365194,0.4110060747191665,0.2977277662871815,0,SELL,-0.011225190433829855
GOOGL,0.3233473751543087,0.3866493265945492,0.290003298251142,1,HOLD,0.00215500352401024
GOOGL,0.31664836924393863,0.3841574268797573,0.29919420387630413,2,BUY,0.03124632550306463
GOOGL,0.3163479848481512,0.39710252891285486,0.28654948623899384,2,BUY,0.011578211269541552
GOOGL,0.28933597454066523,0.41590328445370783,0.29476074100562705,1,HOLD,-0.006496213237187709
GOOGL,0.3047429325429143,0.41562010359833745,0.2796369638587483,1,HOLD,0.0016400470136292808
GOOGL,0.3043004385446346,0.42137001444535155,0.2743295470100137,2,BUY,0.019851725087847685
GOOGL,0.31178048834919264,0.4196218140550577,0.26859769759574953,1,HOLD,0.005982857203497297
GOOGL,0.30179464467102385,0.40372800922134866,0.2944773461076274,0,SELL,-0.007353925580598361
GOOGL,0.3260156434821381,0.3738607162911628,0.300123640226699,2,BUY,0.0874291658897639
GOOGL,0.3865205291227037,0.32279232045147976,0.29068715042581655,1,HOLD,0.007084854251751155
GOOGL,0.3710293877448302,0.3706069173647878,0.25836369489038197,2,BUY,0.011555859127978367
GOOGL,0.323376374501974,0.40151306847804197,0.275110557019984,1,HOLD,-0.00319950130122843
GOOGL,0.3128046945701482,0.41012236429135934,0.27707294113849257,2,BUY,0.023604076501328175
GOOGL,0.3259629767590723,0.4109828117767843,0.2630542114641433,1,HOLD,-0.0019214925870367874
GOOGL,0.3486295122547573,0.3884681498929167,0.262902337852326,1,HOLD,0.005004838148942116
GOOGL,0.35766162893815123,0.3910688263894232,0.2512695446724257,1,HOLD,0.0017872947959423383
GOOGL,0.3287938238716418,0.4073093554321907,0.2638968206961675,2,BUY,0.04391355436609088
GOOGL,0.3343760975082876,0.4024471103210772,0.2631767921706351,1,HOLD,-0.0017900718635644308
GOOGL,0.3456132710145991,0.3875317950228423,0.26685493396255866,1,HOLD,-0.0065110527491523415
GOOGL,0.3614619229384482,0.37629595312862485,0.26224212393292706,1,HOLD,0.009968996496071043
GOOGL,0.3623017939076748,0.3809274320717122,0.25677077402061294,1,HOLD,0.010616794339763886
GOOGL,0.3528147322940086,0.38028586043374163,0.2668994072722498,0,SELL,-0.008634841304353685
GOOGL,0.341621938739241,0.39607010495302103,0.26230795630773796,1,HOLD,-0.003451085224088669
GOOGL,0.3357406271295799,0.3858990357007474,0.2783603371696727,0,SELL,-0.018124001592313768
GOOGL,0.3430418493274015,0.38358989038722546,0.27336826028537303,1,HOLD,-0.005477553596576169
GOOGL,0.37174044569880477,0.35405389468726733,0.2742056596139279,1,HOLD,0.0030467818366367748
GOOGL,0.3299047478085585,0.38858789038393954,0.2815073618075021,0,SELL,-0.010151114241028419
GOOGL,0.3313986455831863,0.37865342418843045,0.2899479302283832,1,HOLD,-0.0039001948597837633
GOOGL,0.35940614951692224,0.3572023036853661,0.2833915467977117,1,HOLD,0.0073770348997329194
GOOGL,0.3435717187170791,0.36757727388048705,0.2888510074024338,1,HOLD,0.003220664452227763
GOOGL,0.34512462905634733,0.36183080635354076,0.29304456459011197,1,HOLD,-0.0013848776990732948
GOOGL,0.3268520626727919,0.3633605191416523,0.3097874181855558,2,BUY,0.02049366523968144
GOOGL,0.3038082727220999,0.3944528178112895,0.3017389094666105,0,SELL,-0.018823996841812764
GOOGL,0.3076518094296883,0.3780828340536169,0.31426535651669485,1,HOLD,-0.004649421506269645
GOOGL,0.3298657588581329,0.37250405009942383,0.2976301910424432,0,SELL,-0.012712328321986498
GOOGL,0.3315259332147825,0.3612822085667897,0.3071918582184278,0,SELL,-0.020749506032276356
GOOGL,0.31958104286396144,0.31119202202985347,0.36922693510618504,2,BUY,0.03153864706364657
GOOGL,0.31543157696321117,0.3579780315233479,0.326590391513441,1,HOLD,0.0053104564957054436
GOOGL,0.32681131066491875,0.3409344067781707,0.3322542825569106,2,BUY,0.022479208204932297
GOOGL,0.3491998533146283,0.3343778195683221,0.3164223271170497,1,HOLD,0.0017114621515446425
GOOGL,0.3701951133019683,0.2784280668826664,0.3513768198153654,1,HOLD,0.007290647331614842
GOOGL,0.3357878793455393,0.3197600366625669,0.34445208399189386,2,BUY,0.012748958212771527
GOOGL,0.3066758887244477,0.38122897302746517,0.31209513824808705,0,SELL,-0.024024304144002227
GOOGL,0.35129569528221377,0.33184830708946733,0.31685599762831884,1,HOLD,0.00489894924126363
GOOGL,0.34370189426993175,0.33884717498965145,0.31745093074041675,1,HOLD,0.005507445314819132
GOOGL,0.3319395393358965,0.36484902837462735,0.3032114322894762,2,BUY,0.02666841867215917
GOOGL,0.3186750100935692,0.3859869049712764,0.29533808493515445,2,BUY,0.035340453975675326
GOOGL,0.31648147966600143,0.40280736815579204,0.28071115217820647,1,HOLD,-0.006707026124808853
GOOGL,0.3193577855130008,0.3945359047929082,0.28610630969409107,2,BUY,0.026198806931207897
GOOGL,0.3402247498229997,0.37456818861945196,0.28520706155754827,2,BUY,0.024855191878668994
GOOGL,0.34267019013384603,0.3370157742919966,0.32031403557415733,1,HOLD,-0.0010308182969828634
GOOGL,0.3390278947573721,0.3577239671344723,0.3032481381081555,1,HOLD,0.008957177267776225
GOOGL,0.3164916913782673,0.37073449250877727,0.3127738161129555,0,SELL,-0.02202271389521682
GOOGL,0.3196773821015749,0.3429526700840285,0.33736994781439655,2,BUY,0.02410008141017029
GOOGL,0.3444207598041425,0.3500021062854793,0.3055771339103783,1,HOLD,0.0015464788957030033
GOOGL,0.35679934376720746,0.31845252993810974,0.32474812629468286,0,SELL,-0.02100950078009874
GOOGL,0.3455445401131425,0.3378263415086766,0.316629118378181,2,BUY,0.03962348673758026
GOOGL,0.33080521102122207,0.37850288811040017,0.2906919008683777,1,HOLD,0.004162249952029513
GOOGL,0.31661171769002594,0.39126937776915566,0.2921189045408183,0,SELL,-0.015916709083467206
GOOGL,0.34339351123248607,0.36722791051988735,0.28937857824762664,0,SELL,-0.028801807494152357
GOOGL,0.34277169047021633,0.33432438230376266,0.32290392722602096,0,SELL,-0.007784119323152159
GOOGL,0.337518049489351,0.329739510014887,0.332742440495762,2,BUY,0.030674005342199617
GOOGL,0.34432926948711784,0.2773051888304728,0.37836554168240943,1,HOLD,-0.0025996400053332185
GOOGL,0.3765997135547322,0.25635193514881993,0.36704835129644797,2,BUY,0.029564284535910354
GOOGL,0.37755385891332216,0.2435898239770107,0.3788563171096672,0,SELL,-0.01154135250050041
GOOGL,0.37467391221026275,0.23970072936365291,0.3856253584260844,2,BUY,0.03466588822497278
GOOGL,0.3742910830355959,0.257332152951053,0.3683767640133511,2,BUY,0.06122508002964998
GOOGL,0.36072098878618986,0.3016698887216686,0.33760912249214153,2,BUY,0.015140059835671509
GOOGL,0.36965837706848786,0.30463433530065037,0.3257072876308619,0,SELL,-0.010848780209191495
GOOGL,0.35875861057754604,0.3323865440146089,0.3088548454078451,1,HOLD,0.0007184689254755741
GOOGL,0.3317206747107332,0.370418866693916,0.29786045859535076,0,SELL,-0.016659913511706734
GOOGL,0.3208860670806079,0.3561470698700949,0.3229668630492971,1,HOLD,0.002917331465989703
GOOGL,0.33140462227842055,0.35278471502886255,0.31581066269271696,2,BUY,0.012023411915253851
GOOGL,0.34763932567051165,0.35476000779864475,0.29760066653084366,1,HOLD,-0.006308441850154081
GOOGL,0.3395486863662376,0.36774074283669694,0.2927105707970654,1,HOLD,0.011426102454092469
GOOGL,0.31643226135089036,0.3839257880174094,0.29964195063170024,0,SELL,-0.02312696870434922
GOOGL,0.3172552470274062,0.3747824511979324,0.30796230177466133,1,HOLD,0.010653139934015557
GOOGL,0.3205008899908347,0.37266044020199296,0.3068386698071724,1,HOLD,0.009822952520779624
GOOGL,0.3374588361548524,0.3710169342528313,0.2915242295923164,0,SELL,-0.024596615763819704
GOOGL,0.33949477708962994,0.363481106507788,0.29702411640258203,0,SELL,-0.010100983850478407
GOOGL,0.31890918070804336,0.3591997530843858,0.32189106620757085,1,HOLD,-0.003465623769497765
GOOGL,0.32022227210946724,0.3591464950514575,0.32063123283907524,1,HOLD,-0.005367682990212155
GOOGL,0.323279814158383,0.3361163307459902,0.3406038550956267,0,SELL,-0.032657207132669064
GOOGL,0.3330264947069551,0.32815753939674314,0.33881596589630164,2,BUY,0.019160103930283324
GOOGL,0.3538441805642176,0.3294128608622117,0.31674295857357077,2,BUY,0.015419821107802087
GOOGL,0.33218532724222505,0.35869017954752064,0.3091244932102542,1,HOLD,0.008493507714034763
GOOGL,0.3236214006724928,0.38209280816171914,0.2942857911657881,2,BUY,0.014644703786338064
GOOGL,0.2965295647722546,0.4169587765320976,0.2865116586956477,1,HOLD,-0.0008274762215582041
GOOGL,0.3101346532986766,0.41483384876449525,0.27503149793682813,1,HOLD,-0.0018483046983492999
GOOGL,0.28869541131629145,0.4281242998898616,0.283180288793847,1,HOLD,0.00015944772873111013
GOOGL,0.28291727012264883,0.4256481112150025,0.29143461866234877,1,HOLD,0.0009245293403182192
META,0.35084617813062735,0.27494915599315095,0.37420466587622164,1,HOLD,0.008954427941437316
META,0.34519219463679396,0.29969804898919356,0.35510975637401254,2,BUY,0.041420655625160584
META,0.33355035400792954,0.3250917898495286,0.34135785614254194,0,SELL,-0.019726774002868996
META,0.34059950404538136,0.29263535583962574,0.3667651401149929,0,SELL,-0.011671975217352724
META,0.3629749344904626,0.2857032591583827,0.3513218063511547,1,HOLD,0.008381053892487375
META,0.35962335788148164,0.2345136099733796,0.4058630321451387,0,SELL,-0.012302016433802363
META,0.3562794310459352,0.2684762223843201,0.37524434656974476,0,SELL,-0.023417404939639147
META,0.3604150774063618,0.2744573469392097,0.36512757565442855,2,BUY,0.03776321690719306
META,0.37368844425299136,0.3035810878146642,0.3227304679323445,0,SELL,-0.00947547556954333
META,0.35201715606542044,0.3084538950788956,0.33952894885568397,1,HOLD,0.0024018010026049643
META,0.361961321068414,0.31463794313229865,0.32340073579928735,1,HOLD,0.006003839518334912
META,0.34893138659105405,0.33610942347236417,0.3149591899365818,2,BUY,0.0113550872343482
META,0.36132849714429094,0.32951426496533387,0.3091572378903751,2,BUY,0.020557298188346968
META,0.36741363005570693,0.35240429003906554,0.2801820799052275,2,BUY,0.01719734274905718
META,0.3436951656365711,0.3403141509080828,0.3159906834553462,2,BUY,0.018954787428209777
META,0.37057118658053556,0.2848180342656022,0.34461077915386223,2,BUY,0.02166153923394539
META,0.3818752941028014,0.3013368505491005,0.31678785534809817,1,HOLD,0.003198058632882217
META,0.39644835103325204,0.2900509905768765,0.31350065838987146,2,BUY,0.01541665222996773
META,0.4044017302319821,0.2850348097137591,0.31056346005425883,1,HOLD,0.0031680693778245567
META,0.361490003089154,0.3053901106569818,0.3331198862538642,2,BUY,0.011942821084542438
META,0.3715208834389813,0.28476898490968355,0.3437101316513352,2,BUY,0.009602981836019719
META,0.3899395427509477,0.29514254328956735,0.31491791395948493,1,HOLD,0.0009653044372141929
META,0.37413899026476233,0.30705654837224045,0.31880446136299717,2,BUY,0.010050312380222729
META,0.3656551643596762,0.33666417280776456,0.2976806628325592,1,HOLD,0.0035472191570801994
META,0.34927797114197534,0.3166396960194316,0.33408233283859307,1,HOLD,0.004022545927487678
META,0.34861705476124616,0.33841601930932813,0.31296692592942565,1,HOLD,0.003339876187743801
META,0.3463463997556186,0.3408503108256297,0.31280328941875174,1,HOLD,0.007722227496536762
META,0.35117306662278064,0.34268013972589634,0.306146793651323,1,HOLD,0.004374250794593061
META,0.3563332963639304,0.3609724837910906,0.282694219844979,2,BUY,0.011070027289015703
META,0.32591823704475253,0.3658506594246844,0.30823110353056304,0,SELL,-0.02794314655260826
META,0.36338264142074755,0.3337848314493152,0.3028325271299372,0,SELL,-0.017745156986219222
META,0.3787455520429231,0.31579967530982567,0.3054547726472513,0,SELL,-0.012769955372162162
META,0.3571835701565796,0.3169335628371353,0.3258828670062851,0,SELL,-0.016381870261526075
META,0.34896895166268016,0.2800602894131956,0.37097075892412423,0,SELL,-0.022816978317631548
META,0.36195481495315684,0.26827219446733963,0.36977299057950347,0,SELL,-0.016038192313177067
META,0.3891801550358542,0.23520578882025134,0.3756140561438945,2,BUY,0.02434031670493257
META,0.37574643081713066,0.25541233951925574,0.36884122966361366,0,SELL,-0.02321535403808095
META,0.36732333717261706,0.23261204749168526,0.4000646153356976,2,BUY,0.015017966955253922
META,0.4053971786660823,0.24160161310195669,0.35300120823196085,0,SELL,-0.01987599545576907
META,0.36529287007546274,0.2150861145998517,0.4196210153246857,0,SELL,-0.02324340863916849
META,0.40135414400442404,0.1748461961562172,0.42379965983935886,2,BUY,0.02540871375266779
META,0.4140080561081683,0.2166287425513278,0.3693632013405039,0,SELL,-0.04444813474135678
META,0.40385335330957184,0.1788766712189082,0.41726997547151984,1,HOLD,-0.0036216950373785498
META,0.429602208988453,0.16946246757692257,0.40093532343462435,0,SELL,-0.04523299809058783
META,0.3964996600122448,0.13932836782094649,0.46417197216680883,2,BUY,0.012827390513183696
META,0.40113904517216187,0.1525297857297752,0.44633116909806303,2,BUY,0.02260806456898593
META,0.43364527050016743,0.17919594556002943,0.3871587839398031,0,SELL,-0.047802773688192794
META,0.40443370514060994,0.18005143057093634,0.41551486428845374,2,BUY,0.029199307707685643
META,0.4163510599094068,0.22527757466220985,0.3583713654283835,1,HOLD,-0.004453492037254477
META,0.3831566090418475,0.23804910111657115,0.3787942898415814,0,SELL,-0.037974460232942736
META,0.38278691986423724,0.21849161829625138,0.39872146183951124,1,HOLD,0.0029148855960826675
META,0.41320210386931183,0.22378783852527115,0.36301005760541705,1,HOLD,0.003316165661026707
META,0.3906775526933057,0.21903568595385092,0.3902867613528434,2,BUY,0.017340178459721054
META,0.3809503037570701,0.24972757763043282,0.36932211861249714,2,BUY,0.03720279425873392
META,0.3754311021441303,0.29422377943005007,0.33034511842581965,2,BUY,0.011982587608696686
META,0.367398601771914,0.2916156202547297,0.3409857779733563,0,SELL,-0.02478127389940603
META,0.367029243856027,0.28772812042883433,0.3452426357151387,0,SELL,-0.013843731215389024
META,0.376911738172053,0.2738943413404893,0.3491939204874578,0,SELL,-0.04382889187220998
META,0.36486629013802147,0.23932851327088311,0.3958051965910954,1,HOLD,-0.0006590337504295757
META,0.4052559025789184,0.22139215550220998,0.37335194191887167,2,BUY,0.01658737041028322
META,0.3825741065359462,0.24304509742773364,0.3743807960363202,1,HOLD,-0.003538634442665437
META,0.40079177739993316,0.2397242628525351,0.3594839597475317,0,SELL,-0.09385231665108017
META,0.39340122608491673,0.1279414762289494,0.47865729768613385,0,SELL,-0.051905308210891524
META,0.39878572145259844,0.05155208386428095,0.5496621946831206,2,BUY,0.02256749110547068
META,0.4372695634971111,0.055874588808787984,0.506855847694101,0,SELL,-0.011298435997696508
META,0.44216977975813604,0.054791227862149426,0.5030389923797145,2,BUY,0.13763469845968307
META,0.5978635488871574,0.1308520960518923,0.27128435506095033,0,SELL,-0.06977739654216536
META,0.4174110306788137,0.09908719657243162,0.48350177274875467,1,HOLD,-0.004991490489195673
META,0.4642536436619849,0.13423765692161746,0.40150869941639766,0,SELL,-0.022492866868818982
META,0.4054648763435656,0.18002801448560518,0.41450710917082917,0,SELL,-0.018917927520865213
META,0.40634296129913,0.18196294658762974,0.4116940921132403,0,SELL,-0.037530189022901235
META,0.4122649555177556,0.15400797052952417,0.43372707395272025,1,HOLD,-0.0016537415675891036
META,0.4240616804291438,0.18096376751838408,0.3949745520524721,0,SELL,-0.03411619797338538
META,0.3820354061621361,0.16149959328211347,0.4564650005557504,2,BUY,0.031720371089236726
META,0.4426362288491269,0.1829557987916242,0.3744079723592489,2,BUY,0.039180076593834066
META,0.43642344934930954,0.19476630919201907,0.3688102414586714,2,BUY,0.024454944630188158
META,0.43118112339175185,0.23072030713795796,0.3380985694702901,2,BUY,0.026139290019091394
META,0.4074703594014795,0.23154128088890824,0.3609883597096122,1,HOLD,0.004503088171010683
META,0.38697113922432586,0.24390937092108517,0.369119489854589,1,HOLD,0.008513233285203158
META,0.38052194522877364,0.26564974067535674,0.35382831409586973,0,SELL,-0.009860069057670279
META,0.41317466739224346,0.2308352975466443,0.35599003506111226,2,BUY,0.04140761675997952
META,0.40436737434455583,0.2498072038524375,0.3458254218030067,2,BUY,0.04244446856841013
META,0.3900513053124334,0.27207463131665627,0.33787406337091036,1,HOLD,0.0037618027909221614
META,0.35428985095291743,0.28898677628917563,0.3567233727579069,0,SELL,-0.020159641765127398
META,0.3567979408529027,0.2828530615452689,0.3603489976018283,2,BUY,0.01604612644392618
META,0.3898959680386102,0.2783673610390472,0.33173667092234266,1,HOLD,0.0020087067765996738
META,0.36641785476989575,0.30072692174932775,0.33285522348077656,0,SELL,-0.009273644734256055
META,0.3304873828485532,0.32402119061418855,0.3454914265372582,2,BUY,0.0762432486761551
META,0.36648886595907054,0.33852398122438426,0.29498715281654514,2,BUY,0.02562940728504828
META,0.3399969121661823,0.3488538454244492,0.3111492424093685,1,HOLD,0.005063144054131659
META,0.35544468773283366,0.3432312886661878,0.30132402360097865,0,SELL,-0.023757337314568416
META,0.35027498770535836,0.3463092157768537,0.30341579651778794,1,HOLD,-0.005512994420367856
META,0.3535580586668442,0.3403336159172565,0.30610832541589933,1,HOLD,0.00014044732352143076
META,0.31877982322547455,0.3736982886416036,0.30752188813292175,1,HOLD,-0.005213288899798884
META,0.32885259151971646,0.35542722005744154,0.315720188422842,1,HOLD,-0.0025144547169631075
META,0.34775062843258087,0.3133848792141432,0.33886449235327604,1,HOLD,0.001682263323379692
META,0.3534513525104168,0.31970978201152395,0.32683886547805924,0,SELL,-0.015052036389198303
META,0.33818459725188854,0.3139655131007655,0.3478498896473459,2,BUY,0.024044364759199403
META,0.3462966078387331,0.3514138027624283,0.3022895893988386,1,HOLD,0.001959656885959476
META,0.3353247737911348,0.33178643244320943,0.3328887937656558,1,HOLD,0.002281628905818013
META,0.3431337275556886,0.3444767094374369,0.3123895630068745,1,HOLD,0.003775361683567623
META,0.3438718736815415,0.32677993331463373,0.32934819300382473,2,BUY,0.03551678415683351
META,0.315788614268817,0.36783545876731016,0.3163759269638729,1,HOLD,-0.006054976841397683
META,0.31609288175276473,0.3707054631529494,0.3132016550942859,2,BUY,0.031151005764670493
META,0.3292218655539441,0.3713708089090113,0.2994073255370446,1,HOLD,-0.004852307064267609
META,0.33297618997044687,0.3596143267020849,0.30740948332746826,2,BUY,0.018939732415095174
META,0.32914804128097724,0.3752409042544853,0.29561105446453756,1,HOLD,-0.005245165497663262
META,0.3070378952110079,0.3847001387098488,0.3082619660791432,2,BUY,0.011944665718701019
META,0.3313380967230435,0.37997108442898414,0.28869081884797226,0,SELL,-0.011829377113131825
META,0.3150156817127773,0.3831365566465094,0.3018477616407132,1,HOLD,-0.0011243442877849807
META,0.3388141137257826,0.3723294974290518,0.2888563888451656,0,SELL,-0.015244872324924635
META,0.3167160286466755,0.34996483374560927,0.3333191376077154,2,BUY,0.028568981659577636
META,0.32252942670316664,0.3496436054423145,0.327826967854519,0,SELL,-0.006988983922701336
META,0.31315968848940445,0.3457014117840548,0.34113889972654077,1,HOLD,-0.002096231781131909
META,0.3178103510644557,0.3439655652100531,0.33822408372549123,0,SELL,-0.019476413928956524
META,0.32279503977515506,0.32117753024300244,0.35602742998184256,2,BUY,0.023435579964904366
META,0.31244253889678586,0.36279536362270487,0.32476209748050927,2,BUY,0.019380510890088343
META,0.30942051816763916,0.3764697279900312,0.31410975384232964,1,HOLD,-0.004954638208344035
META,0.3051308922053388,0.38416084264278383,0.3107082651518774,2,BUY,0.024269963344816348
META,0.32131724846747706,0.3867297546377162,0.2919529968948068,2,BUY,0.010330679220623147
META,0.30499808135449535,0.3896769732103158,0.3053249454351888,1,HOLD,0.006061001510931045
META,0.29844628468945406,0.39144532453407793,0.31010839077646807,0,SELL,-0.025898587131571196
META,0.291546261443627,0.39492702494055243,0.3135267136158206,0,SELL,-0.007886605719824857
META,0.3050692272900905,0.38784954158005175,0.30708123112985775,1,HOLD,0.0075947143882733525
META,0.3076032450735548,0.3970838601593493,0.2953128947670959,1,HOLD,-0.000918426648040841
META,0.28360187238978024,0.3753846765852581,0.3410134510249616,1,HOLD,0.003224434808746433
META,0.2942905883157186,0.3826056457039353,0.3231037659803461,2,BUY,0.01666423914670077
META,0.30552870016459793,0.395830302497516,0.298640997337886,0,SELL,-0.007588999319133246
META,0.3154362348791476,0.3879279006266995,0.29663586449415275,0,SELL,-0.013469678532030889
META,0.3042992542161923,0.3872339638937572,0.30846678189005056,1,HOLD,0.004741328630144791
META,0.2902158587427068,0.3910054064339671,0.3187787348233262,0,SELL,-0.014714033272801307
META,0.29277743137186535,0.3816161199098898,0.32560644871824485,0,SELL,-0.01058541211384996
META,0.31950622872375606,0.3641691161290475,0.31632465514719643,1,HOLD,-0.002136229802750815
META,0.32296651833352746,0.3618524171650938,0.3151810645013787,1,HOLD,0.004083504801290641
META,0.3195124991529124,0.35480798300280575,0.32567951784428184,2,BUY,0.01226322162219449
META,0.29096441609755086,0.3856856584720278,0.32334992543042135,0,SELL,-0.011510978196432242
META,0.29435104193117645,0.38763105807986564,0.31801789998895796,2,BUY,0.012366375060120685
META,0.3025396661010028,0.40126811160940656,0.2961922222895907,1,HOLD,0.0017080882110007422
META,0.2997802771950253,0.38318384829054963,0.3170358745144251,1,HOLD,-0.0029702975586290144
META,0.27321507985794724,0.41350148568885536,0.31328343445319734,1,HOLD,0.0069217085822135555
META,0.2639389692955963,0.40676935567520917,0.32929167502919454,0,SELL,-0.024873855059400308
META,0.27622081141055466,0.38824750713562084,0.3355316814538245,0,SELL,-0.006866334716463936
META,0.3113338628962912,0.3401178125664718,0.34854832453723694,2,BUY,0.10663412065578584
META,0.35811176498487624,0.2940601694075412,0.34782806560758267,0,SELL,-0.030761501884359232
META,0.31767195963429556,0.3257180951292154,0.35660994523648903,2,BUY,0.034542643203814595
META,0.3074686213119987,0.3786248058262887,0.3139065728617125,0,SELL,-0.016768489357842514
META,0.2961480851998877,0.3726957526272014,0.33115616217291094,2,BUY,0.011110857963335654
META,0.3300614572702258,0.3718381875147474,0.29810035521502676,0,SELL,-0.013248209641147748
META,0.3093472798651931,0.3889680922407428,0.30168462789406414,1,HOLD,0.00975767890243777
META,0.2955890491739249,0.4122378112738125,0.29217313955226265,1,HOLD,-0.004468611677373562
META,0.28612442458591664,0.4087245019939558,0.30515107342012754,2,BUY,0.031020454756871742
META,0.3035442862524938,0.40597821578594007,0.29047749796156613,0,SELL,-0.012636352039227538
META,0.30767985480879556,0.41119663188604927,0.28112351330515506,1,HOLD,0.002624370717165159
META,0.31481812810231324,0.3999433965469895,0.28523847535069713,1,HOLD,0.003955670572731902
META,0.3001454716720485,0.3853082792020296,0.314546249125922,0,SELL,-0.02300753589078164
META,0.3037843715656649,0.38605262312039407,0.3101630053139409,0,SELL,-0.02092450742437719
META,0.2979291677988432,0.39335667455884193,0.30871415764231497,1,HOLD,-0.005015978260345566
META,0.3399400922194982,0.3497723196401288,0.31028758814037294,0,SELL,-0.011595414810111714
META,0.32862399061053754,0.3626828768720081,0.3086931325174542,2,BUY,0.021006364683876993
META,0.3124601863847507,0.39414533966255355,0.29339447395269586,1,HOLD,-0.001976013205392039
META,0.2905573251786069,0.3980705257155225,0.31137214910587063,1,HOLD,0.001061471829366317
META,0.3061378898619921,0.4047468488102102,0.28911526132779763,0,SELL,-0.008951185991350507
META,0.3295957999644246,0.3880944404417594,0.2823097595938159,1,HOLD,0.004978344131056833
META,0.30998934370879744,0.40592597756035814,0.2840846787308444,0,SELL,-0.016660306466746048
META,0.29924506243065024,0.3947210104511811,0.3060339271181686,1,HOLD,-0.004871757941108436
META,0.3043946841273141,0.3783204278765339,0.317284887996152,1,HOLD,0.0026356273559348773
META,0.3236831677271583,0.37184451569025273,0.3044723165825889,2,BUY,0.015615926119870994
META,0.3212415651666478,0.3672946679351617,0.3114637668981905,1,HOLD,0.0050630192437886605
META,0.30216923461516104,0.38204892830412773,0.3157818370807111,1,HOLD,-0.00019946283334822836
META,0.28051275186025176,0.39546268316176547,0.32402456497798265,2,BUY,0.017655331276507234
META,0.29500551305960626,0.4171519695272665,0.2878425174131273,0,SELL,-0.018080816869063165
META,0.29910272592896814,0.41363131725862945,0.2872659568124023,1,HOLD,-0.0014372195207862572
META,0.29921715974597624,0.42065017302634083,0.280132667227683,1,HOLD,0.006226501366617357
META,0.2849698625428952,0.4220411671884493,0.2929889702686555,2,BUY,0.011984656006225594
META,0.29488431264350917,0.40567546841852353,0.29944021893796724,2,BUY,0.01852742532165782
META,0.2964216441594331,0.40581497114044324,0.29776338470012353,1,HOLD,-0.004219446425258564
META,0.32051047519666254,0.3887663776172716,0.2907231471860659,1,HOLD,0.005822702088717751
META,0.32327996962962385,0.38618807138928074,0.29053195898109535,1,HOLD,-0.00239952134147568
META,0.32527099216781774,0.36316735978595305,0.3115616480462291,0,SELL,-0.01645512203047072
META,0.282433412441792,0.4134854627843017,0.30408112477390625,0,SELL,-0.01283756422927289
META,0.2918559345692582,0.3878808190959814,0.32026324633476044,1,HOLD,0.006939071351207104
META,0.306232852467265,0.3793158526671001,0.3144512948656349,0,SELL,-0.015567696517135235
META,0.3132886047754844,0.36473404053274405,0.32197735469177163,1,HOLD,-0.006913836103827308
META,0.2963113038098075,0.3849459996336776,0.3187426965565149,1,HOLD,-0.0004707133548289242
META,0.29014768896006005,0.3912777163621138,0.31857459467782623,0,SELL,-0.012207574864894608
META,0.31295476052060395,0.360337360568124,0.326707878911272,0,SELL,-0.023476745037657107
META,0.3360199027959872,0.3381811178973992,0.3257989793066136,2,BUY,0.013445323603395775
META,0.32391262367791734,0.36275522010247246,0.31333215621961014,0,SELL,-0.022941854330524987
META,0.29870130750612867,0.3625908213249372,0.33870787116893425,1,HOLD,0.007151812151099968
META,0.3301689370252691,0.3346877442861447,0.33514331868858616,1,HOLD,-0.0036115655785397835
META,0.3147295771083311,0.35414059200580045,0.33112983088586845,1,HOLD,0.006653118638235424
META,0.32989022413156444,0.36023940321424225,0.30987037265419337,2,BUY,0.02159447557837204
META,0.3299257386447359,0.36349149854562157,0.3065827628096426,0,SELL,-0.03921799264960719
META,0.32022446461459336,0.3113511516934363,0.36842438369197034,2,BUY,0.014637832209760894
META,0.3290362106149876,0.33934381979062644,0.331619969594386,0,SELL,-0.009899303875784457
META,0.3415533595419553,0.3155616568122344,0.3428849836458103,2,BUY,0.012480868545870326
META,0.3596200225242778,0.307570332184553,0.3328096452911692,1,HOLD,-0.0076663752402458514
META,0.3782122382851829,0.27370286803548555,0.3480848936793316,1,HOLD,0.006787975192971718
META,0.32735718090161564,0.3205556820679543,0.3520871370304301,2,BUY,0.021048484402705188
META,0.3120667352625182,0.37468645161748737,0.3132468131199944,1,HOLD,0.001501313545190485
META,0.3206084092895896,0.3725587487310719,0.3068328419793384,1,HOLD,0.00019082980719445635
META,0.34313829591464173,0.34526573860601034,0.311595965479348,1,HOLD,0.0008041862780732096
META,0.3308812154351945,0.363752486204799,0.3053662983600065,1,HOLD,0.005922484439255584
META,0.33055545309108536,0.38328607145557625,0.28615847545333833,2,BUY,0.016734367749238154
META,0.31923496965726356,0.3942862614765293,0.2864787688662072,1,HOLD,0.0008254947617413969
META,0.3351324619501397,0.3746419480740404,0.29022558997581993,1,HOLD,0.00030594852925162056
META,0.37027505894552415,0.3228567695388834,0.3068681715155924,0,SELL,-0.12030217864321027
META,0.41698655476211294,0.20242915467247075,0.3805842905654164,0,SELL,-0.02756450973340267
META,0.3732296542844201,0.2828287458649182,0.34394159985066164,0,SELL,-0.016546973300568396
META,0.3330310888698463,0.31189963548982286,0.3550692756403309,0,SELL,-0.016426902098165323
META,0.33383796949167044,0.281769930046273,0.38439210046205663,2,BUY,0.013663182118472136
META,0.35870936621199173,0.29745386068852553,0.3438367730994827,0,SELL,-0.027111653750646433
META,0.34066232844697497,0.29764803990529437,0.3616896316477306,1,HOLD,0.004465418177578069
META,0.3647662099167714,0.2772962491803778,0.35793754090285085,2,BUY,0.01603589976722227
META,0.3550102798092369,0.3112339236142797,0.33375579657648335,1,HOLD,-0.007435441408622482
META,0.3405516851022402,0.3229210669636298,0.33652724793412997,0,SELL,-0.029239478759321084
META,0.34742045954994955,0.3166538873374415,0.3359256531126091,1,HOLD,0.001443940431991763
META,0.3544583722763719,0.2783354749670252,0.36720615275660295,1,HOLD,-0.0007052580016782483
META,0.34814167264877827,0.2857993783615034,0.36605894898971836,0,SELL,-0.01229936358796035
META,0.3412885528206204,0.2734598569704423,0.3852515902089372,1,HOLD,-0.0072017599492540055
META,0.36786321279251366,0.23396232979946407,0.39817445740802215,0,SELL,-0.01240751684245367
META,0.3902850316994101,0.23837576439756217,0.3713392039030278,1,HOLD,-0.001983914228917099
META,0.37648896602773757,0.22716661674357466,0.39634441722868774,1,HOLD,0.008619297807138394
META,0.3708716997925782,0.2535744295922479,0.37555387061517387,2,BUY,0.031146400736734064
META,0.3453516487909664,0.30177336195448695,0.3528749892545466,2,BUY,0.03709777684188965
META,0.3500212919511927,0.3213924415097393,0.328586266539068,1,HOLD,-0.004110711553099351
META,0.34067261869374593,0.35291835909045566,0.3064090222157985,2,BUY,0.022379978525951184
META,0.2936969441830293,0.40329256500229665,0.3030104908146741,0,SELL,-0.010986995726326667
META,0.29864565005896,0.36960040685318923,0.33175394308785083,2,BUY,0.009674224419967417
META,0.31391129598468764,0.3798754616248643,0.30621324239044806,0,SELL,-0.011657877721410834
META,0.32661160818263507,0.3782883990892529,0.295099992728112,2,BUY,0.03371252071517579
META,0.33218351918723144,0.3675876538290075,0.30022882698376113,2,BUY,0.017813734281019504
META,0.31491770832586147,0.39202813038537154,0.29305416128876705,0,SELL,-0.009879057154513964
META,0.30265835524103224,0.38637318430723944,0.3109684604517284,0,SELL,-0.014866889206078367
META,0.31178340825071904,0.3862993455755397,0.3019172461737413,0,SELL,-0.010450895268591904
META,0.33874131851179534,0.3645714099725594,0.2966872715156453,1,HOLD,0.003960570336665005
META,0.3169070527885256,0.39800214086269964,0.2850908063487748,0,SELL,-0.013077089054621557
META,0.2979159194986746,0.33704499929398,0.3650390812073453,1,HOLD,0.0058937104921780725
META,0.3182670094413626,0.3666730098998843,0.3150599806587532,2,BUY,0.014778097473989466
META,0.3112844350081281,0.3735599001231445,0.3151556648687275,0,SELL,-0.01170952424528397
META,0.3243472526827682,0.34661956332992516,0.32903318398730663,2,BUY,0.02275676986020218
META,0.339280959368765,0.3497744709359904,0.3109445696952447,1,HOLD,-0.008585123537063052
META,0.3263764590225912,0.3301429048746549,0.3434806361027539,1,HOLD,0.004135518182982515
META,0.29094837134625184,0.38555334296862703,0.3234982856851212,1,HOLD,0.0051867587485830875
META,0.28219786958973414,0.4225785383372405,0.2952235920730253,1,HOLD,0.003917514146959631
META,0.27537436987824,0.43494474566896374,0.2896808844527962,1,HOLD,-0.006401981304311324
META,0.2657950102241363,0.43069656856590705,0.30350842120995664,1,HOLD,-0.006959292794560984
META,0.26528734643005525,0.4123240211239828,0.322388632445962,2,BUY,0.010961570601277672
