fecha,ticker,pred,confianza,p_buy,p_hold,p_sell,real,r,VIX_norm
2026-01-02,AAPL,buy,0.3503082395275516,0.3503082395275516,0.33531782285510514,0.3143739376173432,sell,-0.013933703661721203,-0.8340208452627474
2026-01-05,AAPL,hold,0.35337605976750586,0.3326782620405653,0.35337605976750586,0.3139456781919289,sell,-0.018504437116593858,-0.7579799382312812
2026-01-06,AAPL,hold,0.3481883192384003,0.33916385058738413,0.3481883192384003,0.31264783017421566,sell,-0.007767612063599227,-0.7829297773054127
2026-01-07,AAPL,buy,0.3393551593236209,0.3393551593236209,0.33870308368956387,0.32194175698681526,sell,-0.00496745258033777,-0.6637146936062013
2026-01-08,AAPL,buy,0.340686010895988,0.340686010895988,0.32895984041427684,0.3303541486897351,hold,0.0012731135729041854,-0.6499490046057679
2026-01-09,AAPL,hold,0.3414257554688663,0.33810078429035667,0.3414257554688663,0.32047346024077705,hold,0.0033871451491772624,-0.8267668142609035
2026-01-12,AAPL,hold,0.3442457213023129,0.33049579268717527,0.3442457213023129,0.3252584860105119,hold,0.0030692241427695945,-0.7060004596085142
2026-01-13,AAPL,hold,0.35657469120700774,0.32167917440112537,0.35657469120700774,0.321746134391867,hold,-0.004184285180772418,-0.5418264478935297
2026-01-14,AAPL,sell,0.3403741870905943,0.3280508044854,0.33157500842400567,0.3403741870905943,sell,-0.006754526367843775,-0.3956201967968232
2026-01-15,AAPL,hold,0.35031512023884587,0.32238699834698265,0.35031512023884587,0.3272978814141716,sell,-0.010433345978110178,-0.5635793346401035
2026-01-16,AAPL,buy,0.34937181946705237,0.34937181946705237,0.3122832668174652,0.33834491371548236,sell,-0.035166795246858014,-0.5595844291047153
2026-01-20,AAPL,buy,0.3929438563763907,0.3929438563763907,0.2633402960470883,0.343715847576521,hold,0.0038434235156737974,0.2296070830015497
2026-01-21,AAPL,buy,0.37603730441287203,0.37603730441287203,0.29224673760021896,0.33171595798690895,hold,0.0028226029306953294,-0.3684193098148242
2026-01-22,AAPL,buy,0.35118846440402435,0.35118846440402435,0.33075322747968283,0.3180583081162927,hold,-0.0012490790884445956,-0.6049893999479897
2026-01-23,AAPL,buy,0.3495922522381058,0.3495922522381058,0.31714792827072114,0.3332598194911731,buy,0.029280123722409547,-0.5216641520270681
2026-01-26,AAPL,buy,0.33775251107582427,0.33775251107582427,0.33557319107743855,0.3266742978467371,buy,0.011135324133899676,-0.5115260679511959
2026-01-27,AAPL,hold,0.35326441371221967,0.333699157274246,0.35326441371221967,0.31303642901353435,sell,-0.007110633005716987,-0.4754677310507676
2026-01-28,AAPL,hold,0.3497101277229549,0.3174929159337762,0.3497101277229549,0.3327969563432689,buy,0.0071494947315545124,-0.4741326191207244
2026-01-29,AAPL,sell,0.3578785958316033,0.31853951579635476,0.3235818883720419,0.3578785958316033,hold,0.004635377115508532,-0.37512632854026956
2026-01-30,AAPL,sell,0.36316303776173336,0.334483302500911,0.3023536597373556,0.36316303776173336,buy,0.03977943491276717,-0.2707899526419606
2026-02-02,AAPL,hold,0.3532156302426248,0.3096662745551627,0.3532156302426248,0.33711809520221253,hold,-0.0019648308518361605,-0.47766010046642654
2026-02-03,AAPL,sell,0.34724174831367816,0.31555877161065554,0.3371994800756663,0.34724174831367816,buy,0.025680239205221226,-0.16734739142728539
2026-02-04,AAPL,sell,0.3567170815453087,0.3160924031959724,0.32719051525871884,0.3567170815453087,hold,-0.0020997236483534577,-0.047204904246303664
2026-02-05,AAPL,sell,0.35848859990210197,0.31119344932395526,0.3303179507739427,0.35848859990210197,buy,0.007977762270402386,0.5368412337657592
2026-02-06,AAPL,sell,0.3449925867242267,0.3140505080625542,0.3409569052132191,0.3449925867242267,sell,-0.011728934429607782,0.2708182495422911
2026-02-09,AAPL,hold,0.35706168282435047,0.31529194493591184,0.35706168282435047,0.32764637223973764,hold,-0.003428889326211829,-0.29597411329588424
2026-02-10,AAPL,hold,0.3698401327653618,0.30248982794863627,0.3698401327653618,0.3276700392860018,buy,0.006628141591757578,-0.21617597830527788
2026-02-11,AAPL,hold,0.34203278472396687,0.3243220593506299,0.34203278472396687,0.3336451559254032,sell,-0.051274009278595836,-0.244002932425073
2026-02-12,AAPL,sell,0.3535858588200706,0.3528874497168585,0.293526691463071,0.3535858588200706,sell,-0.022995880180572078,0.34871596466067484
2026-02-13,AAPL,sell,0.35325959196342016,0.3450942925885117,0.3016461154480681,0.35325959196342016,buy,0.031176814356459727,0.3039574005061612
2026-02-17,AAPL,sell,0.3538510068893049,0.34135410943134664,0.3047948836793485,0.3538510068893049,hold,0.001779583167113982,0.24196105128461382
2026-02-18,AAPL,sell,0.3425076900331196,0.32659169307552355,0.3309006168913568,0.3425076900331196,sell,-0.014364265239645745,0.11224252176736896
2026-02-19,AAPL,sell,0.34791758459619987,0.32423715848189205,0.32784525692190813,0.34791758459619987,buy,0.015233805180443597,0.22385406869502725
2026-02-20,AAPL,sell,0.344976901730853,0.3161353508094396,0.33888774745970746,0.344976901730853,buy,0.006029062392291268,0.005759938613991308
2026-02-23,AAPL,sell,0.3370393971948631,0.3361650829160136,0.3267955198891233,0.3370393971948631,buy,0.022144051735165694,0.36482666404245373
2026-02-24,AAPL,hold,0.337019995001184,0.3318457612547122,0.337019995001184,0.33113424374410383,buy,0.007650516196371946,0.0877336382726306
2026-02-25,AAPL,hold,0.36895016064604824,0.30535948120051065,0.36895016064604824,0.3256903581534411,hold,-0.0046786174669959345,-0.2178168123512918
2026-02-26,AAPL,hold,0.35090033771241974,0.3104586569303029,0.35090033771241974,0.33864100535727737,sell,-0.03265800418094743,-0.0848513092930791
2026-02-27,AAPL,sell,0.35388823222159477,0.34246819902971604,0.3036435687486891,0.35388823222159477,hold,0.00204195174556935,0.14715509019972628
2026-03-02,AAPL,sell,0.3483782999325964,0.34022297248738087,0.31139872758002274,0.3483782999325964,hold,-0.003670823904680181,0.445631061795098
2026-03-03,AAPL,buy,0.3560953367623386,0.3560953367623386,0.29972659369603466,0.34417806954162666,hold,-0.004674549655599,0.8441958394327167
2026-03-04,AAPL,buy,0.3513589762626871,0.3513589762626871,0.3160082118048576,0.33263281193245536,sell,-0.008530820840249429,0.38878062005106356
2026-03-05,AAPL,sell,0.3601233546010935,0.3517311765729433,0.2881454688259632,0.3601233546010935,sell,-0.010932115299618045,0.8796696068190771
2026-03-06,AAPL,buy,0.3701531647623612,0.3701531647623612,0.27178346518347046,0.35806337005416833,buy,0.009355701068531801,1.9445163771562122
2026-03-09,AAPL,buy,0.36612531572604684,0.36612531572604684,0.28534564399622664,0.34852904027772647,hold,0.0036488509698246866,1.1950053083109693
2026-03-10,AAPL,buy,0.35650846182285095,0.35650846182285095,0.3098547384629134,0.3336367997142356,hold,-7.677588636112872e-05,1.085797078106795
2026-03-11,AAPL,buy,0.3439599793103687,0.3439599793103687,0.3173057261370358,0.33873429455259546,sell,-0.019552596342224723,0.9607876485980706
2026-03-12,AAPL,buy,0.36564740730688333,0.36564740730688333,0.28399263611620584,0.35035995657691077,sell,-0.022298666381512306,1.5349236973019835
2026-03-13,AAPL,buy,0.38288277197069814,0.38288277197069814,0.27818843647708164,0.33892879155222017,buy,0.01073703156524414,1.509800839002838
2026-03-16,AAPL,buy,0.365543533740465,0.365543533740465,0.2981822691692572,0.3362741970902777,hold,0.005561526596100645,0.8219217785723462
2026-03-17,AAPL,buy,0.35706721440669076,0.35706721440669076,0.3169114695438749,0.32602131604943435,sell,-0.017018443311607647,0.6075940870711809
2026-03-18,AAPL,buy,0.37528814464183385,0.37528814464183385,0.2894129057641445,0.3352989495940216,hold,-0.003928594558615539,1.1114100250239425
2026-03-19,AAPL,buy,0.3765801393964468,0.3765801393964468,0.2803893380926621,0.34303052251089106,hold,-0.003903899440107385,0.9159278539824394
2026-03-20,AAPL,buy,0.4170862315957115,0.4170862315957115,0.22518129024884617,0.35773247815544224,buy,0.01401484151217423,1.4132187277841852
2026-03-23,AAPL,buy,0.3675797551381318,0.3675797551381318,0.2865698339667635,0.34585041089510465,hold,0.0005962134063950415,1.2870807774105806
2026-03-24,AAPL,buy,0.38825131410612806,0.38825131410612806,0.27151189138221443,0.3402367945116575,hold,0.0038868965936841777,1.4239617243999787
2026-03-25,AAPL,buy,0.35489988609737516,0.35489988609737516,0.3085190206410927,0.3365810932615322,hold,0.0010682766662048293,1.1164963151717564
2026-03-26,AAPL,buy,0.39348315673473677,0.39348315673473677,0.27684580066582204,0.3296710425994412,sell,-0.016305265287713342,1.4914996582752362
2026-03-27,AAPL,buy,0.4062062233155933,0.4062062233155933,0.26032282703247783,0.33347094965192886,sell,-0.008760136268299015,2.1252631351210445
2026-03-30,AAPL,buy,0.39417638913271086,0.39417638913271086,0.2586890154611618,0.3471345954061273,buy,0.028617863177015437,2.0200316215761718
2026-03-31,AAPL,sell,0.36803250535214466,0.3653476468682223,0.26661984777963305,0.36803250535214466,buy,0.007223967554483803,1.0488704614896542
2026-04-01,AAPL,buy,0.35858951575236125,0.35858951575236125,0.3094534087081492,0.33195707553948967,hold,0.001133833994367859,0.9183900622306931
2026-04-02,AAPL,buy,0.34414495392026045,0.34414495392026045,0.3146626745079446,0.3411923715717949,buy,0.01142232509019372,0.7957038987728274
2026-04-06,AAPL,buy,0.3501837321788349,0.3501837321788349,0.3241391431216165,0.3256771246995487,sell,-0.02092342184655962,0.8467135091360393
2026-04-07,AAPL,sell,0.3811382603692905,0.3633171123485674,0.2555446272821421,0.3811382603692905,buy,0.021078006221268635,1.1438693440312817
2026-04-08,AAPL,hold,0.3403951170760321,0.3355724225339563,0.3403951170760321,0.32403246039001166,buy,0.006122550270913715,0.32107000365162275
2026-04-09,AAPL,hold,0.3585022674306476,0.3219802230506079,0.3585022674306476,0.31951750951874447,hold,-3.8261262694405804e-05,0.05222710482895876
2026-04-10,AAPL,hold,0.3582204929894068,0.32522781529246053,0.3582204929894068,0.31655169171813263,sell,-0.00492608008275582,0.029202343179279007
2026-04-13,AAPL,hold,0.36282834007030124,0.3185589604634393,0.36282834007030124,0.3186126994662594,hold,-0.0014286586779615176,0.01803661349151922
2026-04-14,AAPL,hold,0.35389035096239807,0.32797164913980237,0.35389035096239807,0.31813799989779956,buy,0.028940167740243536,-0.13947832673449478
2026-04-15,AAPL,hold,0.3784476559673608,0.29667939371023405,0.3784476559673608,0.32487295032240515,sell,-0.01143785188350778,-0.17295924217371522
2026-04-16,AAPL,hold,0.3686072088180317,0.3025377697930874,0.3686072088180317,0.3288550213888809,buy,0.02559980227073271,-0.22069953495404562
2026-04-17,AAPL,hold,0.3860214107937514,0.2913776760689777,0.3860214107937514,0.3226009131372709,buy,0.01038135123703852,-0.3283949533595759
2026-04-20,AAPL,hold,0.388659700612498,0.2927120582903942,0.388659700612498,0.31862824109710775,sell,-0.025519586387523795,0.03966480927007472
2026-04-21,AAPL,hold,0.34110052066831403,0.3228711301896283,0.34110052066831403,0.33602834914205754,buy,0.025959176283094874,0.21791181782624924
2026-04-22,AAPL,hold,0.3803552943844643,0.2888948964206926,0.3803552943844643,0.330749809194843,hold,0.0009511674218491973,0.08260839459320009
2026-04-23,AAPL,hold,0.3692782696015885,0.2952733347254517,0.3692782696015885,0.3354483956729599,sell,-0.008705470074050698,0.20612221044806892
2026-04-24,AAPL,hold,0.3893701004481088,0.2854252492752186,0.3893701004481088,0.32520465027667256,sell,-0.012809478192957056,0.04973570637917398
2026-04-27,AAPL,hold,0.37805340773350593,0.28740158958365974,0.37805340773350593,0.3345450026828344,buy,0.011517458457321562,-0.1383307867416386
2026-04-28,AAPL,hold,0.37306445932915333,0.2976719546346513,0.37306445932915333,0.3292635860361955,hold,-0.001996724264136533,-0.18614556409297
2026-04-29,AAPL,hold,0.37929483800115615,0.289999630672582,0.37929483800115615,0.330705531326262,hold,0.004358182101151443,0.10529857365350428
2026-04-30,AAPL,sell,0.35521698208096686,0.32079807607399624,0.323984941845037,0.35521698208096686,buy,0.03187990737243732,-0.4479759288917811
2026-05-01,AAPL,hold,0.34419350151427575,0.3175570098039247,0.34419350151427575,0.33824948868179944,sell,-0.011885893585031252,-0.41239039984700754
2026-05-04,AAPL,hold,0.36798086651505707,0.2991120893600695,0.36798086651505707,0.33290704412487343,buy,0.026204266943421806,-0.021973536041431797
2026-05-05,AAPL,hold,0.39362828847392417,0.28847228063308533,0.39362828847392417,0.31789943089299044,buy,0.011649795625348007,-0.2866723900436747
2026-05-06,AAPL,hold,0.3948519055184056,0.27728078937838063,0.3948519055184056,0.3278673051032137,hold,-0.0002435341172492443,-0.27765403864015503
2026-05-07,AAPL,hold,0.3734547490174714,0.29258887865482847,0.3734547490174714,0.3339563723277002,buy,0.02025006180098386,-0.36388353574671634
2026-05-08,AAPL,hold,0.39972374135110983,0.28156515467572957,0.39972374135110983,0.3187111039731606,hold,-0.001263410870084823,-0.32470542669529284
2026-05-11,AAPL,hold,0.38175384250967365,0.2913507837715739,0.38175384250967365,0.32689537371875244,buy,0.007217267345543894,0.04063189818879537
2026-05-12,AAPL,hold,0.3910983325281292,0.28973876483339467,0.3910983325281292,0.3191629026384763,buy,0.013711552929013165,-0.07329628124845196
2026-05-13,AAPL,hold,0.38135858208382284,0.2877447454092575,0.38135858208382284,0.33089667250691984,hold,-0.002210734971933149,-0.10920489523411767
2026-05-14,AAPL,hold,0.3957196361881145,0.27938668773897957,0.3957196361881145,0.32489367607290587,buy,0.006750980136725528,-0.29373257345475673
2026-05-15,AAPL,hold,0.35495409582553566,0.3090568537777221,0.35495409582553566,0.33598905039674226,sell,-0.007992516349121775,0.06268868115306028
2026-05-18,AAPL,hold,0.384980966019486,0.2950601696711178,0.384980966019486,0.3199588643093962,hold,0.003786811276571553,-0.1230092500374077
2026-05-19,AAPL,hold,0.377885261850353,0.29952182564281815,0.377885261850353,0.3225929125068289,buy,0.010911313869409937,-0.050942720285505984
2026-05-20,AAPL,hold,0.4094025409111678,0.27870218138481023,0.4094025409111678,0.3118952777040221,buy,0.009024403912911677,-0.23885672174366268
2026-05-21,AAPL,hold,0.39998421775296844,0.28069974914492296,0.39998421775296844,0.31931603310210854,buy,0.012479664098423927,-0.4441095891108319
2026-05-22,AAPL,hold,0.4008860558159619,0.2828262141264501,0.4008860558159619,0.3162877300575879,hold,-0.0015879959853538459,-0.4577383138031748
2026-05-26,AAPL,hold,0.4005816569018164,0.28376851152133514,0.4005816569018164,0.31564983157684834,buy,0.008139921177528297,-0.3535999863663162
2026-05-27,AAPL,hold,0.39586434253485875,0.2837685318797303,0.39586434253485875,0.32036712558541103,hold,0.0053259869555545925,-0.5700834016551456
2026-05-28,AAPL,hold,0.41274312647063577,0.27102198669228605,0.41274312647063577,0.3162348868370781,hold,-0.0014410019964428765,-0.7331350689849943
2026-05-29,AAPL,hold,0.37314059901392127,0.2940941607130789,0.37314059901392127,0.33276524027299986,sell,-0.018597851122449393,-0.8555508126811494
2026-06-01,AAPL,hold,0.3926671715927515,0.2871677876753213,0.3926671715927515,0.32016504073192714,buy,0.028609745520348374,-0.6295303083539382
2026-06-02,AAPL,hold,0.41256959841056634,0.27793235625986157,0.41256959841056634,0.309498045329572,sell,-0.015796757454885936,-0.7109641544264648
2026-06-03,AAPL,hold,0.36710020710707775,0.3056449400273751,0.36710020710707775,0.3272548528655471,hold,0.003121575198772482,-0.6203048665863439
2026-06-04,AAPL,hold,0.3951949207188132,0.2882167192533259,0.3951949207188132,0.3165883600278609,sell,-0.012577593355441377,-0.8172405655047367
2026-06-05,AAPL,buy,0.3518003676354616,0.3518003676354616,0.3167216724568674,0.331477959907671,sell,-0.019051885469787897,1.0321512314317247
2026-06-08,AAPL,buy,0.38936724560202535,0.38936724560202535,0.27768305713064223,0.3329496972673325,sell,-0.03712710112671881,0.2448533135107166
2026-06-09,AAPL,buy,0.3640434223346637,0.3640434223346637,0.29350145082770973,0.34245512683762663,hold,0.003538736828077959,0.5292928988064687
2026-06-10,AAPL,buy,0.37887481592411565,0.37887481592411565,0.27817414223137504,0.3429510418445092,buy,0.013794257734621061,1.231427870967441
2026-06-11,AAPL,buy,0.3466326058920262,0.3466326058920262,0.31048964416532354,0.34287774994265036,sell,-0.01533867189083751,0.38892349666652537
2026-06-12,AAPL,buy,0.34595503068246264,0.34595503068246264,0.33821032731008144,0.315834642007456,buy,0.01800742754428881,-0.14226903080188863
2026-06-15,AAPL,hold,0.3704178057212558,0.32355527415004304,0.3704178057212558,0.3060269201287012,buy,0.009468545598219242,-0.5841077781456654
2026-06-16,AAPL,hold,0.36720612730783403,0.3179593241685929,0.36720612730783403,0.3148345485235732,sell,-0.011055424053765445,-0.5172162397694944
2026-06-17,AAPL,hold,0.33550640151227,0.3340682722187022,0.33550640151227,0.3304253262690277,buy,0.0069365307945603305,0.10008520473567539
2026-06-18,AAPL,buy,0.3462423561414673,0.3462423561414673,0.3204107495078348,0.3333468943506978,hold,-0.0033611561756575186,-0.5132070138214024
2026-06-22,AAPL,buy,0.34750819223112683,0.34750819223112683,0.3363185999999418,0.31617320776893143,sell,-0.009166281020203648,-0.24294239503010637
2026-06-23,AAPL,buy,0.36934407338942127,0.36934407338942127,0.3090937847530982,0.3215621418574805,sell,-0.004154097032731816,0.42754937949100014
2026-06-24,AAPL,buy,0.3686292414026062,0.3686292414026062,0.3072510373679381,0.3241197212294557,sell,-0.06312910528852322,0.16539247357650086
2026-06-25,AAPL,buy,0.39409544565601284,0.39409544565601284,0.24679759413515853,0.3591069602088286,buy,0.0308828692129702,0.24171910049593986
2026-06-26,AAPL,buy,0.4215712112548111,0.4215712112548111,0.19418393721782823,0.3842448515273607,sell,-0.007214617571347412,0.09398580833959788
2026-06-29,AAPL,buy,0.3492898854489201,0.3492898854489201,0.32092366242349485,0.329786452127585,buy,0.026686927946559438,-0.13828511034194244
2026-06-30,AAPL,hold,0.3534252781695329,0.3229679059199817,0.3534252781695329,0.3236068159104854,buy,0.017199902237751946,-0.5021638605330597
2026-07-01,AAPL,hold,0.359119796863323,0.31453621768092893,0.359119796863323,0.32634398545574805,buy,0.04727163430823289,-0.45932414847134273
2026-07-02,AAPL,hold,0.3665716027960092,0.306235853079729,0.3665716027960092,0.3271925441242619,buy,0.01297326356082142,-0.5920899169764093
2026-07-06,AAPL,hold,0.4112958954299157,0.28268838156784054,0.4112958954299157,0.3060157230022438,sell,-0.006417317752291537,-0.7666036067597525
2026-07-07,AAPL,hold,0.40440108125350666,0.28070843406745016,0.40440108125350666,0.3148904846790432,buy,0.008749398121391793,-0.5943988666300544
2026-07-08,AAPL,hold,0.3766138968725202,0.28519334417377007,0.3766138968725202,0.3381927589537098,buy,0.008989700861949937,-0.3612110324931924
2026-07-09,AAPL,hold,0.4010117233673408,0.27520394559214256,0.4010117233673408,0.32378433104051657,hold,-0.0028501014457968927,-0.6822296100047189
2026-07-10,AAPL,hold,0.40792063075845847,0.28392385984188223,0.40792063075845847,0.3081555093996593,buy,0.006291108635278855,-0.9260670011373038
2026-07-13,AAPL,hold,0.36998230148275796,0.3059745198466745,0.36998230148275796,0.32404317867056753,sell,-0.007751077889289723,-0.28219152949591786
2026-07-14,AAPL,hold,0.3867251318207094,0.29836191240255777,0.3867251318207094,0.3149129557767329,buy,0.039359995560940185,-0.4810956701560535
2026-07-15,AAPL,hold,0.39178367320179164,0.2849181114842555,0.39178367320179164,0.32329821531395275,buy,0.017434906842973087,-0.7296376015843158
2026-07-16,AAPL,hold,0.3814921505151362,0.27893981954861385,0.3814921505151362,0.33956802993625007,hold,0.0014391811187502526,-0.4084145264178843
2026-07-17,AAPL,hold,0.35741812419736596,0.29269097324017684,0.35741812419736596,0.34989090256245725,sell,-0.021656657586981348,0.20591976461276257
2026-07-20,AAPL,hold,0.3601438866825287,0.30412354408045233,0.3601438866825287,0.3357325692370189,hold,0.0035150750095092813,0.1670023301221471
2026-07-21,AAPL,hold,0.38538653508555276,0.2890846704117985,0.38538653508555276,0.32552879450264866,sell,-0.005660657333930309,-0.3178241083872704
2026-07-22,AAPL,hold,0.38133460165023747,0.28719972350760653,0.38133460165023747,0.3314656748421561,sell,-0.01306479450939142,-0.4421482479365628
2026-07-23,AAPL,sell,0.3557945974900867,0.300996120896721,0.34320928161319236,0.3557945974900867,buy,0.03470739356294198,0.1777665338631884
2026-07-24,AAPL,hold,0.3670332525445264,0.3028424341128553,0.3670332525445264,0.33012431334261844,buy,0.01161331318603087,0.13773291672399618
2026-07-27,AAPL,hold,0.36412009005804596,0.31546676574160193,0.36412009005804596,0.32041314420035205,buy,0.00936495711319729,0.16084272357076707
2026-07-28,AAPL,hold,0.35880156418886144,0.3057745888501223,0.35880156418886144,0.33542384696101624,sell,-0.0055729125775482845,0.017142885299091262
2026-07-29,AAPL,sell,0.3418906533388753,0.32501615406360784,0.33309319259751685,0.3418906533388753,sell,-0.01417498544145801,0.7576966159689555
2026-07-30,AAPL,sell,0.3467292192080289,0.31805853738215456,0.33521224340981653,0.3467292192080289,sell,-0.07638287945805575,-0.33196410936969134
2026-07-31,AAPL,sell,0.39128089243063263,0.3483450817162844,0.2603740258530829,0.39128089243063263,sell,-0.017931956478842527,-0.6661653999564779
2026-08-03,AAPL,buy,0.3357867457596866,0.3357867457596866,0.3351020143555691,0.3291112398847443,buy,0.01945221084485533,-0.7002642307042627
2026-08-04,AAPL,hold,0.35846762297738416,0.30897207466365395,0.35846762297738416,0.3325603023589619,hold,0.005222674657279986,-0.5037750093277213
2026-08-05,AAPL,hold,0.35808388757639104,0.30936711456408744,0.35808388757639104,0.3325489978595216,hold,0.004523508767764461,-0.7107861271143682
2026-08-06,AAPL,hold,0.36725078559398133,0.30690431682043384,0.36725078559398133,0.3258448975855848,hold,0.002940463630559811,-0.9084917687441293
2026-08-07,AAPL,hold,0.40313316844734465,0.29128511231320037,0.40313316844734465,0.305581719239455,sell,-0.015451243263146633,-0.9810103055730187
2026-08-10,AAPL,hold,0.3789276379143174,0.29415663416202553,0.3789276379143174,0.3269157279236571,sell,-0.010926951292996926,-0.8117022775635087
2026-08-11,AAPL,hold,0.3748045129712144,0.30650034356026506,0.3748045129712144,0.3186951434685204,sell,-0.00876217361050629,-0.8644474255499709
2026-08-12,AAPL,hold,0.3868555931040414,0.29911592229110445,0.3868555931040414,0.3140284846048541,buy,0.009909414983244762,-1.0853975365619515
2026-08-13,AAPL,hold,0.39797627403328156,0.2883524183887699,0.39797627403328156,0.31367130757794853,hold,0.0021923891943256765,-1.0615011231532923
2026-08-14,AAPL,hold,0.39864230443007154,0.29243089746487433,0.39864230443007154,0.30892679810505413,hold,-0.0011119714123237288,-1.1751596018914214
2026-08-17,AAPL,hold,0.38008117608910547,0.3010857416153864,0.38008117608910547,0.3188330822955082,buy,0.014424740792900279,-0.8904960150228793
2026-08-18,AAPL,hold,0.37071850880901575,0.3064150634712982,0.37071850880901575,0.32286642771968604,buy,0.021696246991930904,-0.6950915316193057
2026-08-19,AAPL,hold,0.3989776126525743,0.29596834874736005,0.3989776126525743,0.30505403860006564,sell,-0.017608271810496567,-0.9817503260975441
2026-08-20,AAPL,hold,0.3802660478190722,0.29653473369441635,0.3802660478190722,0.32319921848651145,sell,-0.00628369652735619,-0.6427950661457017
2026-08-21,AAPL,hold,0.3933074669228557,0.2895652495056726,0.3933074669228557,0.3171272835714718,hold,0.0031951171478967837,-0.9067531993448023
2026-08-24,AAPL,hold,0.3961153479891859,0.29648614622650366,0.3961153479891859,0.3073985057843105,hold,-0.0014188137564350974,-0.6919370891538119
2026-08-25,AAPL,hold,0.402292311165155,0.2936114094945379,0.402292311165155,0.3040962793403071,buy,0.01139025156549776,-0.8146889843968194
2026-08-26,AAPL,hold,0.3998456668261162,0.28984214707820066,0.3998456668261162,0.31031218609568306,hold,0.0035984764637677197,-0.888891031212466
2026-08-27,AAPL,hold,0.41448678015988333,0.2824620766734647,0.41448678015988333,0.3030511431666521,buy,0.016144721120709464,-1.1006941327478228
2026-08-28,AAPL,hold,0.40326441697278426,0.30006623869108395,0.40326441697278426,0.2966693443361319,sell,-0.008954599215930675,-1.1249908770942423
2026-08-31,AAPL,hold,0.38478230482675513,0.306702956315491,0.38478230482675513,0.30851473885775393,buy,0.025796622336462183,-0.9751710913160972
2026-09-01,AAPL,hold,0.3749895171861483,0.3085294689047996,0.3749895171861483,0.31648101390905214,hold,-0.0005230458323249564,-0.5428846535023673
2026-09-02,AAPL,hold,0.40394528908603455,0.3002848708828634,0.40394528908603455,0.295769840031102,buy,0.009951549846201446,-0.8865374095666877
2026-09-03,AAPL,hold,0.40808354265053565,0.2964537364640448,0.40808354265053565,0.29546272088541947,sell,-0.025426376168950823,-1.1507504748367114
2026-09-04,AAPL,hold,0.3865924445544098,0.3048292615477492,0.3865924445544098,0.308578293897841,sell,-0.011789067471725085,-1.0855457484302957
2026-09-08,AAPL,hold,0.3639025061883243,0.32072902498242123,0.3639025061883243,0.3153684688292545,hold,-0.002786767546169644,-0.7272075866219389
2026-09-09,AAPL,buy,0.347138238997975,0.347138238997975,0.31258138465439406,0.34028037634763086,buy,0.0349929330682692,-0.5049183483477678
2026-09-10,AAPL,hold,0.3393546844048194,0.33216005717052743,0.3393546844048194,0.3284852584246532,buy,0.01730351508863038,-0.09062407154830421
2026-09-11,AAPL,hold,0.36441766323512653,0.32921452890293135,0.36441766323512653,0.30636780786194207,hold,0.002434802700750146,-0.7001707414604008
2026-09-14,AAPL,hold,0.38865801096135305,0.302417592129425,0.38865801096135305,0.30892439690922197,sell,-0.005237633595806399,-0.3190332779477186
2026-09-15,AAPL,hold,0.3879326316685604,0.29805847502811866,0.3879326316685604,0.31400889330332094,hold,0.0032241303235070818,-0.2897359775219323
2026-09-16,AAPL,hold,0.3692565239095071,0.31048440380419506,0.3692565239095071,0.3202590722862979,buy,0.013713772570884974,-0.1370028863994617
2026-09-17,AAPL,hold,0.3922247990606801,0.3018125631659176,0.3922247990606801,0.3059626377734023,hold,-0.002584925929040273,-0.8283770493209659
2026-09-18,AAPL,hold,0.35324526563804287,0.32140244852332783,0.35324526563804287,0.3253522858386293,buy,0.008443136576545992,-1.0188488529092832
2026-09-21,AAPL,hold,0.42980963753226886,0.2803980037137201,0.42980963753226886,0.28979235875401105,hold,0.002268912031385673,-0.997883196414356
2026-09-22,AAPL,hold,0.40008312590009737,0.2990831045553037,0.40008312590009737,0.30083376954459884,sell,-0.008067809857302792,-1.192777704153892
2026-09-23,AAPL,hold,0.40529852255757165,0.2819855894268029,0.40529852255757165,0.3127158880156255,hold,-0.0032691668250006928,-0.8964688565664073
2026-09-24,AAPL,hold,0.3948847288590246,0.29447600357125603,0.3948847288590246,0.3106392675697193,buy,0.01521467993441426,-0.746086561348431
2026-09-25,AAPL,hold,0.41446111149641024,0.28890744141241365,0.41446111149641024,0.29663144709117617,sell,-0.007859146587689452,-0.9874362647501919
2026-09-28,AAPL,hold,0.39173149089282755,0.3027152485445394,0.39173149089282755,0.30555326056263293,sell,-0.02695581048132594,-0.6240476426414561
2026-09-29,AAPL,hold,0.38403588749594103,0.3008469164515578,0.38403588749594103,0.31511719605250105,,,-0.6327319695499479
2026-01-02,MSFT,hold,0.35194564098170705,0.3172096998558124,0.35194564098170705,0.3308446591624805,hold,-0.00019028278482039024,-0.8340208452627474
2026-01-05,MSFT,hold,0.3496865233444294,0.32567950347330615,0.3496865233444294,0.3246339731822645,buy,0.011898852997329333,-0.7579799382312812
2026-01-06,MSFT,hold,0.36910819282732565,0.3136429681346344,0.36910819282732565,0.3172488390380399,buy,0.01031224100807262,-0.7829297773054127
2026-01-07,MSFT,hold,0.3521451205286634,0.3257970578136767,0.3521451205286634,0.32205782165765995,sell,-0.011148482196542717,-0.6637146936062013
2026-01-08,MSFT,hold,0.36719098473987305,0.30723015920298646,0.36719098473987305,0.32557885605714054,hold,0.0024441547277171643,-0.6499490046057679
2026-01-09,MSFT,hold,0.3826963387000532,0.30628932729430636,0.3826963387000532,0.3110143340056404,hold,-0.004391264357290946,-0.8267668142609035
2026-01-12,MSFT,hold,0.3603749959064228,0.32429336798455854,0.3603749959064228,0.3153316361090187,sell,-0.013736510171920976,-0.7060004596085142
2026-01-13,MSFT,sell,0.33705102657110714,0.3266418502644484,0.3363071231644444,0.33705102657110714,sell,-0.024279424457372377,-0.5418264478935297
2026-01-14,MSFT,buy,0.33992741225850975,0.33992741225850975,0.32386968263115673,0.3362029051103336,sell,-0.005938684662525473,-0.3956201967968232
2026-01-15,MSFT,hold,0.34714202827848667,0.3342508170646718,0.34714202827848667,0.3186071546568416,buy,0.006982926586931791,-0.5635793346401035
2026-01-16,MSFT,buy,0.348287364282911,0.348287364282911,0.32118266161907666,0.3305299740980124,sell,-0.01168017834869697,-0.5595844291047153
2026-01-20,MSFT,buy,0.3516413627979276,0.3516413627979276,0.31242235312870814,0.33593628407336423,sell,-0.023169678088282557,0.2296070830015497
2026-01-21,MSFT,buy,0.3686420723450455,0.3686420723450455,0.2934461167947728,0.3379118108601818,buy,0.015705583248045565,-0.3684193098148242
2026-01-22,MSFT,buy,0.33933945363607776,0.33933945363607776,0.33681673621389574,0.3238438101500265,buy,0.03230057162614092,-0.6049893999479897
2026-01-23,MSFT,buy,0.34461652253442115,0.34461652253442115,0.32075931689115805,0.3346241605744208,buy,0.009249931697775502,-0.5216641520270681
2026-01-26,MSFT,hold,0.34972892990373783,0.3238001183760039,0.34972892990373783,0.32647095172025825,buy,0.02166540242193157,-0.5115260679511959
2026-01-27,MSFT,hold,0.3751051891036422,0.3029580807054443,0.3751051891036422,0.3219367301909135,hold,0.0021825088341821002,-0.4754677310507676
2026-01-28,MSFT,hold,0.3591681764146715,0.3036661413576715,0.3591681764146715,0.33716568222765686,sell,-0.10528436176882475,-0.4741326191207244
2026-01-29,MSFT,sell,0.4599157178670778,0.35748584830980956,0.18259843382311267,0.4599157178670778,sell,-0.007432383670847061,-0.37512632854026956
2026-01-30,MSFT,sell,0.3794377995585175,0.3377555838772702,0.28280661656421224,0.3794377995585175,sell,-0.01621296637265279,-0.2707899526419606
2026-02-02,MSFT,buy,0.3504899075009856,0.3504899075009856,0.3084205024053185,0.341089590093696,sell,-0.029142400065331416,-0.47766010046642654
2026-02-03,MSFT,buy,0.37064640064633686,0.37064640064633686,0.2710827993382131,0.3582708000154499,buy,0.007220769155881269,-0.16734739142728539
2026-02-04,MSFT,buy,0.3599434059478727,0.3599434059478727,0.28164178194828554,0.35841481210384174,sell,-0.050811774980710295,-0.047204904246303664
2026-02-05,MSFT,buy,0.3884393904898499,0.3884393904898499,0.2460741757011974,0.3654864338089526,buy,0.018797509358279264,0.5368412337657592
2026-02-06,MSFT,sell,0.3700987320323079,0.35729656744759963,0.27260470052009245,0.3700987320323079,buy,0.030588800989342232,0.2708182495422911
2026-02-09,MSFT,buy,0.3451415501327249,0.3451415501327249,0.31107111129675075,0.34378733857052435,hold,-0.000798319315509545,-0.29597411329588424
2026-02-10,MSFT,sell,0.34488330596483674,0.34124559787873415,0.3138710961564291,0.34488330596483674,sell,-0.021770781946382066,-0.21617597830527788
2026-02-11,MSFT,sell,0.35390521722644636,0.33549184855962166,0.31060293421393204,0.35390521722644636,sell,-0.006276193782594548,-0.244002932425073
2026-02-12,MSFT,sell,0.36965636052565715,0.34486080631418564,0.28548283316015716,0.36965636052565715,hold,-0.0012949663279586867,0.34871596466067484
2026-02-13,MSFT,buy,0.3571905761462226,0.3571905761462226,0.290254557844159,0.35255486600961833,sell,-0.011175543913618934,0.3039574005061612
2026-02-17,MSFT,buy,0.35573919843195,0.35573919843195,0.2979987068923451,0.34626209467570496,buy,0.0068804497815916,0.24196105128461382
2026-02-18,MSFT,buy,0.34642504391098655,0.34642504391098655,0.31021768317966386,0.3433572729093496,hold,-0.0005770387632486178,0.11224252176736896
2026-02-19,MSFT,buy,0.35560875758011334,0.35560875758011334,0.29959943032843467,0.34479181209145193,hold,-0.0030916613453095257,0.22385406869502725
2026-02-20,MSFT,buy,0.35824741367284063,0.35824741367284063,0.3037909598394581,0.3379616264877013,sell,-0.032649687026276845,0.005759938613991308
2026-02-23,MSFT,buy,0.3741216369863441,0.3741216369863441,0.2860638292556631,0.3398145337579928,buy,0.011713508162752607,0.36482666404245373
2026-02-24,MSFT,buy,0.35151867523143493,0.35151867523143493,0.307797447785349,0.34068387698321606,buy,0.029384108832231453,0.0877336382726306
2026-02-25,MSFT,sell,0.33771311523454295,0.33718582889573595,0.3251010558697211,0.33771311523454295,hold,0.0027919027648784594,-0.2178168123512918
2026-02-26,MSFT,sell,0.34298679942943133,0.33511738221894,0.3218958183516286,0.34298679942943133,sell,-0.02260751481502054,-0.0848513092930791
2026-02-27,MSFT,buy,0.36082853701956824,0.36082853701956824,0.28778086243153544,0.3513906005488963,buy,0.014685093950154667,0.14715509019972628
2026-03-02,MSFT,buy,0.3526051842917754,0.3526051842917754,0.31138797196049783,0.33600684374772677,buy,0.013408688431820684,0.445631061795098
2026-03-03,MSFT,buy,0.36258740241947907,0.36258740241947907,0.3064132906101939,0.33099930697032703,hold,0.003139222529416255,0.8441958394327167
2026-03-04,MSFT,buy,0.35429746830165226,0.35429746830165226,0.315135821318751,0.3305667103795967,buy,0.01343348407741661,0.38878062005106356
2026-03-05,MSFT,sell,0.34176967227094424,0.32976368657366667,0.3284666411553891,0.34176967227094424,hold,-0.004196934850264637,0.8796696068190771
2026-03-06,MSFT,buy,0.35966322497092285,0.35966322497092285,0.2978628721822527,0.3424739028468244,hold,0.0010997408113609262,1.9445163771562122
2026-03-09,MSFT,buy,0.3435576763224292,0.3435576763224292,0.31931848437389243,0.33712383930367845,sell,-0.008955211916254719,1.1950053083109693
2026-03-10,MSFT,buy,0.348695820365308,0.348695820365308,0.3206179963090246,0.3306861833256674,hold,-0.0021711660852259426,1.085797078106795
2026-03-11,MSFT,buy,0.3511427390104562,0.3511427390104562,0.31335798260789166,0.3354992783816521,sell,-0.007487037965784546,0.9607876485980706
2026-03-12,MSFT,buy,0.362774203325158,0.362774203325158,0.3092740604065307,0.32795173626831126,sell,-0.01582652691683554,1.5349236973019835
2026-03-13,MSFT,buy,0.3814412236779282,0.3814412236779282,0.2893059619789362,0.32925281434313547,buy,0.011062393938410492,1.509800839002838
2026-03-16,MSFT,buy,0.3530138256407846,0.3530138256407846,0.3151756344205805,0.33181053993863496,hold,-0.0013510579009210115,0.8219217785723462
2026-03-17,MSFT,buy,0.3624716638826556,0.3624716638826556,0.3164434645489938,0.3210848715683506,sell,-0.0192625248640422,0.6075940870711809
2026-03-18,MSFT,buy,0.36129502973931327,0.36129502973931327,0.30755198805330525,0.33115298220738154,sell,-0.007095225002012981,1.1114100250239425
2026-03-19,MSFT,buy,0.37280991305614,0.37280991305614,0.2903875904968105,0.33680249644704957,sell,-0.018550554356410006,0.9159278539824394
2026-03-20,MSFT,buy,0.41230890383382207,0.41230890383382207,0.25270237036704485,0.33498872579913297,hold,0.0029548815107211493,1.4132187277841852
2026-03-23,MSFT,buy,0.3898958295820831,0.3898958295820831,0.2700288626023605,0.3400753078155564,sell,-0.02715396533836252,1.2870807774105806
2026-03-24,MSFT,buy,0.410394489207613,0.410394489207613,0.2590315548245013,0.33057395596788564,hold,-0.004571189068852106,1.4239617243999787
2026-03-25,MSFT,buy,0.3958968020235279,0.3958968020235279,0.273827501351239,0.33027569662523304,sell,-0.013758575185762116,1.1164963151717564
2026-03-26,MSFT,buy,0.4414509889356933,0.4414509889356933,0.2482243218834128,0.31032468918089384,sell,-0.025459974319792144,1.4914996582752362
2026-03-27,MSFT,buy,0.44679678009396645,0.44679678009396645,0.23546605446785368,0.3177371654381798,buy,0.006119621046581308,2.1252631351210445
2026-03-30,MSFT,buy,0.4458844836139702,0.4458844836139702,0.21975797195032015,0.3343575444357096,buy,0.03075142268878768,2.0200316215761718
2026-03-31,MSFT,buy,0.39037868274730386,0.39037868274730386,0.2517638199742277,0.35785749727846855,hold,-0.0021635413538151575,1.0488704614896542
2026-04-01,MSFT,buy,0.38281923912625715,0.38281923912625715,0.29366571374295924,0.3235150471307836,buy,0.011012036052553425,0.9183900622306931
2026-04-02,MSFT,buy,0.3697886210196079,0.3697886210196079,0.30472731758326044,0.32548406139713165,hold,-0.0015541916082757374,0.7957038987728274
2026-04-06,MSFT,buy,0.36768338173059123,0.36768338173059123,0.31835758202103986,0.31395903624836896,hold,-0.0015835241825861704,0.8467135091360393
2026-04-07,MSFT,buy,0.37409654881247834,0.37409654881247834,0.2992093358133231,0.3266941153741986,hold,0.005464483483156573,1.1438693440312817
2026-04-08,MSFT,buy,0.3588678974497491,0.3588678974497491,0.32735451386019493,0.313777588690056,hold,-0.003371606797341689,0.32107000365162275
2026-04-09,MSFT,buy,0.3566602892106491,0.3566602892106491,0.3286150797545377,0.31472463103481324,sell,-0.005914502722368911,0.05222710482895876
2026-04-10,MSFT,buy,0.36392163301840896,0.36392163301840896,0.3359818900810003,0.30009647690059066,buy,0.03575407090351821,0.029202343179279007
2026-04-13,MSFT,hold,0.3582811917043751,0.3373909613116301,0.3582811917043751,0.3043278469839949,buy,0.02248380906043869,0.01803661349151922
2026-04-14,MSFT,hold,0.3823179238982976,0.31812196714421964,0.3823179238982976,0.29956010895748275,buy,0.045038931660944595,-0.13947832673449478
2026-04-15,MSFT,hold,0.3807284603370432,0.2924677462179782,0.3807284603370432,0.3268037934449786,buy,0.021745206541177127,-0.17295924217371522
2026-04-16,MSFT,hold,0.38725019904916896,0.2817504381959628,0.38725019904916896,0.3309993627548682,buy,0.006002075549152332,-0.22069953495404562
2026-04-17,MSFT,hold,0.39845586602304783,0.28479033657728176,0.39845586602304783,0.3167537973996705,sell,-0.011226739734212607,-0.3283949533595759
2026-04-20,MSFT,hold,0.3947684654093175,0.28929363883715453,0.3947684654093175,0.31593789575352793,buy,0.014461810196849447,0.03966480927007472
2026-04-21,MSFT,hold,0.3742620509350984,0.3026836208159457,0.3742620509350984,0.32305432824895597,buy,0.02044227360800401,0.21791181782624924
2026-04-22,MSFT,hold,0.41224140475354676,0.2741474720305319,0.41224140475354676,0.31361112321592133,sell,-0.040468853591927485,0.08260839459320009
2026-04-23,MSFT,sell,0.3480450195527928,0.3107954619742078,0.3411595184729994,0.3480450195527928,buy,0.021110529021497536,0.20612221044806892
2026-04-24,MSFT,hold,0.4124248259679753,0.270852720819089,0.4124248259679753,0.3167224532129357,hold,0.0004708877374006461,0.04973570637917398
2026-04-27,MSFT,hold,0.3945376455619716,0.2773316651943946,0.3945376455619716,0.3281306892436339,buy,0.010373925111834702,-0.1383307867416386
2026-04-28,MSFT,hold,0.39868430532783194,0.2733862606905244,0.39868430532783194,0.32792943398164354,sell,-0.011221711629237963,-0.18614556409297
2026-04-29,MSFT,hold,0.3661296938300983,0.28472169831912064,0.3661296938300983,0.3491486078507811,sell,-0.04008994344445708,0.10529857365350428
2026-04-30,MSFT,sell,0.38178198976139427,0.307363941351117,0.3108540688874888,0.38178198976139427,buy,0.016200393649030864,-0.4479759288917811
2026-05-01,MSFT,hold,0.38845784102482017,0.28514195165117845,0.38845784102482017,0.32640020732400127,hold,-0.0019805845311460773,-0.41239039984700754
2026-05-04,MSFT,hold,0.3595831032775524,0.3091848301250004,0.3595831032775524,0.3312320665974472,sell,-0.005430311591628986,-0.021973536041431797
2026-05-05,MSFT,hold,0.384047175716045,0.3000643782329688,0.384047175716045,0.3158884460509862,buy,0.006251973171359722,-0.2866723900436747
2026-05-06,MSFT,hold,0.3757641603083789,0.2919703144489243,0.3757641603083789,0.33226552524269676,buy,0.016317058490072932,-0.27765403864015503
2026-05-07,MSFT,hold,0.3614719845551104,0.3117429438303594,0.3614719845551104,0.3267850716145302,sell,-0.01351873447467722,-0.36388353574671634
2026-05-08,MSFT,hold,0.3829115723068595,0.2957664899438643,0.3829115723068595,0.3213219377492762,sell,-0.005943630903975216,-0.32470542669529284
2026-05-11,MSFT,hold,0.35967983793416275,0.3046518459517273,0.35967983793416275,0.33566831611410997,sell,-0.011920735420462784,0.04063189818879537
2026-05-12,MSFT,hold,0.3487686799514439,0.32742373247213735,0.3487686799514439,0.32380758757641875,sell,-0.006297800717341185,-0.07329628124845196
2026-05-13,MSFT,hold,0.3551591471466248,0.31654804601091174,0.3551591471466248,0.32829280684246354,buy,0.01036043429339151,-0.10920489523411767
2026-05-14,MSFT,hold,0.3620254615868747,0.316669146047857,0.3620254615868747,0.3213053923652682,buy,0.030049816053201756,-0.29373257345475673
2026-05-15,MSFT,buy,0.3476942771081588,0.3476942771081588,0.326539358227581,0.3257663646642602,hold,0.0038323172587519066,0.06268868115306028
2026-05-18,MSFT,hold,0.37817786469880593,0.30883531751440263,0.37817786469880593,0.31298681778679144,sell,-0.014555068536528612,-0.1230092500374077
2026-05-19,MSFT,hold,0.3654060025683475,0.3177223322662592,0.3654060025683475,0.3168716651653935,buy,0.008682351066833785,-0.050942720285505984
2026-05-20,MSFT,hold,0.385586581590184,0.288928332259426,0.385586581590184,0.32548508615038985,hold,-0.00252610992400636,-0.23885672174366268
2026-05-21,MSFT,hold,0.3740249163584179,0.30582211877618554,0.3740249163584179,0.3201529648653966,hold,-0.0012414559346094188,-0.4441095891108319
2026-05-22,MSFT,hold,0.3787723623202682,0.3116628734637864,0.3787723623202682,0.3095647642159453,sell,-0.006086815747892765,-0.4577383138031748
2026-05-26,MSFT,hold,0.37267574971718875,0.31046713168552154,0.37267574971718875,0.3168571185972897,sell,-0.008109086190994702,-0.3535999863663162
2026-05-27,MSFT,hold,0.36477660718133936,0.3153675515273521,0.36477660718133936,0.3198558412913086,buy,0.034112273178170754,-0.5700834016551456
2026-05-28,MSFT,hold,0.3677037239350483,0.31062389608722696,0.3677037239350483,0.3216723799777248,buy,0.05302021631711406,-0.7331350689849943
2026-05-29,MSFT,hold,0.36122836876165554,0.29936019406542713,0.36122836876165554,0.33941143717291733,buy,0.022575505279128875,-0.8555508126811494
2026-06-01,MSFT,hold,0.4060814963360011,0.27662683354471784,0.4060814963360011,0.31729167011928106,sell,-0.04260874311471564,-0.6295303083539382
2026-06-02,MSFT,hold,0.3774123217785468,0.2942471170488669,0.3774123217785468,0.32834056117258625,sell,-0.03216756926061572,-0.7109641544264648
2026-06-03,MSFT,hold,0.3558533483768981,0.3045097315843028,0.3558533483768981,0.3396369200387991,hold,0.0016600214708585974,-0.6203048665863439
2026-06-04,MSFT,hold,0.38972556243645584,0.2932060567571329,0.38972556243645584,0.31706838080641125,sell,-0.02694545757348533,-0.8172405655047367
2026-06-05,MSFT,buy,0.3506204343883039,0.3506204343883039,0.31897893027694985,0.3304006353347463,sell,-0.011902481865196957,1.0321512314317247
2026-06-08,MSFT,buy,0.36095128836021906,0.36095128836021906,0.31683352690927735,0.32221518473050353,sell,-0.020438625838642196,0.2448533135107166
2026-06-09,MSFT,buy,0.36735106942430024,0.36735106942430024,0.30208974233323715,0.3305591882424626,sell,-0.015110828144280814,0.5292928988064687
2026-06-10,MSFT,buy,0.3903073146778155,0.3903073146778155,0.27696483025154756,0.3327278550706369,sell,-0.017824428828516183,1.231427870967441
2026-06-11,MSFT,buy,0.3796917369452583,0.3796917369452583,0.2725493568966204,0.34775890615812133,hold,0.001024178192860307,0.38892349666652537
2026-06-12,MSFT,buy,0.3584890218184781,0.3584890218184781,0.31541928552688403,0.3260916926546379,buy,0.022822067271982282,-0.14226903080188863
2026-06-15,MSFT,hold,0.3687479071238342,0.3303108296348001,0.3687479071238342,0.30094126324136566,sell,-0.01494508985482197,-0.5841077781456654
2026-06-16,MSFT,hold,0.347911594309366,0.33123100530039057,0.347911594309366,0.3208574003902434,sell,-0.038620640437544464,-0.5172162397694944
2026-06-17,MSFT,buy,0.3580885143365424,0.3580885143365424,0.3066641708164359,0.33524731484702186,hold,0.0012923355329048031,0.10008520473567539
2026-06-18,MSFT,buy,0.35958595301256935,0.35958595301256935,0.3044165627655755,0.33599748422185516,sell,-0.03230316380562538,-0.5132070138214024
2026-06-22,MSFT,buy,0.3845582730220027,0.3845582730220027,0.29603907020603587,0.31940265677196145,buy,0.017807471218292778,-0.24294239503010637
2026-06-23,MSFT,buy,0.37128238666024643,0.37128238666024643,0.29824065293121166,0.3304769604085419,sell,-0.022938479444906717,0.42754937949100014
2026-06-24,MSFT,buy,0.392788161910299,0.392788161910299,0.27863069919993827,0.32858113888976265,sell,-0.03517054764995348,0.16539247357650086
2026-06-25,MSFT,buy,0.39636043388559067,0.39636043388559067,0.2555028206194747,0.3481367454949346,buy,0.05551167715699935,0.24171910049593986
2026-06-26,MSFT,buy,0.416858170435088,0.416858170435088,0.2074094501079029,0.3757323794570092,sell,-0.011867310540754926,0.09398580833959788
2026-06-29,MSFT,buy,0.3487010654673653,0.3487010654673653,0.3068311175795921,0.3444678169530426,buy,0.01200133424528148,-0.13828511034194244
2026-06-30,MSFT,hold,0.3559432587271161,0.3241799063898915,0.3559432587271161,0.3198768348829924,buy,0.029739464873233083,-0.5021638605330597
2026-07-01,MSFT,hold,0.3553763696433673,0.31869640007211836,0.3553763696433673,0.32592723028451437,buy,0.01603083427328197,-0.45932414847134273
2026-07-02,MSFT,hold,0.38413027393571186,0.30144579691969736,0.38413027393571186,0.31442392914459083,sell,-0.009649719886582553,-0.5920899169764093
2026-07-06,MSFT,hold,0.39728167805124975,0.294734190223924,0.39728167805124975,0.3079841317248263,hold,0.005415354725410578,-0.7666036067597525
2026-07-07,MSFT,hold,0.4027739810421627,0.2927934763467541,0.4027739810421627,0.30443254261108316,sell,-0.014245595270438406,-0.5943988666300544
2026-07-08,MSFT,hold,0.3825404627322515,0.29196548831548536,0.3825404627322515,0.3254940489522632,hold,0.0026572451051034866,-0.3612110324931924
2026-07-09,MSFT,hold,0.4019338692280049,0.2813896787178124,0.4019338692280049,0.31667645205418266,hold,0.0019234466759783032,-0.6822296100047189
2026-07-10,MSFT,hold,0.40453822932079936,0.29312541019566685,0.40453822932079936,0.30233636048353374,buy,0.015178953575442218,-0.9260670011373038
2026-07-13,MSFT,hold,0.3916339364518931,0.2899902344955277,0.3916339364518931,0.3183758290525792,sell,-0.015620487433093869,-0.28219152949591786
2026-07-14,MSFT,hold,0.37830348362428057,0.30428674600154837,0.37830348362428057,0.317409770374171,buy,0.027417947067890327,-0.4810956701560535
2026-07-15,MSFT,hold,0.39742100149104426,0.2872720627901695,0.39742100149104426,0.31530693571878626,buy,0.013731328503507289,-0.7296376015843158
2026-07-16,MSFT,hold,0.37663280339368693,0.28668079655871437,0.37663280339368693,0.3366864000475987,sell,-0.018316835481835936,-0.4084145264178843
2026-07-17,MSFT,hold,0.35128159931970604,0.30608947047072227,0.35128159931970604,0.34262893020957175,buy,0.021279310768907687,0.20591976461276257
2026-07-20,MSFT,hold,0.3791654904462075,0.2999133551256677,0.3791654904462075,0.32092115442812474,sell,-0.011349616213798706,0.1670023301221471
2026-07-21,MSFT,hold,0.39245500651666154,0.2978577404241947,0.39245500651666154,0.3096872530591438,sell,-0.018805463167719406,-0.3178241083872704
2026-07-22,MSFT,hold,0.37408280355305906,0.3003118261335475,0.37408280355305906,0.3256053703133934,sell,-0.022697680641045857,-0.4421482479365628
2026-07-23,MSFT,sell,0.34027030625175014,0.3224148921971209,0.337314801551129,0.34027030625175014,hold,0.00031453086371062644,0.1777665338631884
2026-07-24,MSFT,hold,0.353349551816443,0.3237473522773364,0.353349551816443,0.3229030959062205,buy,0.019201373487281348,0.13773291672399618
2026-07-27,MSFT,hold,0.3543644026912109,0.3411923095183605,0.3543644026912109,0.3044432877904286,buy,0.010863395254360744,0.16084272357076707
2026-07-28,MSFT,hold,0.34811155970425073,0.34099150809496226,0.34811155970425073,0.310896932200787,hold,-0.007169398750261155,0.017142885299091262
2026-07-29,MSFT,buy,0.3642549392655283,0.3642549392655283,0.3033040500730425,0.33244101066142917,buy,0.14415869002494103,0.7576966159689555
2026-07-30,MSFT,sell,0.37496635619537805,0.32901708321009987,0.29601656059452214,0.37496635619537805,buy,0.029745990485831524,-0.33196410936969134
2026-07-31,MSFT,hold,0.3763598599554994,0.28877992533914965,0.3763598599554994,0.334860214705351,buy,0.048162834615392586,-0.6661653999564779
2026-08-03,MSFT,hold,0.3966369887563775,0.2714181201097307,0.3966369887563775,0.3319448911338919,buy,0.010525820139269188,-0.7002642307042627
2026-08-04,MSFT,hold,0.4041459663811621,0.25680743289894864,0.4041459663811621,0.3390466007198891,sell,-0.010915505876516499,-0.5037750093277213
2026-08-05,MSFT,hold,0.40844306159069094,0.26943596911669654,0.40844306159069094,0.3221209692926124,buy,0.02511977922331943,-0.7107861271143682
2026-08-06,MSFT,hold,0.41683777113927034,0.2719876895496952,0.41683777113927034,0.3111745393110344,hold,0.00026004905973253683,-0.9084917687441293
2026-08-07,MSFT,hold,0.4286770176859788,0.274419482319527,0.4286770176859788,0.2969034999944941,buy,0.012067200396210767,-0.9810103055730187
2026-08-10,MSFT,hold,0.4151950447768795,0.2822091083790173,0.4151950447768795,0.3025958468441031,hold,-0.004456058771781653,-0.8117022775635087
2026-08-11,MSFT,hold,0.42483368267499944,0.2735795021750696,0.42483368267499944,0.301586815149931,sell,-0.022846884269697852,-0.8644474255499709
2026-08-12,MSFT,hold,0.42119845804875916,0.2779934173560186,0.42119845804875916,0.30080812459522227,buy,0.008996253683875972,-1.0853975365619515
2026-08-13,MSFT,hold,0.4372206434750953,0.26651194511906623,0.4372206434750953,0.29626741140583834,hold,-0.002983061031221489,-1.0615011231532923
2026-08-14,MSFT,hold,0.43461351955320143,0.2703968263393946,0.43461351955320143,0.29498965410740385,sell,-0.030850463908354116,-1.1751596018914214
2026-08-17,MSFT,hold,0.40088425148067736,0.2925921746001612,0.40088425148067736,0.3065235739191616,hold,0.0026611648721125585,-0.8904960150228793
2026-08-18,MSFT,hold,0.39638641086901266,0.28710012952789427,0.39638641086901266,0.3165134596030931,hold,0.005548998427629278,-0.6950915316193057
2026-08-19,MSFT,hold,0.414681660026965,0.28425302772305305,0.414681660026965,0.30106531224998206,hold,-0.004665396526016778,-0.9817503260975441
2026-08-20,MSFT,hold,0.3946778269794773,0.28205792864190377,0.3946778269794773,0.32326424437861895,hold,0.004334345325575278,-0.6427950661457017
2026-08-21,MSFT,hold,0.40395506383204116,0.29437605989219434,0.40395506383204116,0.3016688762757645,buy,0.00838706142570108,-0.9067531993448023
2026-08-24,MSFT,hold,0.4045275696183091,0.29713873791832063,0.4045275696183091,0.29833369246337027,buy,0.008988628568926814,-0.6919370891538119
2026-08-25,MSFT,hold,0.4256335697448634,0.2797576621118109,0.4256335697448634,0.29460876814332576,buy,0.009432512096829729,-0.8146889843968194
2026-08-26,MSFT,hold,0.4246014864415233,0.27400430049744984,0.4246014864415233,0.3013942130610268,buy,0.017355622730905317,-0.888891031212466
2026-08-27,MSFT,hold,0.42142785815720796,0.2800708260883029,0.42142785815720796,0.29850131575448907,buy,0.016631278037042205,-1.1006941327478228
2026-08-28,MSFT,hold,0.42299575229067893,0.2896637103685579,0.42299575229067893,0.2873405373407632,sell,-0.012225658281366231,-1.1249908770942423
2026-08-31,MSFT,hold,0.41632065662566564,0.29494701310535787,0.41632065662566564,0.2887323302689765,sell,-0.012436850500924182,-0.9751710913160972
2026-09-01,MSFT,hold,0.3949527554184432,0.30428475348021305,0.3949527554184432,0.3007624911013437,sell,-0.008418196319730818,-0.5428846535023673
2026-09-02,MSFT,hold,0.41466072368684653,0.296400904979735,0.41466072368684653,0.28893837133341854,buy,0.026418180386706357,-0.8865374095666877
2026-09-03,MSFT,hold,0.40920199249030276,0.3073306233316674,0.40920199249030276,0.28346738417802986,sell,-0.02063803980793035,-1.1507504748367114
2026-09-04,MSFT,hold,0.41884835235442747,0.2986537000991723,0.41884835235442747,0.28249794754640023,sell,-0.011573620575305154,-1.0855457484302957
2026-09-08,MSFT,hold,0.3955475754339835,0.29869972329226485,0.3955475754339835,0.3057527012737516,hold,-0.0046672533917593295,-0.7272075866219389
2026-09-09,MSFT,hold,0.3982024067123903,0.300861731846729,0.3982024067123903,0.3009358614408807,hold,0.0016055619253740484,-0.5049183483477678
2026-09-10,MSFT,hold,0.37569312772900015,0.31169369999900565,0.37569312772900015,0.3126131722719942,hold,0.006457059725150248,-0.09062407154830421
2026-09-11,MSFT,hold,0.39424883075651274,0.320293494364537,0.39424883075651274,0.2854576748789503,buy,0.019540297849702796,-0.7001707414604008
2026-09-14,MSFT,hold,0.3824061686896374,0.3192319857123952,0.3824061686896374,0.29836184559796747,sell,-0.016538552489505042,-0.3190332779477186
2026-09-15,MSFT,hold,0.37494896651240894,0.32143902242000516,0.37494896651240894,0.30361201106758595,sell,-0.013814012062414609,-0.2897359775219323
2026-09-16,MSFT,hold,0.3650610086510692,0.31572287262819704,0.3650610086510692,0.3192161187207338,buy,0.015080519184184037,-0.1370028863994617
2026-09-17,MSFT,hold,0.3845803994796517,0.3186557692300636,0.3845803994796517,0.2967638312902847,sell,-0.008007871553246362,-0.8283770493209659
2026-09-18,MSFT,hold,0.3498597007703821,0.33686453319134796,0.3498597007703821,0.31327576603827,buy,0.015732824730232506,-1.0188488529092832
2026-09-21,MSFT,hold,0.4022119424778167,0.30323344668551694,0.4022119424778167,0.29455461083666645,hold,-0.0072228190966389695,-0.997883196414356
2026-09-22,MSFT,hold,0.4007100892804113,0.30398110059760347,0.4007100892804113,0.29530881012198507,hold,0.0051873184291455834,-1.192777704153892
2026-09-23,MSFT,hold,0.3746531744228442,0.31127325443639153,0.3746531744228442,0.3140735711407643,hold,-0.005327905267274543,-0.8964688565664073
2026-09-24,MSFT,hold,0.38823457435313824,0.30070410830877026,0.38823457435313824,0.3110613173380915,buy,0.035976645291274645,-0.746086561348431
2026-09-25,MSFT,hold,0.3701964730484117,0.316545557671992,0.3701964730484117,0.3132579692795962,sell,-0.013555989870956294,-0.9874362647501919
2026-09-28,MSFT,hold,0.38284499308992154,0.3043612481204222,0.38284499308992154,0.3127937587896563,hold,-0.0005107343949936996,-0.6240476426414561
2026-09-29,MSFT,hold,0.37719530473091756,0.30345845603889604,0.37719530473091756,0.3193462392301864,,,-0.6327319695499479
2026-01-02,GOOGL,hold,0.3500317340621733,0.3224079908135185,0.3500317340621733,0.3275602751243082,hold,0.004400988175636197,-0.8340208452627474
2026-01-05,GOOGL,hold,0.39012466409463326,0.2975749486715404,0.39012466409463326,0.31230038723382636,sell,-0.006974448289416449,-0.7579799382312812
2026-01-06,GOOGL,hold,0.36791854869958035,0.3094028668323454,0.36791854869958035,0.32267858446807435,buy,0.024014374668315144,-0.7829297773054127
2026-01-07,GOOGL,hold,0.3712628934966581,0.29757041307112186,0.3712628934966581,0.33116669343222016,hold,0.010688570801743158,-0.6637146936062013
2026-01-08,GOOGL,hold,0.3785321458993045,0.2878538537396309,0.3785321458993045,0.33361400036106464,hold,0.00957181869694715,-0.6499490046057679
2026-01-09,GOOGL,hold,0.3994328846774727,0.2878195181408756,0.3994328846774727,0.31274759718165174,hold,0.009963249616652221,-0.8267668142609035
2026-01-12,GOOGL,hold,0.3925736016025746,0.2827584210668485,0.3925736016025746,0.3246679773305769,buy,0.012308585342491232,-0.7060004596085142
2026-01-13,GOOGL,hold,0.38047724949406175,0.28957281979210076,0.38047724949406175,0.32994993071383755,hold,-0.0003869623680280775,-0.5418264478935297
2026-01-14,GOOGL,hold,0.3757584050290698,0.2798250788248264,0.3757584050290698,0.3444165161461038,sell,-0.009153208056931915,-0.3956201967968232
2026-01-15,GOOGL,hold,0.38594517244026166,0.28437036967118284,0.38594517244026166,0.3296844578885555,sell,-0.00838893985418292,-0.5635793346401035
2026-01-16,GOOGL,hold,0.35949845442476475,0.3019045216482881,0.35949845442476475,0.3385970239269471,sell,-0.024541103736511385,-0.5595844291047153
2026-01-20,GOOGL,sell,0.35057978489172303,0.33598485792191807,0.31343535718635884,0.35057978489172303,buy,0.01961993283587871,0.2296070830015497
2026-01-21,GOOGL,sell,0.33715713464495356,0.33089103978850004,0.3319518255665463,0.33715713464495356,hold,0.006556163278760902,-0.3684193098148242
2026-01-22,GOOGL,hold,0.37548153566254533,0.30884455056566057,0.37548153566254533,0.31567391377179405,sell,-0.007927562546222634,-0.6049893999479897
2026-01-23,GOOGL,hold,0.3680163543645454,0.31240086420628316,0.3680163543645454,0.31958278142917135,buy,0.01612285569403006,-0.5216641520270681
2026-01-26,GOOGL,hold,0.37405922551119786,0.30939441396543577,0.37405922551119786,0.31654636052336627,hold,0.0038633195782322182,-0.5115260679511959
2026-01-27,GOOGL,hold,0.38625658490246895,0.30185171550456585,0.38625658490246895,0.3118916995929653,hold,0.0043546314001811914,-0.4754677310507676
2026-01-28,GOOGL,hold,0.3668731229288428,0.2998861871639455,0.3668731229288428,0.3332406899072118,hold,0.0066443625264028545,-0.4741326191207244
2026-01-29,GOOGL,sell,0.36253687681085184,0.30730773163319025,0.33015539155595786,0.36253687681085184,hold,-0.0007393629426767015,-0.37512632854026956
2026-01-30,GOOGL,hold,0.3589346426911259,0.3008059259500911,0.3589346426911259,0.340259431358783,buy,0.016694109924644474,-0.2707899526419606
2026-02-02,GOOGL,hold,0.38003370684003274,0.30548239493319884,0.38003370684003274,0.3144838982267683,sell,-0.011647737276620645,-0.47766010046642654
2026-02-03,GOOGL,hold,0.35145052457550985,0.3172309075329658,0.35145052457550985,0.33131856789152436,sell,-0.019829597944776192,-0.16734739142728539
2026-02-04,GOOGL,sell,0.36759684673105153,0.34389019532124737,0.28851295794770104,0.36759684673105153,hold,-0.005389239699639018,-0.047204904246303664
2026-02-05,GOOGL,sell,0.3860217856319941,0.3747158170540199,0.23926239731398602,0.3860217856319941,sell,-0.02565470042605435,0.5368412337657592
2026-02-06,GOOGL,sell,0.3695416721910079,0.3523985874736961,0.2780597403352959,0.3695416721910079,hold,0.004511947086723796,0.2708182495422911
2026-02-09,GOOGL,buy,0.3464356856905425,0.3464356856905425,0.31928720039730746,0.33427711391215004,sell,-0.017857143451186806,-0.29597411329588424
2026-02-10,GOOGL,sell,0.34343615850629655,0.33276415582194824,0.3237996856717552,0.34343615850629655,sell,-0.024209396614954797,-0.21617597830527788
2026-02-11,GOOGL,sell,0.34580218264342544,0.3433507566962105,0.310847060660364,0.34580218264342544,hold,-0.006322853449819085,-0.244002932425073
2026-02-12,GOOGL,buy,0.3628161535815917,0.3628161535815917,0.28145220916376956,0.3557316372546388,sell,-0.010671689277544104,0.34871596466067484
2026-02-13,GOOGL,buy,0.35904479065897904,0.35904479065897904,0.29437989681637017,0.3465753125246507,sell,-0.012176490478434065,0.3039574005061612
2026-02-17,GOOGL,buy,0.35888113056687787,0.35888113056687787,0.29167512175252813,0.349443747680594,hold,0.004328209029463858,0.24196105128461382
2026-02-18,GOOGL,sell,0.340594629020088,0.3389609277222069,0.3204444432577051,0.340594629020088,hold,-0.0015836779395090254,0.11224252176736896
2026-02-19,GOOGL,sell,0.34641390953115925,0.34230088474666515,0.31128520572217555,0.34641390953115925,buy,0.03927159382350641,0.22385406869502725
2026-02-20,GOOGL,sell,0.35626647689586033,0.3370979609562288,0.3066355621479108,0.35626647689586033,sell,-0.011142076486300952,0.005759938613991308
2026-02-23,GOOGL,sell,0.34141167549248397,0.33507803424959487,0.3235102902579211,0.34141167549248397,hold,-0.0018958605235937177,0.36482666404245373
2026-02-24,GOOGL,sell,0.35149312160493607,0.329492758146019,0.31901412024904496,0.35149312160493607,hold,0.006412356901013146,0.0877336382726306
2026-02-25,GOOGL,sell,0.3442109685839111,0.31872013730460014,0.3370688941114889,0.3442109685839111,sell,-0.017798964430822954,-0.2178168123512918
2026-02-26,GOOGL,sell,0.36292384546303436,0.3268135984909287,0.310262556046037,0.36292384546303436,buy,0.014148974297458454,-0.0848513092930791
2026-02-27,GOOGL,sell,0.35503105175987854,0.3294771002362313,0.3154918480038902,0.35503105175987854,sell,-0.016950658972723086,0.14715509019972628
2026-03-02,GOOGL,sell,0.3565016089835009,0.33957969620605954,0.3039186948104394,0.3565016089835009,sell,-0.009637951565873182,0.445631061795098
2026-03-03,GOOGL,sell,0.3629782374153177,0.34084555909499764,0.29617620348968454,0.3629782374153177,hold,-0.0014832120831766921,0.8441958394327167
2026-03-04,GOOGL,sell,0.3537468768491095,0.3400043132721218,0.3062488098787686,0.3537468768491095,sell,-0.007450256001096646,0.38878062005106356
2026-03-05,GOOGL,sell,0.3721692564942644,0.3351264589922945,0.29270428451344116,0.3721692564942644,sell,-0.007874648909053036,0.8796696068190771
2026-03-06,GOOGL,sell,0.36365643014873106,0.36111806828092347,0.2752255015703455,0.36365643014873106,buy,0.026627506681741832,1.9445163771562122
2026-03-09,GOOGL,sell,0.36155863098112945,0.34578469439217424,0.29265667462669637,0.36155863098112945,hold,0.0022172874143898697,1.1950053083109693
2026-03-10,GOOGL,sell,0.344915040123116,0.3445108511123492,0.31057410876453473,0.344915040123116,hold,0.0053919497321250846,1.085797078106795
2026-03-11,GOOGL,sell,0.353081152971998,0.3345307887789492,0.3123880582490528,0.353081152971998,sell,-0.01682377745917204,0.9607876485980706
2026-03-12,GOOGL,sell,0.3597717416814565,0.3499783964020784,0.29024986191646507,0.3597717416814565,hold,-0.004192520873699692,1.5349236973019835
2026-03-13,GOOGL,buy,0.3538296529389256,0.3538296529389256,0.29389680210899394,0.3522735449520804,buy,0.010792430747487834,1.509800839002838
2026-03-16,GOOGL,buy,0.3430271441859002,0.3430271441859002,0.3165649368064194,0.34040791900768036,buy,0.017389497923292044,0.8219217785723462
2026-03-17,GOOGL,hold,0.34035090693112086,0.32732255432343255,0.34035090693112086,0.3323265387454466,sell,-0.010442910386935345,0.6075940870711809
2026-03-18,GOOGL,sell,0.34552561143448357,0.33908876971971413,0.3153856188458023,0.34552561143448357,hold,-0.0018216376105065345,1.1114100250239425
2026-03-19,GOOGL,sell,0.3603935288390577,0.33469574466796376,0.30491072649297846,0.3603935288390577,sell,-0.020160848541076363,0.9159278539824394
2026-03-20,GOOGL,buy,0.3729895671838022,0.3729895671838022,0.2622304048031439,0.3647800280130539,hold,0.003515504881513392,1.4132187277841852
2026-03-23,GOOGL,sell,0.3691837023167498,0.35890982360252927,0.27190647408072094,0.3691837023167498,sell,-0.039228716713659906,1.2870807774105806
2026-03-24,GOOGL,buy,0.3747815685225276,0.3747815685225276,0.2626257333147944,0.36259269816267803,hold,0.0016856289858513014,1.4239617243999787
2026-03-25,GOOGL,sell,0.3661940299470601,0.3657355638826032,0.26807040617033673,0.3661940299470601,sell,-0.03501272537442322,1.1164963151717564
2026-03-26,GOOGL,buy,0.4005196973895041,0.4005196973895041,0.2524375351973655,0.34704276741313045,sell,-0.023701683652012126,1.4914996582752362
2026-03-27,GOOGL,buy,0.41771283682503896,0.41771283682503896,0.23272669180424987,0.3495604713707112,hold,-0.0030665890298950853,2.1252631351210445
2026-03-30,GOOGL,buy,0.4070187712611234,0.4070187712611234,0.23397261221037827,0.35900861652849825,buy,0.05012988031808037,2.0200316215761718
2026-03-31,GOOGL,sell,0.39605347649454087,0.3572910269019173,0.2466554966035419,0.39605347649454087,buy,0.0336129391971728,1.0488704614896542
2026-04-01,GOOGL,buy,0.36129630706020527,0.36129630706020527,0.2780493641841996,0.36065432875559517,hold,-0.005462345830387325,0.9183900622306931
2026-04-02,GOOGL,sell,0.35402477951326183,0.3455231199336598,0.30045210055307836,0.35402477951326183,buy,0.014166950236567064,0.7957038987728274
2026-04-06,GOOGL,sell,0.3396514527513522,0.3324385748550798,0.32790997239356784,0.3396514527513522,buy,0.018069708079004185,0.8467135091360393
2026-04-07,GOOGL,sell,0.3559489073094355,0.33884803450325074,0.30520305818731375,0.3559489073094355,buy,0.038091989569671574,1.1438693440312817
2026-04-08,GOOGL,hold,0.3395311029070371,0.32512036840760067,0.3395311029070371,0.33534852868536225,hold,0.0036802469018372436,0.32107000365162275
2026-04-09,GOOGL,hold,0.3489016517599441,0.31218550188679595,0.3489016517599441,0.33891284635325997,hold,-0.003932467909447651,0.05222710482895876
2026-04-10,GOOGL,hold,0.3642693598048784,0.3149735062022665,0.3642693598048784,0.32075713399285505,buy,0.012747849058081889,0.029202343179279007
2026-04-13,GOOGL,hold,0.38183096309741166,0.3010112421416869,0.38183096309741166,0.31715779476090156,buy,0.03546580500301855,0.01803661349151922
2026-04-14,GOOGL,hold,0.3876762657371786,0.289870574023823,0.3876762657371786,0.3224531602389984,buy,0.012566733338831097,-0.13947832673449478
2026-04-15,GOOGL,hold,0.3955385774111844,0.2766963387054831,0.3955385774111844,0.32776508388333253,hold,-0.0032683459867329017,-0.17295924217371522
2026-04-16,GOOGL,hold,0.39380536534741906,0.2804547425852375,0.39380536534741906,0.3257398920673435,buy,0.016704026368805667,-0.22069953495404562
2026-04-17,GOOGL,hold,0.4165759516160602,0.2662380950182502,0.4165759516160602,0.3171859533656898,sell,-0.01254611469987265,-0.3283949533595759
2026-04-20,GOOGL,hold,0.39163371820630133,0.2845119552521809,0.39163371820630133,0.32385432654151775,sell,-0.015320401469717493,0.03966480927007472
2026-04-21,GOOGL,hold,0.35962120604066206,0.3097768138750243,0.35962120604066206,0.33060198008431363,buy,0.020935564970531447,0.21791181782624924
2026-04-22,GOOGL,hold,0.3957479476883179,0.28055168136400516,0.3957479476883179,0.32370037094767706,hold,-0.0012680634602705817,0.08260839459320009
2026-04-23,GOOGL,hold,0.37127180676550664,0.29159057273331646,0.37127180676550664,0.33713762050117696,buy,0.016128113151449356,0.20612221044806892
2026-04-24,GOOGL,hold,0.38660690115540036,0.2779509951948679,0.38660690115540036,0.3354421036497318,buy,0.01710035958888294,0.04973570637917398
2026-04-27,GOOGL,hold,0.3856599781491571,0.2800997569356699,0.3856599781491571,0.334240264915173,hold,-0.001599695956430359,-0.1383307867416386
2026-04-28,GOOGL,hold,0.3742157163736932,0.2885800607085827,0.3742157163736932,0.33720422291772406,hold,0.0004573795411521012,-0.18614556409297
2026-04-29,GOOGL,sell,0.35505680093565817,0.30067058910968264,0.3442726099546592,0.35505680093565817,buy,0.09496190214211755,0.10529857365350428
2026-04-30,GOOGL,sell,0.3877661746122408,0.27538751070520634,0.3368463146825528,0.3877661746122408,hold,0.002310346977955309,-0.4479759288917811
2026-05-01,GOOGL,hold,0.4043645147719737,0.2572655711434939,0.4043645147719737,0.3383699140845323,sell,-0.006346510391666609,-0.41239039984700754
2026-05-04,GOOGL,hold,0.3846125380210431,0.2723888801769637,0.3846125380210431,0.34299858180199316,buy,0.013425459980288311,-0.021973536041431797
2026-05-05,GOOGL,hold,0.3997348566218352,0.273045452789423,0.3997348566218352,0.3272196905887418,buy,0.024439580081050565,-0.2866723900436747
2026-05-06,GOOGL,hold,0.40705761241539146,0.25876477487712335,0.40705761241539146,0.3341776127074852,hold,-0.00012567175774091726,-0.27765403864015503
2026-05-07,GOOGL,hold,0.39402337205837096,0.2689281698752004,0.39402337205837096,0.33704845806642864,hold,0.0070356703093336255,-0.36388353574671634
2026-05-08,GOOGL,hold,0.4222464191565921,0.25981813121852393,0.4222464191565921,0.317935449624884,sell,-0.030809067474302225,-0.32470542669529284
2026-05-11,GOOGL,hold,0.3679932285290644,0.2941113156222399,0.3679932285290644,0.33789545584869574,hold,-0.0033247605513816608,0.04063189818879537
2026-05-12,GOOGL,hold,0.36713991396013396,0.29267550774621576,0.36713991396013396,0.3401845782936504,buy,0.038664476971202275,-0.07329628124845196
2026-05-13,GOOGL,hold,0.3826875729170549,0.27629656388752816,0.3826875729170549,0.34101586319541694,hold,-0.003857177245217112,-0.10920489523411767
2026-05-14,GOOGL,hold,0.39810439622841964,0.2723179444461024,0.39810439622841964,0.329577659325478,sell,-0.010754038324889855,-0.29373257345475673
2026-05-15,GOOGL,hold,0.364445165620896,0.2904439595247145,0.364445165620896,0.3451108748543894,hold,0.0004032122294838275,0.06268868115306028
2026-05-18,GOOGL,hold,0.34950349756895477,0.3160169407010778,0.34950349756895477,0.3344795617299674,sell,-0.023656522949093543,-0.1230092500374077
2026-05-19,GOOGL,sell,0.3482311738223767,0.3091310978554012,0.342637728322222,0.3482311738223767,hold,0.0032193462264388344,-0.050942720285505984
2026-05-20,GOOGL,sell,0.3522465758347323,0.3029294520046392,0.3448239721606285,0.3522465758347323,hold,-0.00321934622643882,-0.23885672174366268
2026-05-21,GOOGL,hold,0.35171000330412805,0.30776382855444623,0.35171000330412805,0.3405261681414258,sell,-0.012171968218410776,-0.4441095891108319
2026-05-22,GOOGL,hold,0.3719475963257203,0.3001531284574731,0.3719475963257203,0.3278992752168065,buy,0.015314080252314998,-0.4577383138031748
2026-05-26,GOOGL,hold,0.37777077186571195,0.29239218615646223,0.37777077186571195,0.3298370419778257,hold,-0.0001286321341581413,-0.3535999863663162
2026-05-27,GOOGL,hold,0.3639912655175739,0.30487943417632685,0.3639912655175739,0.3311293003060992,hold,0.0033378948784350336,-0.5700834016551456
2026-05-28,GOOGL,hold,0.3789846117117873,0.2886378517338937,0.3789846117117873,0.33237753655431895,sell,-0.02541448506489544,-0.7331350689849943
2026-05-29,GOOGL,hold,0.34723854856204645,0.3136634951720703,0.34723854856204645,0.33909795626588324,sell,-0.010492823692305853,-0.8555508126811494
2026-06-01,GOOGL,hold,0.35960270168393904,0.31367720480821193,0.35960270168393904,0.326720093507849,sell,-0.03934294885093332,-0.6295303083539382
2026-06-02,GOOGL,buy,0.35943252492483513,0.35943252492483513,0.30022438277426183,0.340343092300903,sell,-0.007935281616881736,-0.7109641544264648
2026-06-03,GOOGL,buy,0.3608276603871315,0.3608276603871315,0.2977941607977663,0.34137817881510213,buy,0.036110049957021294,-0.6203048665863439
2026-06-04,GOOGL,hold,0.3447261886044301,0.32153511703536125,0.3447261886044301,0.3337386943602087,sell,-0.009882414868670914,-0.8172405655047367
2026-06-05,GOOGL,buy,0.3569383483327364,0.3569383483327364,0.2952956917123374,0.3477659599549262,sell,-0.013668530599882985,1.0321512314317247
2026-06-08,GOOGL,buy,0.3496679537649777,0.3496679537649777,0.3214977888032137,0.32883425743180855,hold,0.0026114672542867307,0.2448533135107166
2026-06-09,GOOGL,buy,0.3532320667996188,0.3532320667996188,0.30421081564196345,0.3425571175584178,sell,-0.021870322143806402,0.5292928988064687
2026-06-10,GOOGL,buy,0.38036253778091045,0.38036253778091045,0.28218862412836826,0.33744883809072124,hold,0.0038926366279253954,1.231427870967441
2026-06-11,GOOGL,sell,0.3610293173079813,0.35040897515427577,0.28856170753774285,0.3610293173079813,hold,0.005324453201705333,0.38892349666652537
2026-06-12,GOOGL,buy,0.3493280904437976,0.3493280904437976,0.3329434398655749,0.31772846969062757,buy,0.02653003879692126,-0.14226903080188863
2026-06-15,GOOGL,hold,0.38161722237986934,0.32320961213226057,0.38161722237986934,0.2951731654878701,buy,0.01050372297504738,-0.5841077781456654
2026-06-16,GOOGL,hold,0.3707034283315866,0.3129187365805818,0.3707034283315866,0.3163778350878315,sell,-0.025671644062845143,-0.5172162397694944
2026-06-17,GOOGL,hold,0.33714580804721994,0.3274643374005035,0.33714580804721994,0.33538985455227643,buy,0.011587588868040379,0.10008520473567539
2026-06-18,GOOGL,sell,0.34005378824159166,0.32610483019826464,0.3338413815601437,0.34005378824159166,sell,-0.05114595956462009,-0.5132070138214024
2026-06-22,GOOGL,sell,0.36147282501937966,0.34613166568593107,0.29239550929468927,0.36147282501937966,sell,-0.010204051944260667,-0.24294239503010637
2026-06-23,GOOGL,sell,0.35191954176580537,0.3478270776523687,0.30025338058182593,0.35191954176580537,hold,-0.0024297446042317056,0.42754937949100014
2026-06-24,GOOGL,buy,0.3645275776819216,0.3645275776819216,0.2866726631133932,0.34879975920468514,hold,-0.004586437585355832,0.16539247357650086
2026-06-25,GOOGL,sell,0.3593417506150418,0.3522452053049262,0.28841304408003204,0.3593417506150418,sell,-0.018558682090145166,0.24171910049593986
2026-06-26,GOOGL,buy,0.4186745918779193,0.4186745918779193,0.21209418031872118,0.3692312278033596,buy,0.04706815483174713,0.09398580833959788
2026-06-29,GOOGL,sell,0.3354487964938513,0.32923344455187176,0.33531775895427696,0.3354487964938513,buy,0.01046396560322637,-0.13828511034194244
2026-06-30,GOOGL,hold,0.348745903377941,0.32532092522857653,0.348745903377941,0.32593317139348255,buy,0.010687822231110682,-0.5021638605330597
2026-07-01,GOOGL,hold,0.3632813667214946,0.3087789628050774,0.3632813667214946,0.32793967047342815,hold,-0.0036055034296413025,-0.45932414847134273
2026-07-02,GOOGL,hold,0.3463748454128932,0.3182135632269579,0.3463748454128932,0.33541159136014886,buy,0.018035330775061996,-0.5920899169764093
2026-07-06,GOOGL,hold,0.3882180668075258,0.29980773036796415,0.3882180668075258,0.31197420282451016,hold,0.0015542336127331434,-0.7666036067597525
2026-07-07,GOOGL,hold,0.377279900992988,0.3099191361544726,0.377279900992988,0.3128009628525395,sell,-0.014020318562469975,-0.5943988666300544
2026-07-08,GOOGL,hold,0.3598027033801041,0.3094277815607893,0.3598027033801041,0.33076951505910657,sell,-0.008407235471836066,-0.3612110324931924
2026-07-09,GOOGL,hold,0.37658787456020515,0.2970153567777601,0.37658787456020515,0.32639676866203493,hold,-0.00477613917541858,-0.6822296100047189
2026-07-10,GOOGL,hold,0.38679181748344194,0.2993913220535673,0.38679181748344194,0.31381686046299073,sell,-0.013160843077121025,-0.9260670011373038
2026-07-13,GOOGL,hold,0.3703346566410044,0.3124298050787511,0.3703346566410044,0.3172355382802446,buy,0.019663031165405288,-0.28219152949591786
2026-07-14,GOOGL,hold,0.38623576837022633,0.30617667028607254,0.38623576837022633,0.30758756134370124,buy,0.031244434858472035,-0.4810956701560535
2026-07-15,GOOGL,hold,0.38115650116458405,0.3011893018797596,0.38115650116458405,0.31765419695565644,sell,-0.045390999952137016,-0.7296376015843158
2026-07-16,GOOGL,sell,0.34166191354534864,0.3219917827611218,0.3363463036935295,0.34166191354534864,sell,-0.021933764449114237,-0.4084145264178843
2026-07-17,GOOGL,sell,0.36907394379546554,0.31415080238880266,0.31677525381573174,0.36907394379546554,buy,0.014941023081709581,0.20591976461276257
2026-07-20,GOOGL,buy,0.34327422262573287,0.34327422262573287,0.3260626517071273,0.3306631256671398,sell,-0.013845781884526084,0.1670023301221471
2026-07-21,GOOGL,hold,0.3678605315267405,0.3185758380174773,0.3678605315267405,0.3135636304557822,sell,-0.01468314111422393,-0.3178241083872704
2026-07-22,GOOGL,sell,0.33468854375059803,0.33267480449741776,0.3326366517519843,0.33468854375059803,sell,-0.0739977409020535,-0.4421482479365628
2026-07-23,GOOGL,buy,0.379363310329787,0.379363310329787,0.2429634596198388,0.3776732300503742,hold,0.006432077074185914,0.1777665338631884
2026-07-24,GOOGL,buy,0.3589894665808124,0.3589894665808124,0.3011337380844663,0.33987679533472126,buy,0.021105514503071802,0.13773291672399618
2026-07-27,GOOGL,buy,0.3543465229385518,0.3543465229385518,0.31972054414416673,0.3259329329172814,buy,0.021658681405787927,0.16084272357076707
2026-07-28,GOOGL,sell,0.3370112761383985,0.3364422111489856,0.326546512712616,0.3370112761383985,hold,0.008949686757803704,0.017142885299091262
2026-07-29,GOOGL,buy,0.34498246852401043,0.34498246852401043,0.31202146132764574,0.3429960701483439,sell,-0.00909949686667879,0.7576966159689555
2026-07-30,GOOGL,buy,0.33725361357283884,0.33725361357283884,0.33410387345777465,0.32864251296938646,buy,0.06517332135002153,-0.33196410936969134
2026-07-31,GOOGL,hold,0.34288354246894065,0.32254687778061797,0.34288354246894065,0.3345695797504415,buy,0.04764894319943435,-0.6661653999564779
2026-08-03,GOOGL,hold,0.38470072970383457,0.3022568470521697,0.38470072970383457,0.31304242324399567,buy,0.011023031989775642,-0.7002642307042627
2026-08-04,GOOGL,hold,0.39255662315613893,0.2800156783771549,0.39255662315613893,0.3274276984667063,sell,-0.04113652290291828,-0.5037750093277213
2026-08-05,GOOGL,hold,0.3447281547002536,0.31393689051554136,0.3447281547002536,0.34133495478420506,sell,-0.012996871889910474,-0.7107861271143682
2026-08-06,GOOGL,hold,0.36994325994427757,0.3019101817106038,0.36994325994427757,0.3281465583451185,sell,-0.009690494164753215,-0.9084917687441293
2026-08-07,GOOGL,hold,0.39218613695545,0.3028090963532687,0.39218613695545,0.30500476669128135,hold,0.009047363177486133,-0.9810103055730187
2026-08-10,GOOGL,hold,0.39563868824660237,0.294581633711012,0.39563868824660237,0.30977967804238565,sell,-0.03913128533417731,-0.8117022775635087
2026-08-11,GOOGL,hold,0.36994535242773763,0.31913874049954033,0.36994535242773763,0.31091590707272193,hold,-0.000756432477468288,-0.8644474255499709
2026-08-12,GOOGL,hold,0.3866933546149325,0.3021204331850227,0.3866933546149325,0.3111862122000449,hold,0.008175107615658424,-1.0853975365619515
2026-08-13,GOOGL,hold,0.4027571822707307,0.28925330408632577,0.4027571822707307,0.30798951364294347,hold,-0.001329016167983482,-1.0615011231532923
2026-08-14,GOOGL,hold,0.3894438408172903,0.30124346706883864,0.3894438408172903,0.309312692113871,hold,-0.005508040374125164,-1.1751596018914214
2026-08-17,GOOGL,hold,0.3885600807661442,0.2984117950488615,0.3885600807661442,0.3130281241849943,hold,0.0005812805125164137,-0.8904960150228793
2026-08-18,GOOGL,hold,0.3788510488006096,0.303031707182594,0.3788510488006096,0.3181172440167964,hold,0.0015095727473440537,-0.6950915316193057
2026-08-19,GOOGL,hold,0.3861366053398151,0.29866357368229257,0.3861366053398151,0.3151998209778923,sell,-0.011818212885360774,-0.9817503260975441
2026-08-20,GOOGL,hold,0.36719996120845005,0.3071012829052005,0.36719996120845005,0.32569875588634944,buy,0.012108288326051988,-0.6427950661457017
2026-08-21,GOOGL,hold,0.3837259912773463,0.31170524925575577,0.3837259912773463,0.30456875946689804,hold,0.00935232602765167,-0.9067531993448023
2026-08-24,GOOGL,hold,0.3663454445356414,0.32210317615605855,0.3663454445356414,0.3115513793083002,hold,-0.00316541026157552,-0.6919370891538119
2026-08-25,GOOGL,hold,0.4019438402192763,0.30157958592989464,0.4019438402192763,0.29647657385082915,sell,-0.014398773602599462,-0.8146889843968194
2026-08-26,GOOGL,hold,0.38678967100144773,0.30256508490197803,0.38678967100144773,0.31064524409657424,hold,-0.003955145518750809,-0.888891031212466
2026-08-27,GOOGL,hold,0.38585070331656235,0.30347872601329656,0.38585070331656235,0.3106705706701411,buy,0.01728697751065173,-1.1006941327478228
2026-08-28,GOOGL,hold,0.3819559477295274,0.3196114912568159,0.3819559477295274,0.29843256101365656,sell,-0.021110508265309195,-1.1249908770942423
2026-08-31,GOOGL,hold,0.35593575705195685,0.3334935923446907,0.35593575705195685,0.3105706506033523,sell,-0.01284185541007983,-0.9751710913160972
2026-09-01,GOOGL,hold,0.3558053687786111,0.3293865728996442,0.3558053687786111,0.31480805832174474,hold,0.006248755313591716,-0.5428846535023673
2026-09-02,GOOGL,hold,0.3631888846858245,0.3365159905072786,0.3631888846858245,0.30029512480689685,buy,0.01577434250397996,-0.8865374095666877
2026-09-03,GOOGL,hold,0.39320823866802385,0.3229975139131957,0.39320823866802385,0.28379424741878045,sell,-0.01116481894860817,-1.1507504748367114
2026-09-04,GOOGL,hold,0.3789194258428466,0.32123953839200375,0.3789194258428466,0.29984103576514964,hold,-0.0002955175901138548,-1.0855457484302957
2026-09-08,GOOGL,hold,0.3680743519405142,0.32215886365610735,0.3680743519405142,0.3097667844033785,sell,-0.023049978481822397,-0.7272075866219389
2026-09-09,GOOGL,buy,0.3358371417530671,0.3358371417530671,0.3306161459216708,0.333546712325262,hold,0.005880189448217826,-0.5049183483477678
2026-09-10,GOOGL,hold,0.3479741616095853,0.3302758582098824,0.3479741616095853,0.32174998018053236,buy,0.01758350724258357,-0.09062407154830421
2026-09-11,GOOGL,hold,0.357275676448485,0.3501118335973333,0.357275676448485,0.2926124899541817,buy,0.031664726371528305,-0.7001707414604008
2026-09-14,GOOGL,hold,0.3649165263384177,0.32979208995187637,0.3649165263384177,0.3052913837097059,sell,-0.012702342541100076,-0.3190332779477186
2026-09-15,GOOGL,hold,0.37216664977521835,0.31763805704052017,0.37216664977521835,0.3101952931842616,hold,-0.006135123846144078,-0.2897359775219323
2026-09-16,GOOGL,hold,0.37056089216973115,0.31243837614306663,0.37056089216973115,0.3170007316872023,buy,0.01292394567367961,-0.1370028863994617
2026-09-17,GOOGL,hold,0.39417718221273024,0.30843090912230187,0.39417718221273024,0.297391908664968,hold,0.006342730774113352,-0.8283770493209659
2026-09-18,GOOGL,hold,0.3549354435697743,0.3317253177776861,0.3549354435697743,0.31333923865253954,buy,0.015415253516725468,-1.0188488529092832
2026-09-21,GOOGL,hold,0.40445212452449847,0.3008418027465413,0.40445212452449847,0.29470607272896016,sell,-0.010791311814517797,-0.997883196414356
2026-09-22,GOOGL,hold,0.3790680216837709,0.32092647653260004,0.3790680216837709,0.300005501783629,sell,-0.038699199856587034,-1.192777704153892
2026-09-23,GOOGL,hold,0.35808005658066583,0.3140620215164034,0.35808005658066583,0.3278579219029307,buy,0.013320001596730685,-0.8964688565664073
2026-09-24,GOOGL,hold,0.3728785987049825,0.3072576265263676,0.3728785987049825,0.31986377476864974,hold,0.0045463390044587874,-0.746086561348431
2026-09-25,GOOGL,hold,0.3783499207653823,0.3194366775529912,0.3783499207653823,0.3022134016816264,hold,-0.003407792788792967,-0.9874362647501919
2026-09-28,GOOGL,hold,0.3792494020142043,0.3083869292379893,0.3792494020142043,0.31236366874780636,hold,-0.005353433401567245,-0.6240476426414561
2026-09-29,GOOGL,hold,0.37374776677779503,0.31153722456642746,0.37374776677779503,0.31471500865577745,,,-0.6327319695499479
2026-01-02,AMZN,buy,0.35180955664318586,0.35180955664318586,0.3272968811103105,0.3208935622465036,buy,0.028550975746587545,-0.8340208452627474
2026-01-05,AMZN,hold,0.3697950259715897,0.32026846803767967,0.3697950259715897,0.3099365059907307,buy,0.033210483799024845,-0.7579799382312812
2026-01-06,AMZN,hold,0.3734783324670249,0.3123728649277831,0.3734783324670249,0.31414880260519207,hold,0.0026114748641676943,-0.7829297773054127
2026-01-07,AMZN,hold,0.3742224623599264,0.3039097248811539,0.3742224623599264,0.3218678127589196,buy,0.01939179681615764,-0.6637146936062013
2026-01-08,AMZN,hold,0.3975738653450418,0.28369417094616356,0.3975738653450418,0.31873196370879464,hold,0.004415959535942419,-0.6499490046057679
2026-01-09,AMZN,hold,0.4013025881878175,0.2880460178399072,0.4013025881878175,0.3106513939722753,hold,-0.0036853485099490966,-0.8267668142609035
2026-01-12,AMZN,hold,0.3953506527112202,0.2957714223098239,0.3953506527112202,0.30887792497895594,sell,-0.015826265506308397,-0.7060004596085142
2026-01-13,AMZN,hold,0.37571969314044323,0.30312218060287033,0.37571969314044323,0.3211581262566865,sell,-0.024831791107773515,-0.5418264478935297
2026-01-14,AMZN,hold,0.3614446479087509,0.3102111007778621,0.3614446479087509,0.328344251313387,hold,0.006444429028140061,-0.3956201967968232
2026-01-15,AMZN,hold,0.35990973170705703,0.31660269740434815,0.35990973170705703,0.3234875708885949,hold,0.003938837966679267,-0.5635793346401035
2026-01-16,AMZN,hold,0.3556890277343529,0.31534160094840075,0.3556890277343529,0.32896937131724646,sell,-0.03454778703396358,-0.5595844291047153
2026-01-20,AMZN,sell,0.3431865363209174,0.3382776320449431,0.3185358316341394,0.3431865363209174,hold,0.0013410811217221105,0.2296070830015497
2026-01-21,AMZN,sell,0.3385928106851737,0.337180949842143,0.32422623947268325,0.3385928106851737,buy,0.013014244969160121,-0.3684193098148242
2026-01-22,AMZN,hold,0.3574936802346176,0.3209780997286881,0.3574936802346176,0.32152822003669435,buy,0.020359762712410228,-0.6049893999479897
2026-01-23,AMZN,hold,0.373643091108151,0.3112582317303755,0.373643091108151,0.3150986771614735,hold,-0.0030989827151846525,-0.5216641520270681
2026-01-26,AMZN,hold,0.3808685013012214,0.31088348113172587,0.3808685013012214,0.30824801756705267,buy,0.02591738783059459,-0.5115260679511959
2026-01-27,AMZN,hold,0.38755601394695893,0.297393764714307,0.38755601394695893,0.315050221338734,hold,-0.00684863228798761,-0.4754677310507676
2026-01-28,AMZN,hold,0.36855271525140604,0.30879698510063164,0.36855271525140604,0.3226502996479624,hold,-0.005281189009015846,-0.4741326191207244
2026-01-29,AMZN,sell,0.35630845201328026,0.304882276836987,0.33880927114973275,0.35630845201328026,sell,-0.010103375476311564,-0.37512632854026956
2026-01-30,AMZN,sell,0.3427084143920907,0.33234059536324784,0.32495099024466145,0.3427084143920907,buy,0.015178840703943746,-0.2707899526419606
2026-02-02,AMZN,hold,0.3578167159168657,0.32845990794289426,0.3578167159168657,0.31372337614024004,sell,-0.01802454038618342,-0.47766010046642654
2026-02-03,AMZN,buy,0.34438792460691914,0.34438792460691914,0.32446947406133947,0.33114260133174145,sell,-0.02387675021837666,-0.16734739142728539
2026-02-04,AMZN,buy,0.34009972189174414,0.34009972189174414,0.32058903079952256,0.33931124730873335,sell,-0.04521487700574901,-0.047204904246303664
2026-02-05,AMZN,buy,0.3895494681144482,0.3895494681144482,0.22875872820953372,0.38169180367601807,sell,-0.057150465515023806,0.5368412337657592
2026-02-06,AMZN,sell,0.42710607462677025,0.4016466348303203,0.17124729054290935,0.42710607462677025,hold,-0.007636568568798812,0.2708182495422911
2026-02-09,AMZN,buy,0.4044869722482358,0.4044869722482358,0.2472692598966366,0.3482437678551277,hold,-0.008468076358810299,-0.29597411329588424
2026-02-10,AMZN,buy,0.37914356705271385,0.37914356705271385,0.2832243549049684,0.3376320780423178,sell,-0.01401348751238724,-0.21617597830527788
2026-02-11,AMZN,buy,0.36111158206461563,0.36111158206461563,0.2941632625784859,0.3447251553568984,sell,-0.022196688349696986,-0.244002932425073
2026-02-12,AMZN,buy,0.37868003820071056,0.37868003820071056,0.2606665777341272,0.3606533840651623,hold,-0.004066437083335938,0.34871596466067484
2026-02-13,AMZN,buy,0.3896853208339321,0.3896853208339321,0.2611120732116723,0.3492026059543956,buy,0.011801910679928636,0.3039574005061612
2026-02-17,AMZN,buy,0.3654805665379099,0.3654805665379099,0.2810903411062716,0.35342909235581854,buy,0.017934163011373634,0.24196105128461382
2026-02-18,AMZN,buy,0.3512426979236154,0.3512426979236154,0.3026932064949515,0.34606409558143314,hold,0.0003417909236829623,0.11224252176736896
2026-02-19,AMZN,sell,0.34851606164616467,0.3379273141245376,0.3135566242292977,0.34851606164616467,buy,0.025304384018124338,0.22385406869502725
2026-02-20,AMZN,sell,0.34970932007893907,0.34234488349917847,0.3079457964218824,0.34970932007893907,sell,-0.023304999462925406,0.005759938613991308
2026-02-23,AMZN,buy,0.35114402117748955,0.35114402117748955,0.3005618922686459,0.3482940865538645,buy,0.015900551376285547,0.36482666404245373
2026-02-24,AMZN,sell,0.3450545236659567,0.3411565956750815,0.3137888806589617,0.3450545236659567,hold,0.009923754371216356,0.0877336382726306
2026-02-25,AMZN,hold,0.3390132415122147,0.330012793110875,0.3390132415122147,0.33097396537691043,sell,-0.012997130763748655,-0.2178168123512918
2026-02-26,AMZN,sell,0.342128473101985,0.3332179506046831,0.32465357629333197,0.342128473101985,hold,0.009954149190768667,-0.0848513092930791
2026-02-27,AMZN,sell,0.3462553477846103,0.3269216232141922,0.3268230290011975,0.3462553477846103,hold,-0.007696209563361218,0.14715509019972628
2026-03-02,AMZN,sell,0.3473288059749508,0.333623347870723,0.31904784615432624,0.3473288059749508,hold,0.0016302091348675868,0.445631061795098
2026-03-03,AMZN,sell,0.3440244431915981,0.33557598142946804,0.320399575378934,0.3440244431915981,buy,0.03802601972435073,0.8441958394327167
2026-03-04,AMZN,sell,0.3469119233721489,0.31743143013741537,0.3356566464904358,0.3469119233721489,hold,0.009730180814114253,0.38878062005106356
2026-03-05,AMZN,sell,0.36285503084648063,0.3158282462187774,0.32131672293474184,0.36285503084648063,sell,-0.026520103831069775,0.8796696068190771
2026-03-06,AMZN,sell,0.36868286237318926,0.34798309211296297,0.2833340455138477,0.36868286237318926,hold,0.0013123918981728527,1.9445163771562122
2026-03-09,AMZN,sell,0.37185593709100734,0.3414018344581661,0.2867422284508267,0.37185593709100734,hold,0.003926872997654284,1.1950053083109693
2026-03-10,AMZN,sell,0.3446428997086182,0.33990813585782653,0.3154489644335552,0.3446428997086182,sell,-0.007869298894721337,1.085797078106795
2026-03-11,AMZN,buy,0.34275959211524615,0.34275959211524615,0.3170911617242447,0.34014924616050923,sell,-0.014780671622370333,0.9607876485980706
2026-03-12,AMZN,buy,0.36113426328928455,0.36113426328928455,0.2855555420258581,0.35331019468485747,sell,-0.008916648837354262,1.5349236973019835
2026-03-13,AMZN,buy,0.366081314043664,0.366081314043664,0.28983662643523256,0.3440820595211034,buy,0.019408860320450153,1.509800839002838
2026-03-16,AMZN,buy,0.35446655387154147,0.35446655387154147,0.3078479950797635,0.3376854510486951,buy,0.016208681248397017,0.8219217785723462
2026-03-17,AMZN,buy,0.34207313834230735,0.34207313834230735,0.3297760350981825,0.3281508265595102,sell,-0.02507954596315967,0.6075940870711809
2026-03-18,AMZN,buy,0.35126218883631194,0.35126218883631194,0.3085511000559715,0.34018671110771653,hold,-0.0053030276815244914,1.1114100250239425
2026-03-19,AMZN,sell,0.35275348506486026,0.3454451813015228,0.301801333633617,0.35275348506486026,sell,-0.016372033885598155,0.9159278539824394
2026-03-20,AMZN,buy,0.38254324206449275,0.38254324206449275,0.26456353482321043,0.35289322311229687,buy,0.022960765779813284,1.4132187277841852
2026-03-23,AMZN,buy,0.37062378510108,0.37062378510108,0.27900695773958245,0.35036925715933764,sell,-0.013896403903249794,1.2870807774105806
2026-03-24,AMZN,buy,0.37036998711894803,0.37036998711894803,0.2853918877871221,0.3442381250939298,buy,0.02133987694053351,1.4239617243999787
2026-03-25,AMZN,buy,0.3604464678713707,0.3604464678713707,0.2961692121729262,0.3433843199557032,sell,-0.019893385566031804,1.1164963151717564
2026-03-26,AMZN,buy,0.3927864232814622,0.3927864232814622,0.27453422850786563,0.33267934821067224,sell,-0.04031216865924322,1.4914996582752362
2026-03-27,AMZN,buy,0.4115068309526935,0.4115068309526935,0.24825265248025918,0.3402405165670474,hold,0.008044214540419325,2.1252631351210445
2026-03-30,AMZN,buy,0.40863565355658904,0.40863565355658904,0.2403698007088255,0.3509945457345854,buy,0.035779229656415903,2.0200316215761718
2026-03-31,AMZN,buy,0.3742256995778477,0.3742256995778477,0.2593154729742342,0.36645882744791813,buy,0.0109828388282875,1.0488704614896542
2026-04-01,AMZN,buy,0.37559826896823656,0.37559826896823656,0.28266086965226495,0.34174086137949844,hold,-0.0038064614152036554,0.9183900622306931
2026-04-02,AMZN,buy,0.36084771631913587,0.36084771631913587,0.30079974500811546,0.3383525386727486,buy,0.01429401955243689,0.7957038987728274
2026-04-06,AMZN,buy,0.3425888330865969,0.3425888330865969,0.3403330609722616,0.3170781059411415,hold,0.0045949583469463715,0.8467135091360393
2026-04-07,AMZN,buy,0.3475272115518543,0.3475272115518543,0.3203234240989818,0.3321493643491639,buy,0.034392593210598475,1.1438693440312817
2026-04-08,AMZN,buy,0.3369678202925862,0.3369678202925862,0.33456098572606485,0.32847119398134894,buy,0.05453095913592383,0.32107000365162275
2026-04-09,AMZN,hold,0.34479318017911004,0.3155666038534007,0.34479318017911004,0.3396402159674893,buy,0.020041816513914186,0.05222710482895876
2026-04-10,AMZN,hold,0.35872940445307955,0.31802847572783477,0.35872940445307955,0.3232421198190858,hold,0.006314422859656274,0.029202343179279007
2026-04-13,AMZN,hold,0.38816648765269557,0.2951507475123556,0.38816648765269557,0.3166827648349487,buy,0.03735274928383289,0.01803661349151922
2026-04-14,AMZN,hold,0.36349793766872607,0.303894392556105,0.36349793766872607,0.33260766977516887,hold,-0.0020903861446825195,-0.13947832673449478
2026-04-15,AMZN,hold,0.3948548702928195,0.2855638696487101,0.3948548702928195,0.31958126005847026,hold,0.0048173395273468644,-0.17295924217371522
2026-04-16,AMZN,hold,0.38360631309501286,0.28546511490828036,0.38360631309501286,0.3309285719967068,hold,0.0034382179946092772,-0.22069953495404562
2026-04-17,AMZN,hold,0.4134782785265037,0.28175704268401386,0.4134782785265037,0.3047646787894823,sell,-0.009141266429826336,-0.3283949533595759
2026-04-20,AMZN,hold,0.376258532549418,0.2968607672740451,0.376258532549418,0.32688070017653703,hold,0.006543731071590066,0.03966480927007472
2026-04-21,AMZN,hold,0.3828630564569964,0.3067369769975742,0.3828630564569964,0.3103999665454294,buy,0.021573448951202067,0.21791181782624924
2026-04-22,AMZN,hold,0.4038304348353736,0.28005320885103246,0.4038304348353736,0.31611635631359386,hold,-0.001097088026179746,0.08260839459320009
2026-04-23,AMZN,hold,0.36468850859747226,0.3027800826271792,0.36468850859747226,0.3325314087753484,buy,0.034333958023186784,0.20612221044806892
2026-04-24,AMZN,hold,0.39999963877762135,0.27371610789868234,0.39999963877762135,0.32628425332369637,sell,-0.01093113357236666,0.04973570637917398
2026-04-27,AMZN,hold,0.4068607351778965,0.2791658047870861,0.4068607351778965,0.3139734600350173,hold,-0.005452887403187945,-0.1383307867416386
2026-04-28,AMZN,hold,0.38136218026271806,0.2901311261910363,0.38136218026271806,0.3285066935462456,buy,0.01277897868001351,-0.18614556409297
2026-04-29,AMZN,hold,0.3519086512132902,0.3027645368649201,0.3519086512132902,0.34532681192178966,hold,0.007650061888693173,0.10529857365350428
2026-04-30,AMZN,sell,0.3684510273756262,0.2953219154863277,0.33622705713804607,0.3684510273756262,buy,0.012000489635761667,-0.4479759288917811
2026-05-01,AMZN,hold,0.38265607814522057,0.2938988236641953,0.38265607814522057,0.3234450981905842,buy,0.014029132183864345,-0.41239039984700754
2026-05-04,AMZN,hold,0.38670677435693834,0.29850703092036823,0.38670677435693834,0.31478619472269337,hold,0.0054985478239463976,-0.021973536041431797
2026-05-05,AMZN,hold,0.41104870140097843,0.2878233166331092,0.41104870140097843,0.30112798196591234,hold,0.005250321971042334,-0.2866723900436747
2026-05-06,AMZN,hold,0.41570719581744675,0.27329440910553704,0.41570719581744675,0.31099839507701615,sell,-0.01398871786017844,-0.27765403864015503
2026-05-07,AMZN,hold,0.3995633942811735,0.28553374122239034,0.3995633942811735,0.314902864496436,hold,0.005552939638259035,-0.36388353574671634
2026-05-08,AMZN,hold,0.4123415702561707,0.27916454175996064,0.4123415702561707,0.30849388798386856,sell,-0.013624751749596186,-0.32470542669529284
2026-05-11,AMZN,hold,0.3768403493487644,0.3078567094837557,0.3768403493487644,0.3153029411674799,sell,-0.011854752338375166,0.04063189818879537
2026-05-12,AMZN,hold,0.37052277326730493,0.3078967727321175,0.37052277326730493,0.3215804540005775,buy,0.01608392713413966,-0.07329628124845196
2026-05-13,AMZN,hold,0.38604763986257257,0.2929721845510744,0.38604763986257257,0.320980175586353,sell,-0.010831048951722346,-0.10920489523411767
2026-05-14,AMZN,hold,0.3894225939962781,0.30098291867501387,0.3894225939962781,0.3095944873287081,sell,-0.011592972656152402,-0.29373257345475673
2026-05-15,AMZN,hold,0.3524782482942963,0.31082560992138764,0.3524782482942963,0.3366961417843161,hold,0.0027220081197222258,0.06268868115306028
2026-05-18,AMZN,hold,0.36299638341519447,0.3225594478275823,0.36299638341519447,0.31444416875722336,sell,-0.021061401192618883,-0.1230092500374077
2026-05-19,AMZN,hold,0.3461272575734379,0.32041549468349906,0.3461272575734379,0.33345724774306307,buy,0.021627669973466716,-0.050942720285505984
2026-05-20,AMZN,hold,0.38659248199847557,0.2981687921011504,0.38659248199847557,0.315238725900374,buy,0.012934297256761875,-0.23885672174366268
2026-05-21,AMZN,hold,0.3772604650726412,0.30130103443276296,0.3772604650726412,0.32143850049459566,sell,-0.0080032744617438,-0.4441095891108319
2026-05-22,AMZN,hold,0.39694130375508174,0.2993062067743334,0.39694130375508174,0.3037524894705848,hold,-0.0038750213028487137,-0.4577383138031748
2026-05-26,AMZN,hold,0.37647241836195705,0.30213930755625346,0.37647241836195705,0.32138827408178955,buy,0.024426866578213892,-0.3535999863663162
2026-05-27,AMZN,hold,0.39302172001436403,0.2941588649290507,0.39302172001436403,0.3128194150565853,hold,0.007877640344363742,-0.5700834016551456
2026-05-28,AMZN,hold,0.38847098189341306,0.29110182076649455,0.38847098189341306,0.3204271973400923,sell,-0.012338527790443166,-0.7331350689849943
2026-05-29,AMZN,hold,0.36603006664341864,0.31108390801819646,0.36603006664341864,0.32288602533838495,sell,-0.035273461160258576,-0.8555508126811494
2026-06-01,AMZN,hold,0.3678124644736974,0.30405985211676856,0.3678124644736974,0.32812768340953397,sell,-0.018309525985056377,-0.6295303083539382
2026-06-02,AMZN,hold,0.34511737034780327,0.3246795286105728,0.34511737034780327,0.330203101041624,sell,-0.025665659701418486,-0.7109641544264648
2026-06-03,AMZN,buy,0.34689172263958057,0.34689172263958057,0.3234985262495846,0.3296097511108349,buy,0.01496619519549892,-0.6203048665863439
2026-06-04,AMZN,hold,0.36290171572871643,0.32484070246841906,0.36290171572871643,0.3122575818028645,sell,-0.03105365219156565,-0.8172405655047367
2026-06-05,AMZN,buy,0.38401886553005327,0.38401886553005327,0.29412622411331285,0.32185491035663377,hold,-0.0032977029725941285,1.0321512314317247
2026-06-08,AMZN,buy,0.37024158709356214,0.37024158709356214,0.3135507579141067,0.3162076549923311,hold,-0.004209150987076249,0.2448533135107166
2026-06-09,AMZN,buy,0.3712150520209022,0.3712150520209022,0.2972342670277198,0.331550680951378,sell,-0.025675947123681687,0.5292928988064687
2026-06-10,AMZN,buy,0.3784405483222399,0.3784405483222399,0.29297567631461824,0.32858377536314193,buy,0.014640183686286065,1.231427870967441
2026-06-11,AMZN,buy,0.35570188756094545,0.35570188756094545,0.30054460102122266,0.3437535114178319,sell,-0.012331912602696485,0.38892349666652537
2026-06-12,AMZN,buy,0.3651228795998229,0.3651228795998229,0.30530752897963503,0.3295695914205421,buy,0.03083390605189011,-0.14226903080188863
2026-06-15,AMZN,hold,0.3707803278268357,0.3361396858822417,0.3707803278268357,0.29307998629092263,hold,-8.131487459148037e-05,-0.5841077781456654
2026-06-16,AMZN,hold,0.3573039771771764,0.332203792865963,0.3573039771771764,0.3104922299568605,sell,-0.035163912457666896,-0.5172162397694944
2026-06-17,AMZN,buy,0.35765188465142617,0.35765188465142617,0.30900656299376666,0.33334155235480717,buy,0.028597683957913095,0.10008520473567539
2026-06-18,AMZN,buy,0.3500987280798033,0.3500987280798033,0.30471176701604036,0.3451895049041563,sell,-0.04862857666526806,-0.5132070138214024
2026-06-22,AMZN,buy,0.3719815675004156,0.3719815675004156,0.2924215410057831,0.3355968914938013,hold,0.005654362212000333,-0.24294239503010637
2026-06-23,AMZN,buy,0.3744966081697698,0.3744966081697698,0.28244305760517147,0.34306033422505866,hold,0.0006832216006890583,0.42754937949100014
2026-06-24,AMZN,buy,0.39734743929558264,0.39734743929558264,0.26098661944935814,0.3416659412550591,sell,-0.03148026940338524,0.16539247357650086
2026-06-25,AMZN,buy,0.3762780055538854,0.3762780055538854,0.27104555889370846,0.35267643555240613,buy,0.024713060914308634,0.24171910049593986
2026-06-26,AMZN,buy,0.42081997849579056,0.42081997849579056,0.19419852860995296,0.38498149289425654,buy,0.03151497796996931,0.09398580833959788
2026-06-29,AMZN,buy,0.366147349153065,0.366147349153065,0.2885703922868638,0.3452822585600711,hold,-0.007523873763327147,-0.13828511034194244
2026-06-30,AMZN,hold,0.33866747976111145,0.3384791038506946,0.33866747976111145,0.32285341638819404,buy,0.013999064785619552,-0.5021638605330597
2026-07-01,AMZN,hold,0.3418642583253233,0.32295920140864376,0.3418642583253233,0.3351765402660329,hold,0.0040052130693041185,-0.45932414847134273
2026-07-02,AMZN,hold,0.3548226591184507,0.32508586973218967,0.3548226591184507,0.32009147114935954,hold,0.006121274942382323,-0.5920899169764093
2026-07-06,AMZN,hold,0.3905918827557539,0.3033360437454028,0.3905918827557539,0.30607207349884324,hold,0.00742645135022292,-0.7666036067597525
2026-07-07,AMZN,hold,0.3794047013223506,0.302989072730416,0.3794047013223506,0.3176062259472334,sell,-0.009640600216052831,-0.5943988666300544
2026-07-08,AMZN,hold,0.3745656801193274,0.2938361741396443,0.3745656801193274,0.33159814574102814,buy,0.013940625430091662,-0.3612110324931924
2026-07-09,AMZN,hold,0.3930401905028125,0.2850592756702418,0.3930401905028125,0.3219005338269457,hold,-0.0069052509812284075,-0.6822296100047189
2026-07-10,AMZN,hold,0.40077830408349835,0.2959910856674797,0.40077830408349835,0.30323061024902187,hold,0.007997611876585861,-0.9260670011373038
2026-07-13,AMZN,hold,0.37677738791852455,0.3004860428941024,0.37677738791852455,0.322736569187373,hold,0.0007275987930534227,-0.28219152949591786
2026-07-14,AMZN,hold,0.3874790969183431,0.3008320070692078,0.3874790969183431,0.31168889601244915,buy,0.029736497094527754,-0.4810956701560535
2026-07-15,AMZN,hold,0.39698434155156315,0.2883554263608035,0.39698434155156315,0.3146602320876333,sell,-0.020085877850740792,-0.7296376015843158
2026-07-16,AMZN,hold,0.36069783125511296,0.30335728231627107,0.36069783125511296,0.33594488642861603,sell,-0.010701758429280527,-0.4084145264178843
2026-07-17,AMZN,sell,0.34631389248074523,0.31882966894434095,0.3348564385749139,0.34631389248074523,buy,0.011101878873679078,0.20591976461276257
2026-07-20,AMZN,hold,0.3521430430537575,0.32712458413313944,0.3521430430537575,0.3207323728131031,sell,-0.009808344900483996,0.1670023301221471
2026-07-21,AMZN,hold,0.38471400649118465,0.3069149901684737,0.38471400649118465,0.3083710033403417,sell,-0.010966791059379552,-0.3178241083872704
2026-07-22,AMZN,hold,0.36743651753975715,0.30609200185094704,0.36743651753975715,0.32647148060929576,sell,-0.04677872011408177,-0.4421482479365628
2026-07-23,AMZN,sell,0.35459778084690124,0.3389175180392077,0.3064847011138911,0.35459778084690124,hold,-0.006655683102763052,0.1777665338631884
2026-07-24,AMZN,buy,0.33743131241434215,0.33743131241434215,0.33270819438189514,0.32986049320376265,hold,-0.0031068038827953906,0.13773291672399618
2026-07-27,AMZN,buy,0.3561656717935528,0.3561656717935528,0.3348783502716978,0.3089559779347493,hold,-0.002293127145673238,0.16084272357076707
2026-07-28,AMZN,buy,0.3592730935238797,0.3592730935238797,0.31872002184557563,0.32200688463054455,sell,-0.01840451837298003,0.017142885299091262
2026-07-29,AMZN,buy,0.3849307134844379,0.3849307134844379,0.2890669844414094,0.32600230207415265,buy,0.03830396299886934,0.7576966159689555
2026-07-30,AMZN,buy,0.38453895746264194,0.38453895746264194,0.26801111899558305,0.34744992354177495,buy,0.1425457923711586,-0.33196410936969134
2026-07-31,AMZN,sell,0.34275252403669343,0.3383867547477099,0.31886072121559667,0.34275252403669343,buy,0.044787913707705275,-0.6661653999564779
2026-08-03,AMZN,hold,0.36893904642769865,0.29972560288418737,0.36893904642769865,0.3313353506881139,sell,-0.023511967798007637,-0.7002642307042627
2026-08-04,AMZN,hold,0.3716928051799087,0.28846569164758284,0.3716928051799087,0.3398415031725084,sell,-0.017343752751158313,-0.5037750093277213
2026-08-05,AMZN,hold,0.3759404254370995,0.29523164944212127,0.3759404254370995,0.32882792512077935,hold,-0.0014313710330971462,-0.7107861271143682
2026-08-06,AMZN,hold,0.37495356382530143,0.2990658536507407,0.37495356382530143,0.32598058252395784,hold,0.008120910623089925,-0.9084917687441293
2026-08-07,AMZN,hold,0.39139701433125307,0.3080509852769088,0.39139701433125307,0.3005520003918382,buy,0.013066350560063843,-0.9810103055730187
2026-08-10,AMZN,hold,0.3957939638508102,0.30172948822130097,0.3957939638508102,0.30247654792788886,sell,-0.021150608480564718,-0.8117022775635087
2026-08-11,AMZN,hold,0.397800149858571,0.30460114403533994,0.397800149858571,0.297598706106089,sell,-0.01849738717429334,-0.8644474255499709
2026-08-12,AMZN,hold,0.4044051054500422,0.29986131347403305,0.4044051054500422,0.29573358107592473,hold,-0.008076503328918698,-1.0853975365619515
2026-08-13,AMZN,hold,0.39736669480275083,0.298919031622159,0.39736669480275083,0.3037142735750901,sell,-0.009397965990688942,-1.0615011231532923
2026-08-14,AMZN,hold,0.40358178313890436,0.2962615162123355,0.40358178313890436,0.30015670064876016,hold,-0.005114891522905386,-1.1751596018914214
2026-08-17,AMZN,hold,0.37833974273358595,0.31070673709742486,0.37833974273358595,0.3109535201689892,hold,-0.0071433797754599185,-0.8904960150228793
2026-08-18,AMZN,hold,0.37330789419999283,0.31274428617408623,0.37330789419999283,0.31394781962592094,buy,0.024330557407328434,-0.6950915316193057
2026-08-19,AMZN,hold,0.3896295340350823,0.29166031109357204,0.3896295340350823,0.3187101548713455,sell,-0.021790048120245882,-0.9817503260975441
2026-08-20,AMZN,hold,0.36946003885696227,0.30453456823032715,0.36946003885696227,0.3260053929127105,hold,-0.0057060743810064644,-0.6427950661457017
2026-08-21,AMZN,hold,0.372792629271331,0.3191573248437315,0.372792629271331,0.30805004588493756,buy,0.013213183826672891,-0.9067531993448023
2026-08-24,AMZN,hold,0.3794084359271598,0.3146138114243752,0.3794084359271598,0.30597775264846494,hold,-0.0038614149873981538,-0.6919370891538119
2026-08-25,AMZN,hold,0.3876016829956965,0.3099217717998406,0.3876016829956965,0.302476545204463,hold,-0.002992286671924638,-0.8146889843968194
2026-08-26,AMZN,hold,0.38429372397076145,0.303999666260331,0.38429372397076145,0.3117066097689076,sell,-0.015565377747123712,-0.888891031212466
2026-08-27,AMZN,hold,0.37981624181646506,0.3120515513535141,0.37981624181646506,0.3081322068300208,buy,0.03891892525860571,-1.1006941327478228
2026-08-28,AMZN,hold,0.3734083279414132,0.32817449918534053,0.3734083279414132,0.2984171728732463,sell,-0.0253149356130063,-1.1249908770942423
2026-08-31,AMZN,hold,0.3553834766853574,0.3407429101379535,0.3553834766853574,0.303873613176689,sell,-0.0188468185720646,-0.9751710913160972
2026-09-01,AMZN,hold,0.35036407332691544,0.3314669552912693,0.35036407332691544,0.31816897138181527,hold,0.0002353306906797054,-0.5428846535023673
2026-09-02,AMZN,hold,0.3779305216879288,0.32836510362121707,0.3779305216879288,0.29370437469085414,buy,0.015256769228779037,-0.8865374095666877
2026-09-03,AMZN,hold,0.4014680707473994,0.3166953366996341,0.4014680707473994,0.28183659255296645,hold,-0.0015074474863226146,-1.1507504748367114
2026-09-04,AMZN,hold,0.37214607169193176,0.32688988423134263,0.37214607169193176,0.3009640440767255,hold,-0.005975064381941081,-1.0855457484302957
2026-09-08,AMZN,hold,0.37470506293940226,0.3203523255834955,0.37470506293940226,0.3049426114771022,sell,-0.017944244829286644,-0.7272075866219389
2026-09-09,AMZN,hold,0.3494440150495809,0.331190543960574,0.3494440150495809,0.31936544098984515,hold,-0.0020226246306363624,-0.5049183483477678
2026-09-10,AMZN,hold,0.3525550155305215,0.3325325163735767,0.3525550155305215,0.31491246809590184,buy,0.019227200554545194,-0.09062407154830421
2026-09-11,AMZN,hold,0.3794105108172262,0.3328859899505747,0.3794105108172262,0.287703499232199,sell,-0.012698107378975015,-0.7001707414604008
2026-09-14,AMZN,hold,0.34286041771412573,0.3409600897024038,0.34286041771412573,0.31617949258347056,sell,-0.02040072028483007,-0.3190332779477186
2026-09-15,AMZN,hold,0.3437243071386671,0.3425703410414323,0.3437243071386671,0.31370535181990067,sell,-0.009951906363395342,-0.2897359775219323
2026-09-16,AMZN,buy,0.34370814837876756,0.34370814837876756,0.33574229270426426,0.3205495589169682,buy,0.021040686221960796,-0.1370028863994617
2026-09-17,AMZN,hold,0.3677702256386639,0.33583637017160795,0.3677702256386639,0.29639340418972815,buy,0.009982274321190655,-0.8283770493209659
2026-09-18,AMZN,hold,0.3524628340741981,0.3419442403216502,0.3524628340741981,0.30559292560415174,buy,0.018510389948739304,-1.0188488529092832
2026-09-21,AMZN,hold,0.39470178927937727,0.3105554206116078,0.39470178927937727,0.29474279010901494,sell,-0.013517204919827882,-0.997883196414356
2026-09-22,AMZN,hold,0.3686888534982125,0.3246569150886695,0.3686888534982125,0.306654231413118,sell,-0.022648430469021364,-1.192777704153892
2026-09-23,AMZN,hold,0.3558180669277529,0.3127260436347126,0.3558180669277529,0.33145588943753435,hold,0.0004411936633560692,-0.8964688565664073
2026-09-24,AMZN,hold,0.36459980194836406,0.31499018391299677,0.36459980194836406,0.3204100141386391,hold,0.0011621814126833204,-0.746086561348431
2026-09-25,AMZN,hold,0.37202119844460746,0.3234918504559307,0.37202119844460746,0.30448695109946183,sell,-0.014198957152641516,-0.9874362647501919
2026-09-28,AMZN,hold,0.3553881134206609,0.3282578712096218,0.3553881134206609,0.3163540153697173,hold,0.0021103221209286312,-0.6240476426414561
2026-09-29,AMZN,hold,0.35614057814018746,0.3319373986488568,0.35614057814018746,0.3119220232109558,,,-0.6327319695499479
2026-01-02,TSLA,buy,0.3424297004030439,0.3424297004030439,0.3360974571027062,0.3214728424942499,buy,0.03057312274344065,-0.8340208452627474
2026-01-05,TSLA,hold,0.3541704704082948,0.32883814991275634,0.3541704704082948,0.3169913796789489,sell,-0.04230652917497186,-0.7579799382312812
2026-01-06,TSLA,buy,0.3355866510040826,0.3355866510040826,0.3319059625705792,0.33250738642533817,hold,-0.003586402728205757,-0.7829297773054127
2026-01-07,TSLA,hold,0.3485634993308511,0.3209967617230837,0.3485634993308511,0.33043973894606515,hold,0.010124471981728621,-0.6637146936062013
2026-01-08,TSLA,hold,0.34651168955478295,0.31847692351964685,0.34651168955478295,0.33501138692557014,buy,0.02091338126870214,-0.6499490046057679
2026-01-09,TSLA,hold,0.34338325357984545,0.3277650758177822,0.34338325357984545,0.3288516706023723,hold,0.00883700211279967,-0.8267668142609035
2026-01-12,TSLA,hold,0.3588514146932763,0.3155637059760761,0.3588514146932763,0.3255848793306476,hold,-0.003927828743923437,-0.7060004596085142
2026-01-13,TSLA,hold,0.3689534119462493,0.309052649150303,0.3689534119462493,0.3219939389034477,sell,-0.018051031148363036,-0.5418264478935297
2026-01-14,TSLA,hold,0.3471047298633564,0.313808812049208,0.3471047298633564,0.3390864580874355,hold,-0.0014354670972459708,-0.3956201967968232
2026-01-15,TSLA,hold,0.35684859255180823,0.3226514581832378,0.35684859255180823,0.32049994926495384,hold,-0.0024427450941923528,-0.5635793346401035
2026-01-16,TSLA,buy,0.3411525815370152,0.3411525815370152,0.33887318002361305,0.3199742384393718,sell,-0.042609305094350874,-0.5595844291047153
2026-01-20,TSLA,buy,0.34865865966562953,0.34865865966562953,0.3214275618426874,0.32991377849168296,buy,0.02866105598439217,0.2296070830015497
2026-01-21,TSLA,buy,0.3509256189764652,0.3509256189764652,0.3230630087172589,0.326011372306276,buy,0.040695858938020815,-0.3684193098148242
2026-01-22,TSLA,hold,0.3590308862737683,0.31885247072354944,0.3590308862737683,0.3221166430026822,hold,-0.0006678119583802994,-0.6049893999479897
2026-01-23,TSLA,hold,0.3618159866663304,0.31337900562045273,0.3618159866663304,0.3248050077132168,sell,-0.03135078007637384,-0.5216641520270681
2026-01-26,TSLA,hold,0.37392301559384056,0.3072229272987579,0.37392301559384056,0.3188540571074016,hold,-0.009929693133760457,-0.5115260679511959
2026-01-27,TSLA,hold,0.3840352635116938,0.3016681384194524,0.3840352635116938,0.31429659806885385,hold,0.0012987560805733547,-0.4754677310507676
2026-01-28,TSLA,hold,0.3446713286912816,0.32497913774064063,0.3446713286912816,0.3303495335680778,sell,-0.0351442835440217,-0.4741326191207244
2026-01-29,TSLA,buy,0.3403030297198629,0.3403030297198629,0.3196903266604955,0.34000664361964156,buy,0.032707748293060876,-0.37512632854026956
2026-01-30,TSLA,buy,0.3476645986393363,0.3476645986393363,0.3146624889280761,0.3376729124325877,sell,-0.02018328139266714,-0.2707899526419606
2026-02-02,TSLA,buy,0.3429774843916094,0.3429774843916094,0.32631580850594993,0.3307067071024406,hold,0.00035553266889641583,-0.47766010046642654
2026-02-03,TSLA,sell,0.3392602234673739,0.3362689428702113,0.32447083366241486,0.3392602234673739,sell,-0.038532688670109685,-0.16734739142728539
2026-02-04,TSLA,buy,0.3576294027315035,0.3576294027315035,0.2977554239528786,0.3446151733156179,sell,-0.02191272731756527,-0.047204904246303664
2026-02-05,TSLA,sell,0.36687344527083376,0.362648628290155,0.2704779264390113,0.36687344527083376,buy,0.03439569638292661,0.5368412337657592
2026-02-06,TSLA,sell,0.35078242180496355,0.342299663710176,0.3069179144848604,0.35078242180496355,hold,0.014992548192064116,0.2708182495422911
2026-02-09,TSLA,buy,0.34083143753771117,0.34083143753771117,0.33890146577297364,0.32026709668931524,hold,0.018729813289406434,-0.29597411329588424
2026-02-10,TSLA,hold,0.35056197831318936,0.31850676585238175,0.35056197831318936,0.33093125583442884,hold,0.007170667714086594,-0.21617597830527788
2026-02-11,TSLA,sell,0.34120499509536895,0.3258883168804041,0.3329066880242269,0.34120499509536895,sell,-0.026499721174377204,-0.244002932425073
2026-02-12,TSLA,buy,0.34719672540611246,0.34719672540611246,0.3125358382651516,0.340267436328736,hold,0.0008867362574486323,0.34871596466067484
2026-02-13,TSLA,buy,0.3451895167657629,0.3451895167657629,0.3115959514708741,0.343214531763363,sell,-0.016448249621048336,0.3039574005061612
2026-02-17,TSLA,sell,0.3549800483703604,0.3342079376202777,0.3108120140093619,0.3549800483703604,hold,0.001678940551719039,0.24196105128461382
2026-02-18,TSLA,sell,0.33748010279249113,0.33262285374600137,0.32989704346150744,0.33748010279249113,hold,0.000947679089765262,0.11224252176736896
2026-02-19,TSLA,sell,0.3452051484481346,0.33088781230052594,0.3239070392513395,0.3452051484481346,hold,0.0002671812076260135,0.22385406869502725
2026-02-20,TSLA,buy,0.33619869249885176,0.33619869249885176,0.3304402439776912,0.3333610635234571,sell,-0.02954695527872473,0.005759938613991308
2026-02-23,TSLA,buy,0.3490580441217499,0.3490580441217499,0.30461007579123667,0.34633188008701343,buy,0.023604408796446652,0.36482666404245373
2026-02-24,TSLA,sell,0.3388019948636959,0.330915910342255,0.33028209479404913,0.3388019948636959,buy,0.01940114803767631,0.0877336382726306
2026-02-25,TSLA,hold,0.35534490128995194,0.31868326330329305,0.35534490128995194,0.32597183540675495,sell,-0.021357279325286554,-0.2178168123512918
2026-02-26,TSLA,sell,0.349874878669621,0.32052866396119567,0.3295964573691834,0.349874878669621,hold,-0.014967735162802965,-0.0848513092930791
2026-02-27,TSLA,sell,0.3566799115891151,0.33218378437285795,0.31113630403802706,0.3566799115891151,hold,0.002010344152525457,0.14715509019972628
2026-03-02,TSLA,sell,0.3488582578005442,0.337714929055879,0.3134268131435766,0.3488582578005442,sell,-0.027372150980348144,0.445631061795098
2026-03-03,TSLA,buy,0.3586130524020657,0.3586130524020657,0.28430102697506426,0.3570859206228701,buy,0.03384721273919843,0.8441958394327167
2026-03-04,TSLA,sell,0.35006929261532027,0.3435501999862761,0.30638050739840356,0.35006929261532027,hold,-0.00096123102727329,0.38878062005106356
2026-03-05,TSLA,sell,0.3525769352240458,0.3390212236331493,0.30840184114280494,0.3525769352240458,sell,-0.02198816416611494,0.8796696068190771
2026-03-06,TSLA,buy,0.37123555386120616,0.37123555386120616,0.2617296712904342,0.36703477484835967,hold,0.004903095477786746,1.9445163771562122
2026-03-09,TSLA,sell,0.3757834716273799,0.36131806612009076,0.26289846225252933,0.3757834716273799,hold,0.0014036436297643494,1.1950053083109693
2026-03-10,TSLA,buy,0.36272289319639706,0.36272289319639706,0.296388768037357,0.34088833876624597,buy,0.02126320318819362,1.085797078106795
2026-03-11,TSLA,buy,0.3628213120433611,0.3628213120433611,0.2959866858716249,0.341192002085014,sell,-0.031914812787204434,0.9607876485980706
2026-03-12,TSLA,buy,0.36467166398686157,0.36467166398686157,0.28927294146721066,0.34605539454592765,hold,-0.009692136394107657,1.5349236973019835
2026-03-13,TSLA,buy,0.3669424520015835,0.3669424520015835,0.28438177604339737,0.3486757719550192,hold,0.011083506865035645,1.509800839002838
2026-03-16,TSLA,buy,0.37573948685274144,0.37573948685274144,0.2863399300413729,0.3379205831058857,hold,0.00933537602077204,0.8219217785723462
2026-03-17,TSLA,buy,0.3456508869626789,0.3456508869626789,0.3200948495190928,0.3342542635182283,sell,-0.016388196671314647,0.6075940870711809
2026-03-18,TSLA,buy,0.36250577012527885,0.36250577012527885,0.2992549777164482,0.3382392521582729,sell,-0.03228927274343446,1.1114100250239425
2026-03-19,TSLA,buy,0.36559630050053493,0.36559630050053493,0.27575132487786524,0.3586523746215998,sell,-0.032986169449252166,0.9159278539824394
2026-03-20,TSLA,buy,0.4014676730120709,0.4014676730120709,0.25445641382378825,0.34407591316414077,buy,0.03443139945829688,1.4132187277841852
2026-03-23,TSLA,buy,0.3781451529516657,0.3781451529516657,0.25623336502147026,0.365621482026864,hold,0.005707699063017406,1.2870807774105806
2026-03-24,TSLA,buy,0.3759860258236525,0.3759860258236525,0.27297258818064707,0.3510413859957005,hold,0.007594547116542637,1.4239617243999787
2026-03-25,TSLA,buy,0.36749176568269415,0.36749176568269415,0.28105004004242734,0.35145819427487857,sell,-0.036518388902705916,1.1164963151717564
2026-03-26,TSLA,buy,0.38301502660525366,0.38301502660525366,0.2758791557691131,0.3411058176256333,sell,-0.0280150189690427,1.4914996582752362
2026-03-27,TSLA,buy,0.3957321961996199,0.3957321961996199,0.2509068829721037,0.35336092082827647,sell,-0.018268243604687585,2.1252631351210445
2026-03-30,TSLA,buy,0.4130263825658,0.4130263825658,0.2324879200779894,0.3544856973562106,buy,0.045315377792307994,2.0200316215761718
2026-03-31,TSLA,sell,0.37915813146981026,0.36575084746274206,0.25509102106744763,0.37915813146981026,buy,0.02525999735964806,1.0488704614896542
2026-04-01,TSLA,buy,0.36100805515370815,0.36100805515370815,0.2884131749791725,0.3505787698671193,sell,-0.05574001402961767,0.9183900622306931
2026-04-02,TSLA,buy,0.38495434612237794,0.38495434612237794,0.24578455700204146,0.36926109687558056,sell,-0.021783536042954785,0.7957038987728274
2026-04-06,TSLA,buy,0.3903117176040301,0.3903117176040301,0.24623677224623908,0.36345151014973076,sell,-0.017642424845982326,0.8467135091360393
2026-04-07,TSLA,buy,0.38425561007494036,0.38425561007494036,0.24197215666971703,0.37377223325534265,hold,-0.009856563133277247,1.1438693440312817
2026-04-08,TSLA,buy,0.36733493566332576,0.36733493566332576,0.27137638703669203,0.3612886772999822,hold,0.0068808468500743715,0.32107000365162275
2026-04-09,TSLA,buy,0.35964723989255604,0.35964723989255604,0.2979233661981785,0.34242939390926536,hold,0.009588788947183922,0.05222710482895876
2026-04-10,TSLA,buy,0.3450598393299946,0.3450598393299946,0.32343408864317175,0.33150607202683363,hold,0.00989500379675574,0.029202343179279007
2026-04-13,TSLA,buy,0.3438034919583972,0.3438034919583972,0.3341889001082532,0.32200760793334954,buy,0.03287951656879651,0.01803661349151922
2026-04-14,TSLA,hold,0.35033732934381323,0.3246221253814965,0.35033732934381323,0.3250405452746903,buy,0.07343111096819813,-0.13947832673449478
2026-04-15,TSLA,sell,0.3662467558572891,0.3085167401172082,0.32523650402550264,0.3662467558572891,hold,-0.0078120863116936485,-0.17295924217371522
2026-04-16,TSLA,hold,0.36431950070133845,0.2917486907496,0.36431950070133845,0.34393180854906147,buy,0.0296911094422974,-0.22069953495404562
2026-04-17,TSLA,hold,0.35869655478589146,0.29087820728203656,0.35869655478589146,0.350425237932072,sell,-0.020476797687229584,-0.3283949533595759
2026-04-20,TSLA,hold,0.3494940250384646,0.303841869796509,0.3494940250384646,0.3466641051650264,sell,-0.0156116416401595,0.03966480927007472
2026-04-21,TSLA,hold,0.34950464436481476,0.30811428036248095,0.34950464436481476,0.3423810752727042,hold,0.0028167845306925577,0.21791181782624924
2026-04-22,TSLA,hold,0.3498769286440236,0.3121492724002944,0.3498769286440236,0.337973798955682,sell,-0.03623482292188371,0.08260839459320009
2026-04-23,TSLA,sell,0.37140777609051046,0.34957795150303866,0.27901427240645094,0.37140777609051046,hold,0.006879807968652782,0.20612221044806892
2026-04-24,TSLA,hold,0.3473582345145883,0.3126170443075019,0.3473582345145883,0.34002472117790966,hold,0.006278483691632188,0.04973570637917398
2026-04-27,TSLA,hold,0.35238051216060395,0.3008358621490542,0.35238051216060395,0.3467836256903418,hold,-0.007022844604162197,-0.1383307867416386
2026-04-28,TSLA,hold,0.34974945181661654,0.31167123151004755,0.34974945181661654,0.3385793166733359,hold,-0.008600254179982027,-0.18614556409297
2026-04-29,TSLA,hold,0.3646111530353058,0.2932682697781035,0.3646111530353058,0.3421205771865908,buy,0.023409515563600516,0.10529857365350428
2026-04-30,TSLA,hold,0.37580979120486024,0.2876913966616692,0.37580979120486024,0.3364988121334705,buy,0.02379554904158833,-0.4479759288917811
2026-05-01,TSLA,hold,0.36444329263669295,0.30162930081892825,0.36444329263669295,0.3339274065443789,hold,0.004314924812415465,-0.41239039984700754
2026-05-04,TSLA,hold,0.37308236461207694,0.2933345553745657,0.37308236461207694,0.33358308001335724,hold,-0.008032003657369561,-0.021973536041431797
2026-05-05,TSLA,hold,0.37685219096209654,0.3099251793240406,0.37685219096209654,0.31322262971386294,buy,0.023754487827164997,-0.2866723900436747
2026-05-06,TSLA,hold,0.38560995987555463,0.2839954852528817,0.38560995987555463,0.3303945548715636,buy,0.03222900776203085,-0.27765403864015503
2026-05-07,TSLA,hold,0.37046212530038897,0.29816564454900224,0.37046212530038897,0.3313722301506088,buy,0.03942710124226755,-0.36388353574671634
2026-05-08,TSLA,hold,0.3991713659334602,0.2786707755590051,0.3991713659334602,0.3221578585075348,buy,0.03813364950728898,-0.32470542669529284
2026-05-11,TSLA,hold,0.36237145523772396,0.28733925805417826,0.36237145523772396,0.3502892867080977,sell,-0.026297804689101322,0.04063189818879537
2026-05-12,TSLA,hold,0.35254637195708066,0.3049924445586179,0.35254637195708066,0.34246118348430143,buy,0.02690433759547956,-0.07329628124845196
2026-05-13,TSLA,hold,0.3584762903244915,0.2956532612622947,0.3584762903244915,0.34587044841321385,hold,-0.004434100858338372,-0.10920489523411767
2026-05-14,TSLA,hold,0.38864545416805557,0.29047320046434855,0.38864545416805557,0.320881345367596,sell,-0.048672864587404434,-0.29373257345475673
2026-05-15,TSLA,hold,0.35539242938921634,0.3095385640004933,0.35539242938921634,0.33506900661029043,sell,-0.029441104289050234,0.06268868115306028
2026-05-18,TSLA,hold,0.3529901269961407,0.3197223625553547,0.3529901269961407,0.3272875104485047,sell,-0.014445663458309575,-0.1230092500374077
2026-05-19,TSLA,sell,0.3412797299116811,0.31834374220065353,0.34037652788766526,0.3412797299116811,buy,0.03202247022638431,-0.050942720285505984
2026-05-20,TSLA,hold,0.3842983047797175,0.2922288170546869,0.3842983047797175,0.32347287816559567,hold,0.0014129789484986274,-0.23885672174366268
2026-05-21,TSLA,hold,0.3700004302253453,0.3045142725478078,0.3700004302253453,0.32548529722684694,buy,0.019340312041325056,-0.4441095891108319
2026-05-22,TSLA,hold,0.38127863960278224,0.2974887688910787,0.38127863960278224,0.321232591506139,buy,0.017636535587117294,-0.4577383138031748
2026-05-26,TSLA,hold,0.4016275855549144,0.2817350635844265,0.4016275855549144,0.316637350860659,buy,0.015493162254673815,-0.3535999863663162
2026-05-27,TSLA,hold,0.3983388388792843,0.2823527680687951,0.3983388388792843,0.3193083930519206,hold,0.003943573700417892,-0.5700834016551456
2026-05-28,TSLA,hold,0.42042792738879514,0.2706305313108403,0.42042792738879514,0.3089415413003645,sell,-0.014375619088440037,-0.7331350689849943
2026-05-29,TSLA,hold,0.392348721691823,0.28450892271719425,0.392348721691823,0.3231423555909827,sell,-0.046763726698806594,-0.8555508126811494
2026-06-01,TSLA,hold,0.38292900134197283,0.29885596913503676,0.38292900134197283,0.31821502952299047,buy,0.018723267699191404,-0.6295303083539382
2026-06-02,TSLA,hold,0.39536199599927185,0.290879665240425,0.39536199599927185,0.3137583387603032,hold,-9.435010681166908e-05,-0.7109641544264648
2026-06-03,TSLA,hold,0.3541457263339586,0.3233665711265163,0.3541457263339586,0.3224877025395251,hold,-0.012468248792164637,-0.6203048665863439
2026-06-04,TSLA,hold,0.37800959836776243,0.3110234507810985,0.37800959836776243,0.3109669508511392,sell,-0.06784987766553562,-0.8172405655047367
2026-06-05,TSLA,buy,0.38887102477916596,0.38887102477916596,0.30719682007060994,0.30393215515022404,buy,0.04488536904530807,1.0321512314317247
2026-06-08,TSLA,buy,0.3442510371115276,0.3442510371115276,0.33004246035740403,0.32570650253106836,sell,-0.030463037176546175,0.2448533135107166
2026-06-09,TSLA,buy,0.3711523290460437,0.3711523290460437,0.2881619316086854,0.3406857393452708,sell,-0.0387831676710731,0.5292928988064687
2026-06-10,TSLA,buy,0.3751681308803942,0.3751681308803942,0.28706107543468395,0.3377707936849218,buy,0.044990546617469984,1.231427870967441
2026-06-11,TSLA,sell,0.3545473233506225,0.32878942013214985,0.31666325651722776,0.3545473233506225,buy,0.018074423616042716,0.38892349666652537
2026-06-12,TSLA,sell,0.3453525574186866,0.3338963670862845,0.3207510754950289,0.3453525574186866,hold,0.011546402155351725,-0.14226903080188863
2026-06-15,TSLA,hold,0.3848734881265274,0.31292977537158917,0.3848734881265274,0.3021967365018834,sell,-0.015910879171028017,-0.5841077781456654
2026-06-16,TSLA,hold,0.35406514376304365,0.3192047377669067,0.35406514376304365,0.3267301184700496,sell,-0.020673857986175808,-0.5172162397694944
2026-06-17,TSLA,sell,0.3402257165231018,0.33113150847509304,0.32864277500180517,0.3402257165231018,hold,0.010315413608767319,0.10008520473567539
2026-06-18,TSLA,sell,0.3371839644256878,0.3340650186194463,0.3287510169548658,0.3371839644256878,hold,0.01132171311591987,-0.5132070138214024
2026-06-22,TSLA,buy,0.34459988715591905,0.34459988715591905,0.3357805300837242,0.31961958276035685,sell,-0.059611379843779726,-0.24294239503010637
2026-06-23,TSLA,buy,0.348355746135555,0.348355746135555,0.3107910910372278,0.34085316282721734,sell,-0.016060748057995154,0.42754937949100014
2026-06-24,TSLA,buy,0.35349546291250034,0.35349546291250034,0.31421274084896006,0.3322917962385396,hold,-0.0010923964729650014,0.16539247357650086
2026-06-25,TSLA,buy,0.34829026618399467,0.34829026618399467,0.31659672416507234,0.335113009650933,hold,0.012161819203993191,0.24171910049593986
2026-06-26,TSLA,buy,0.3769583624488453,0.3769583624488453,0.29619794301452573,0.326843694536629,buy,0.08122713454703766,0.09398580833959788
2026-06-29,TSLA,sell,0.34669007831931303,0.3214218171090973,0.3318881045715897,0.34669007831931303,buy,0.02104736226435513,-0.13828511034194244
2026-06-30,TSLA,hold,0.3793914835757863,0.30750607009884223,0.3793914835757863,0.31310244632537154,hold,0.011112495777372573,-0.5021638605330597
2026-07-01,TSLA,hold,0.37453932395496486,0.3022992894094224,0.37453932395496486,0.32316138663561267,sell,-0.07784074755080678,-0.45932414847134273
2026-07-02,TSLA,buy,0.34606943764144116,0.34606943764144116,0.31096445535951905,0.3429661069990398,buy,0.06475289005284912,-0.5920899169764093
2026-07-06,TSLA,hold,0.3679499360345412,0.295049425967006,0.3679499360345412,0.3370006379984528,sell,-0.041018539011121395,-0.7666036067597525
2026-07-07,TSLA,hold,0.36875969518297946,0.31344100614303366,0.36875969518297946,0.3177992986739868,sell,-0.022185201276039682,-0.5943988666300544
2026-07-08,TSLA,hold,0.35876633360354243,0.30322620868154376,0.35876633360354243,0.3380074577149139,buy,0.0312037168556396,-0.3612110324931924
2026-07-09,TSLA,hold,0.38053533322123534,0.293320151826022,0.38053533322123534,0.32614451495274255,hold,0.0029718973532871238,-0.6822296100047189
2026-07-10,TSLA,hold,0.3880052012190352,0.3005176278360166,0.3880052012190352,0.3114771709449482,sell,-0.03240077993929111,-0.9260670011373038
2026-07-13,TSLA,hold,0.3637843732909125,0.30992152344505247,0.3637843732909125,0.326294103264035,hold,0.003590624905497913,-0.28219152949591786
2026-07-14,TSLA,hold,0.3814019603972141,0.3140660309550135,0.3814019603972141,0.30453200864777236,hold,-0.004350915634406925,-0.4810956701560535
2026-07-15,TSLA,hold,0.36075552470499844,0.32205124151790226,0.36075552470499844,0.31719323377709935,hold,-0.008656724657948154,-0.7296376015843158
2026-07-16,TSLA,hold,0.3554362272612494,0.31062937995852063,0.3554362272612494,0.3339343927802299,sell,-0.026481664853464253,-0.4084145264178843
2026-07-17,TSLA,sell,0.34511193962904396,0.3300118656309265,0.3248761947400295,0.34511193962904396,sell,-0.03003914234140675,0.20591976461276257
2026-07-20,TSLA,buy,0.35002009223701647,0.35002009223701647,0.3353052302814198,0.31467467748156375,buy,0.02501128466509805,0.1670023301221471
2026-07-21,TSLA,hold,0.3474812480002307,0.33701884567905294,0.3474812480002307,0.31549990632071645,hold,-0.013068910989716388,-0.3178241083872704
2026-07-22,TSLA,hold,0.3453013929506892,0.33119095495173934,0.3453013929506892,0.32350765209757143,sell,-0.15693077724657808,-0.4421482479365628
2026-07-23,TSLA,buy,0.41216711746561413,0.41216711746561413,0.20932833575624246,0.37850454677814344,sell,-0.021052755196125365,0.1777665338631884
2026-07-24,TSLA,buy,0.3765819261065779,0.3765819261065779,0.26646169035980233,0.3569563835336198,hold,-0.012246027070754707,0.13773291672399618
2026-07-27,TSLA,buy,0.37295987658398083,0.37295987658398083,0.28619669595350844,0.34084342746251084,hold,-0.0057730474244629066,0.16084272357076707
2026-07-28,TSLA,buy,0.36549310700783544,0.36549310700783544,0.29616746233488156,0.3383394306572829,sell,-0.03011319377555425,0.017142885299091262
2026-07-29,TSLA,buy,0.36969761639814885,0.36969761639814885,0.29629438023270954,0.33400800336914155,buy,0.034688981481862634,0.7576966159689555
2026-07-30,TSLA,buy,0.3527403182642569,0.3527403182642569,0.32644446082108874,0.3208152209146544,hold,0.007612156102981297,-0.33196410936969134
2026-07-31,TSLA,buy,0.35021217191906373,0.35021217191906373,0.3254703165312608,0.3243175115496754,buy,0.034332022193839726,-0.6661653999564779
2026-08-03,TSLA,hold,0.36096397279835585,0.32600801068463237,0.36096397279835585,0.31302801651701173,buy,0.016230033331529004,-0.7002642307042627
2026-08-04,TSLA,hold,0.3828389730647983,0.3065064778230222,0.3828389730647983,0.31065454911217955,sell,-0.017876938914546434,-0.5037750093277213
2026-08-05,TSLA,hold,0.3610017031455146,0.3227073545292481,0.3610017031455146,0.3162909423252373,hold,-0.006301852314906756,-0.7107861271143682
2026-08-06,TSLA,hold,0.3632004148662321,0.32214815245342493,0.3632004148662321,0.314651432680343,buy,0.02792913630936269,-0.9084917687441293
2026-08-07,TSLA,hold,0.367035248179546,0.32342000574220514,0.367035248179546,0.3095447460782489,hold,0.006975488024820526,-0.9810103055730187
2026-08-10,TSLA,hold,0.39316666319071314,0.30576887587918833,0.39316666319071314,0.3010644609300986,hold,0.005815962599747515,-0.8117022775635087
2026-08-11,TSLA,hold,0.3874679018590325,0.3172828392044786,0.3874679018590325,0.29524925893648885,sell,-0.016053130458727083,-0.8644474255499709
2026-08-12,TSLA,hold,0.39719019626222246,0.3055226600773761,0.39719019626222246,0.2972871436604015,buy,0.037309319717265685,-1.0853975365619515
2026-08-13,TSLA,hold,0.4046924258519048,0.28342463095512394,0.4046924258519048,0.31188294319297144,hold,0.0067719286826166255,-1.0615011231532923
2026-08-14,TSLA,hold,0.3627344576120323,0.3148292295643361,0.3627344576120323,0.3224363128236316,hold,-0.008715231364881356,-1.1751596018914214
2026-08-17,TSLA,hold,0.3940218799971265,0.29669439984453744,0.3940218799971265,0.30928372015833616,hold,-0.007187551055172664,-0.8904960150228793
2026-08-18,TSLA,hold,0.38103069403500556,0.30246160784667964,0.38103069403500556,0.3165076981183149,buy,0.04143094671567836,-0.6950915316193057
2026-08-19,TSLA,hold,0.39962493422056045,0.28713240738395385,0.39962493422056045,0.3132426583954856,sell,-0.01720685967593452,-0.9817503260975441
2026-08-20,TSLA,hold,0.37137799663845605,0.3005331548934281,0.37137799663845605,0.32808884846811587,buy,0.050095872774972884,-0.6427950661457017
2026-08-21,TSLA,hold,0.3638292526626031,0.30986236117261484,0.3638292526626031,0.32630838616478197,sell,-0.03908836412728585,-0.9067531993448023
2026-08-24,TSLA,hold,0.37530293462602915,0.3128973995418327,0.37530293462602915,0.3117996658321381,hold,0.0037185047717777416,-0.6919370891538119
2026-08-25,TSLA,hold,0.3817652770477076,0.31151914421722515,0.3817652770477076,0.30671557873506733,hold,-0.01272875556119292,-0.8146889843968194
2026-08-26,TSLA,hold,0.36706826633656503,0.3152848273997468,0.36706826633656503,0.31764690626368824,buy,0.025663998394328192,-0.888891031212466
2026-08-27,TSLA,hold,0.40088229534904046,0.2954501348228011,0.40088229534904046,0.3036675698281584,sell,-0.01722709491467637,-1.1006941327478228
2026-08-28,TSLA,hold,0.37961812798930794,0.3194343408874897,0.37961812798930794,0.3009475311232024,buy,0.053591759412820184,-1.1249908770942423
2026-08-31,TSLA,hold,0.3577950528431206,0.3259045538322202,0.3577950528431206,0.31630039332465926,sell,-0.03276359494263283,-0.9751710913160972
2026-09-01,TSLA,hold,0.36289545844392335,0.3186960025071446,0.36289545844392335,0.318408539048932,hold,0.0025803223399768612,-0.5428846535023673
2026-09-02,TSLA,hold,0.37114837322235433,0.3125337558097191,0.37114837322235433,0.3163178709679265,buy,0.052808869171430906,-0.8865374095666877
2026-09-03,TSLA,hold,0.35043450747862287,0.3285095843395742,0.35043450747862287,0.3210559081818029,sell,-0.061049850737314657,-1.1507504748367114
2026-09-04,TSLA,sell,0.341960746261263,0.3354261789594899,0.32261307477924706,0.341960746261263,buy,0.038994797854259064,-1.0855457484302957
2026-09-08,TSLA,hold,0.3592999461635829,0.3154034919679268,0.3592999461635829,0.3252965618684904,hold,-0.0009511423816780997,-0.7272075866219389
2026-09-09,TSLA,hold,0.3542966658184604,0.32459082330729766,0.3542966658184604,0.32111251087424186,hold,-0.011622155317144714,-0.5049183483477678
2026-09-10,TSLA,hold,0.33834573744526947,0.32396658793605965,0.33834573744526947,0.3376876746186709,hold,0.005157775173029117,-0.09062407154830421
2026-09-11,TSLA,hold,0.3671732031920602,0.33018504735145077,0.3671732031920602,0.3026417494564891,sell,-0.01786329077086875,-0.7001707414604008
2026-09-14,TSLA,buy,0.3427157590858325,0.3427157590858325,0.33951752277451824,0.3177667181396493,hold,-0.006680241987832851,-0.3190332779477186
2026-09-15,TSLA,hold,0.35318938720131116,0.3354342483168685,0.35318938720131116,0.3113763644818204,hold,0.004197806674681738,-0.2897359775219323
2026-09-16,TSLA,buy,0.3413221565193032,0.3413221565193032,0.33872638367201136,0.3199514598086854,buy,0.02242327795043716,-0.1370028863994617
2026-09-17,TSLA,hold,0.3604275279584116,0.33871787477370036,0.3604275279584116,0.30085459726788805,hold,-0.005284344822769503,-0.8283770493209659
2026-09-18,TSLA,hold,0.3607867703562824,0.33107751673267644,0.3607867703562824,0.3081357129110412,buy,0.029830352862943027,-1.0188488529092832
2026-09-21,TSLA,hold,0.41169983582237757,0.3086565853710832,0.41169983582237757,0.27964357880653906,hold,0.009546628301129739,-0.997883196414356
2026-09-22,TSLA,hold,0.41083071799631443,0.2976055709031329,0.41083071799631443,0.29156371110055274,hold,0.0032146775816225223,-1.192777704153892
2026-09-23,TSLA,hold,0.38244945844762895,0.3046403767330685,0.38244945844762895,0.3129101648193025,hold,-0.0057515201759996614,-0.8964688565664073
2026-09-24,TSLA,hold,0.38366462562683024,0.3082082793089663,0.38366462562683024,0.30812709506420355,sell,-0.015545989199977985,-0.746086561348431
2026-09-25,TSLA,hold,0.36724216136655086,0.3250201808197157,0.36724216136655086,0.30773765781373347,sell,-0.040193943758508294,-0.9874362647501919
2026-09-28,TSLA,hold,0.3569567635708342,0.32942222300964474,0.3569567635708342,0.3136210134195211,hold,-0.01298084035156419,-0.6240476426414561
2026-09-29,TSLA,hold,0.3643394528941283,0.3321025642334955,0.3643394528941283,0.3035579828723761,,,-0.6327319695499479
2026-01-02,META,hold,0.3604341849831558,0.3333990325240137,0.3604341849831558,0.30616678249283047,buy,0.012801757866687167,-0.8340208452627474
2026-01-05,META,hold,0.3780899882787394,0.3313737116220986,0.3780899882787394,0.290536300099162,hold,0.0027740866670097207,-0.7579799382312812
2026-01-06,META,hold,0.3828133232762983,0.3212240785540845,0.3828133232762983,0.29596259816961723,sell,-0.0182238217898139,-0.7829297773054127
2026-01-07,META,hold,0.3645057861553319,0.31873334387714986,0.3645057861553319,0.31676086996751834,hold,-0.0040625396307150145,-0.6637146936062013
2026-01-08,META,hold,0.3551981451555285,0.3224385351722893,0.3551981451555285,0.3223633196721822,buy,0.01077648773969337,-0.6499490046057679
2026-01-09,META,hold,0.38331507500726797,0.3252323661427213,0.38331507500726797,0.2914525588500108,sell,-0.01712743599496136,-0.8267668142609035
2026-01-12,META,hold,0.37411673337557577,0.32632657270470533,0.37411673337557577,0.29955669391971884,sell,-0.017092975628722983,-0.7060004596085142
2026-01-13,META,hold,0.3434696637395329,0.3376736396444532,0.3434696637395329,0.3188566966160139,sell,-0.02498105804165473,-0.5418264478935297
2026-01-14,META,buy,0.347442430099514,0.347442430099514,0.3378459802639633,0.31471158963652274,buy,0.008541491174937148,-0.3956201967968232
2026-01-15,META,hold,0.349036875207524,0.3375091527787874,0.349036875207524,0.31345397201368863,hold,-0.0008863402422519222,-0.5635793346401035
2026-01-16,META,buy,0.3506767344390743,0.3506767344390743,0.3422831647765069,0.3070401007844188,sell,-0.026349836865301082,-0.5595844291047153
2026-01-20,META,buy,0.3625775219890939,0.3625775219890939,0.3135120888770977,0.32391038913380843,buy,0.014526962005608768,0.2296070830015497
2026-01-21,META,buy,0.3549516996671372,0.3549516996671372,0.32862628505531044,0.31642201527755237,buy,0.05501979415359672,-0.3684193098148242
2026-01-22,META,buy,0.34810346415566756,0.34810346415566756,0.3303953157283314,0.3215012201160011,buy,0.01703976422579954,-0.6049893999479897
2026-01-23,META,hold,0.3494933479554534,0.32627897612331436,0.3494933479554534,0.3242276759212323,buy,0.020434608425405492,-0.5216641520270681
2026-01-26,META,hold,0.39458011403981563,0.2938516613507804,0.39458011403981563,0.3115682246094039,hold,0.0009066973456223803,-0.5115260679511959
2026-01-27,META,hold,0.40056563717659144,0.2833683618898314,0.40056563717659144,0.3160660009335772,hold,-0.006320290181232291,-0.4754677310507676
2026-01-28,META,hold,0.35094654777207807,0.3079646697822625,0.35094654777207807,0.34108878244565954,buy,0.09898344902194488,-0.4741326191207244
2026-01-29,META,sell,0.4062970538946903,0.30547059169595747,0.2882323544093523,0.4062970538946903,sell,-0.029985587462644837,-0.37512632854026956
2026-01-30,META,hold,0.3554780358119919,0.28995558705172514,0.3554780358119919,0.35456637713628303,sell,-0.014182436439865453,-0.2707899526419606
2026-02-02,META,hold,0.3746888433038286,0.29696231035826615,0.3746888433038286,0.3283488463379052,sell,-0.021043401374202284,-0.47766010046642654
2026-02-03,META,hold,0.3520077826606134,0.31028409558666425,0.3520077826606134,0.3377081217527224,sell,-0.033383202150616985,-0.16734739142728539
2026-02-04,META,sell,0.3504674019341424,0.3149308137630882,0.3346017843027695,0.3504674019341424,hold,0.0018219696206452755,-0.047204904246303664
2026-02-05,META,sell,0.3557125323878138,0.33864490544993353,0.30564256216225266,0.3557125323878138,sell,-0.013141593309313764,0.5368412337657592
2026-02-06,META,sell,0.36230870260632797,0.33780783399785974,0.2998834633958124,0.36230870260632797,buy,0.023546596334636374,0.2708182495422911
2026-02-09,META,hold,0.3485277201533645,0.32609810101155584,0.3485277201533645,0.3253741788350797,hold,-0.009644371951472192,-0.29597411329588424
2026-02-10,META,hold,0.3656669403486651,0.3078276953252175,0.3656669403486651,0.3265053643261174,hold,-0.003031176984665263,-0.21617597830527788
2026-02-11,META,sell,0.34876550856981925,0.3172617988502359,0.33397269257994483,0.34876550856981925,sell,-0.0286405966000573,-0.244002932425073
2026-02-12,META,sell,0.34640014602218827,0.3420442713492194,0.3115555826285924,0.34640014602218827,sell,-0.015571183025669904,0.34871596466067484
2026-02-13,META,buy,0.35220054163384606,0.35220054163384606,0.3023948508289727,0.3454046075371812,hold,-0.0007507305287529001,0.3039574005061612
2026-02-17,META,buy,0.34515246447893805,0.34515246447893805,0.3112320343073836,0.34361550121367834,hold,0.006128647666434716,0.24196105128461382
2026-02-18,META,sell,0.3498661367698535,0.32978868677700585,0.3203451764531407,0.3498661367698535,hold,0.0024224176300295165,0.11224252176736896
2026-02-19,META,sell,0.3415244802926961,0.32669498984132433,0.3317805298659796,0.3415244802926961,buy,0.016733171027809392,0.22385406869502725
2026-02-20,META,sell,0.3355261808946425,0.3343626352550589,0.33011118385029864,0.3355261808946425,sell,-0.02848032746299336,0.005759938613991308
2026-02-23,META,buy,0.3389017054801912,0.3389017054801912,0.33417574296785535,0.32692255155195343,hold,0.003211788954991013,0.36482666404245373
2026-02-24,META,hold,0.34024776020889275,0.32667618539185983,0.34024776020889275,0.3330760543992475,buy,0.022259465702711416,0.0877336382726306
2026-02-25,META,hold,0.36884956564812166,0.30963002407631546,0.36884956564812166,0.3215204102755628,hold,0.005065986873871472,-0.2178168123512918
2026-02-26,META,hold,0.3575839049426282,0.3062856674780323,0.3575839049426282,0.3361304275793395,sell,-0.01353078121978472,-0.0848513092930791
2026-02-27,META,sell,0.3438613221432432,0.32456095909476546,0.3315777187619914,0.3438613221432432,buy,0.008265945757223425,0.14715509019972628
2026-03-02,META,hold,0.34424062034600433,0.3278730823925754,0.34424062034600433,0.32788629726142027,hold,0.0023229548422623006,0.445631061795098
2026-03-03,META,sell,0.33764673106613297,0.33534615812494,0.3270071108089271,0.33764673106613297,buy,0.01912649753766743,0.8441958394327167
2026-03-04,META,hold,0.3613327878498405,0.31747275965993577,0.3613327878498405,0.32119445249022366,sell,-0.01078068955614589,0.38878062005106356
2026-03-05,META,sell,0.3536636448222009,0.3309913366884655,0.31534501848933366,0.3536636448222009,sell,-0.02406998044922376,0.8796696068190771
2026-03-06,META,sell,0.3692178589967035,0.34299782294659825,0.28778431805669835,0.3692178589967035,hold,0.003915837569880256,1.9445163771562122
2026-03-09,META,sell,0.36263280055433716,0.3368710554939882,0.30049614395167457,0.36263280055433716,buy,0.010265381291220118,1.1950053083109693
2026-03-10,META,buy,0.3392287464487158,0.3392287464487158,0.32730625221466025,0.33346500133662393,hold,0.0012069878846512234,1.085797078106795
2026-03-11,META,sell,0.3404181243666295,0.3257131429583964,0.3338687326749741,0.3404181243666295,sell,-0.025801062617061447,0.9607876485980706
2026-03-12,META,buy,0.3509579990711612,0.3509579990711612,0.3039822491270599,0.34505975180177884,sell,-0.039097872036375714,1.5349236973019835
2026-03-13,META,buy,0.38341686957226423,0.38341686957226423,0.2523423029200066,0.3642408275077291,buy,0.022997379326271838,1.509800839002838
2026-03-16,META,buy,0.3557418588741129,0.3557418588741129,0.3033328566827756,0.34092528444311154,hold,-0.007663376445494651,0.8219217785723462
2026-03-17,META,buy,0.3555972961427914,0.3555972961427914,0.3149837037315829,0.3294190001256257,sell,-0.011273242502218627,0.6075940870711809
2026-03-18,META,buy,0.3601424233953996,0.3601424233953996,0.29349180068814645,0.346365775916454,sell,-0.014692895077674791,1.1114100250239425
2026-03-19,META,buy,0.3647111325830417,0.3647111325830417,0.28570337731524237,0.34958549010171597,sell,-0.02172774979877654,0.9159278539824394
2026-03-20,META,buy,0.4070578684226283,0.4070578684226283,0.24546783846391354,0.34747429311345823,buy,0.017366808617418857,1.4132187277841852
2026-03-23,META,buy,0.3727474311759957,0.3727474311759957,0.274852060012302,0.35240050881170226,sell,-0.018614051548680195,1.2870807774105806
2026-03-24,META,buy,0.3757098079586262,0.3757098079586262,0.2837093007417781,0.3405808912995956,hold,0.003317014856432747,1.4239617243999787
2026-03-25,META,buy,0.37253558191339964,0.37253558191339964,0.282212303698731,0.3452521143878694,sell,-0.08294112210119081,1.1164963151717564
2026-03-26,META,buy,0.4676985061034446,0.4676985061034446,0.1961239191596694,0.33617757473688586,sell,-0.04066674851096255,1.4914996582752362
2026-03-27,META,buy,0.46637649138707454,0.46637649138707454,0.1862313946763586,0.34739211393656694,buy,0.020074215864235936,2.1252631351210445
2026-03-30,META,buy,0.41998397693125267,0.41998397693125267,0.2127848859442247,0.36723113712452254,buy,0.06452335372893657,2.0200316215761718
2026-03-31,META,sell,0.4164537965887728,0.3578106954806975,0.22573550793052966,0.4164537965887728,buy,0.012333393005639185,1.0488704614896542
2026-04-01,META,sell,0.36933637739693326,0.3688844840508623,0.26177913855220447,0.36933637739693326,hold,-0.008269087217093848,0.9183900622306931
2026-04-02,META,sell,0.36128973481105253,0.3434280914176689,0.29528217377127863,0.36128973481105253,hold,-0.00250989936639049,0.7957038987728274
2026-04-06,META,buy,0.34863617824829163,0.34863617824829163,0.31549844350863404,0.3358653782430743,hold,0.0035363181154320677,0.8467135091360393
2026-04-07,META,sell,0.352274964355126,0.3395173016279838,0.3082077340168902,0.352274964355126,buy,0.06296135369644458,1.1438693440312817
2026-04-08,META,sell,0.38323923458795106,0.34395258581130184,0.2728081796007472,0.38323923458795106,buy,0.025742763149646235,0.32107000365162275
2026-04-09,META,hold,0.35184537092440793,0.3135252022597058,0.35184537092440793,0.33462942681588626,hold,0.0023364626035657214,0.05222710482895876
2026-04-10,META,hold,0.37314949390787194,0.2970343824119428,0.37314949390787194,0.32981612368018526,buy,0.007387173331832082,0.029202343179279007
2026-04-13,META,hold,0.40216989226403393,0.2788308905013174,0.40216989226403393,0.31899921723464864,buy,0.04312074700475604,0.01803661349151922
2026-04-14,META,hold,0.3928358460797764,0.27306029270603,0.3928358460797764,0.33410386121419366,buy,0.013627743585842298,-0.13947832673449478
2026-04-15,META,hold,0.40491319229124245,0.26564317592700515,0.40491319229124245,0.32944363178175223,buy,0.007846011044191461,-0.17295924217371522
2026-04-16,META,hold,0.41657443338007877,0.25433101343639675,0.41657443338007877,0.32909455318352443,buy,0.01710869274660332,-0.22069953495404562
2026-04-17,META,hold,0.4299784935194806,0.24835305418698467,0.4299784935194806,0.32166845229353475,sell,-0.025952897624824386,-0.3283949533595759
2026-04-20,META,hold,0.39414643958385076,0.27233756987307567,0.39414643958385076,0.3335159905430736,hold,-0.0030900620521360765,0.03966480927007472
2026-04-21,META,hold,0.38181988804743994,0.28789288588604967,0.38181988804743994,0.3302872260665104,buy,0.00875284687284244,0.21791181782624924
2026-04-22,META,hold,0.4036183530806776,0.2717457479568206,0.4036183530806776,0.3246358989625018,sell,-0.02334659983224751,0.08260839459320009
2026-04-23,META,hold,0.35577608912407904,0.29507613781737924,0.35577608912407904,0.3491477730585417,buy,0.023806004349349517,0.20612221044806892
2026-04-24,META,hold,0.3879382385450052,0.27663339508890433,0.3879382385450052,0.3354283663660905,hold,0.005304121572969255,0.04973570637917398
2026-04-27,META,hold,0.4082266247620735,0.2687345062941378,0.4082266247620735,0.3230388689437886,sell,-0.010785599866338778,-0.1383307867416386
2026-04-28,META,hold,0.3845996406242701,0.28133238187009746,0.3845996406242701,0.3340679775056324,hold,-0.0033122855942094042,-0.18614556409297
2026-04-29,META,sell,0.3512212496566347,0.3009405231993096,0.34783822714405577,0.3512212496566347,sell,-0.08937827806119106,0.10529857365350428
2026-04-30,META,sell,0.42448137879737713,0.33521727389950856,0.24030134730311425,0.42448137879737713,hold,-0.005177467453735221,-0.4479759288917811
2026-05-01,META,sell,0.34738120665688216,0.3216302010898622,0.33098859225325555,0.34738120665688216,hold,0.0027232052559373813,-0.41239039984700754
2026-05-04,META,sell,0.3428864666951439,0.32613836932991597,0.33097516397494015,0.3428864666951439,sell,-0.008968545456936096,-0.021973536041431797
2026-05-05,META,hold,0.345885345633222,0.3259954703437361,0.345885345633222,0.32811918402304185,buy,0.013006828566828586,-0.2866723900436747
2026-05-06,META,hold,0.3438962754404413,0.3122884653887531,0.3438962754404413,0.3438152591708055,hold,0.006391800254510678,-0.27765403864015503
2026-05-07,META,hold,0.35716500860702605,0.31592495900125017,0.35716500860702605,0.3269100323917237,sell,-0.011708768379497228,-0.36388353574671634
2026-05-08,META,hold,0.3703806074561227,0.3071501323056817,0.3703806074561227,0.32246926023819544,sell,-0.01782434056785062,-0.32470542669529284
2026-05-11,META,hold,0.351364916910531,0.31986640574557,0.351364916910531,0.32876867734389903,buy,0.006889398079975665,0.04063189818879537
2026-05-12,META,hold,0.36054081295018653,0.3175551336822962,0.36054081295018653,0.3219040533675173,buy,0.02235194987158625,-0.07329628124845196
2026-05-13,META,hold,0.35906206978046346,0.3096891698669251,0.35906206978046346,0.33124876035261136,hold,0.0029147750519298026,-0.10920489523411767
2026-05-14,META,hold,0.37843208423866187,0.30563416699668516,0.37843208423866187,0.315933748764653,hold,-0.006814471279219527,-0.29373257345475673
2026-05-15,META,hold,0.33536917040529063,0.3302688629743945,0.33536917040529063,0.3343619666203149,hold,-0.0049288634084825,0.06268868115306028
2026-05-18,META,hold,0.34799623552127845,0.32720051826208485,0.34799623552127845,0.3248032462166367,sell,-0.0141703849659383,-0.1230092500374077
2026-05-19,META,hold,0.34804338838918464,0.33474320994415335,0.34804338838918464,0.31721340166666195,hold,0.004057404517558643,-0.050942720285505984
2026-05-20,META,hold,0.37217586633865607,0.3128273388132353,0.37217586633865607,0.31499679484810855,hold,0.0038269238422706142,-0.23885672174366268
2026-05-21,META,hold,0.3647354766728546,0.3113412494631191,0.3647354766728546,0.3239232738640264,hold,0.004730566096830265,-0.4441095891108319
2026-05-22,META,hold,0.38485607492605917,0.30763194525870385,0.38485607492605917,0.30751197981523704,hold,0.003402556197571217,-0.4577383138031748
2026-05-26,META,hold,0.3972615813770971,0.2912801699234185,0.3972615813770971,0.3114582486994844,buy,0.03674670687615341,-0.3535999863663162
2026-05-27,META,hold,0.3803932932252911,0.2919084249939591,0.3803932932252911,0.3276982817807497,hold,4.715842575644896e-05,-0.5700834016551456
2026-05-28,META,hold,0.3977641333664188,0.2795758363939584,0.3977641333664188,0.3226600302396228,hold,-0.004385512320830528,-0.7331350689849943
2026-05-29,META,hold,0.38254081618546787,0.2878800787713752,0.38254081618546787,0.3295791050431569,sell,-0.05198347820956542,-0.8555508126811494
2026-06-01,META,sell,0.3427011648934413,0.3258237290512656,0.3314751060552931,0.3427011648934413,hold,-0.004740765526197034,-0.6295303083539382
2026-06-02,META,hold,0.3557742932781207,0.3212217478528172,0.3557742932781207,0.32300395886906214,buy,0.041542621977998094,-0.7109641544264648
2026-06-03,META,hold,0.35488164413504086,0.3208996199022113,0.35488164413504086,0.3242187359627478,buy,0.007340736791390922,-0.6203048665863439
2026-06-04,META,hold,0.35119920196907056,0.3300461510512576,0.35119920196907056,0.31875464697967176,sell,-0.0566606989275318,-0.8172405655047367
2026-06-05,META,buy,0.38830391485403587,0.38830391485403587,0.27995677232604044,0.3317393128199237,sell,-0.01291615216669664,1.0321512314317247
2026-06-08,META,buy,0.34938730772730836,0.34938730772730836,0.3139596906801988,0.3366530015924928,hold,-0.0013675724265206108,0.2448533135107166
2026-06-09,META,buy,0.3568210296201,0.3568210296201,0.3075628887062684,0.3356160816736316,sell,-0.02355655460777631,0.5292928988064687
2026-06-10,META,buy,0.39171310413798305,0.39171310413798305,0.2779268363680304,0.3303600594939865,hold,-0.004476051280587749,1.231427870967441
2026-06-11,META,buy,0.3652937860796796,0.3652937860796796,0.2891310431966023,0.34557517072371813,hold,-0.0025542434935139735,0.38892349666652537
2026-06-12,META,buy,0.3608021165093897,0.3608021165093897,0.32610623180021825,0.31309165169039216,buy,0.04660593635037774,-0.14226903080188863
2026-06-15,META,hold,0.3641363175879953,0.3322122740057736,0.3641363175879953,0.30365140840623117,buy,0.011276143820153064,-0.5841077781456654
2026-06-16,META,hold,0.37356483006631386,0.3160472004403119,0.37356483006631386,0.31038796949337416,sell,-0.05589784833476067,-0.5172162397694944
2026-06-17,META,buy,0.346677657269726,0.346677657269726,0.3120853752621994,0.3412369674680746,buy,0.016841638834168136,0.10008520473567539
2026-06-18,META,sell,0.34785779111379517,0.3366350146239553,0.3155071942622495,0.34785779111379517,sell,-0.023435182867425894,-0.5132070138214024
2026-06-22,META,buy,0.34114589130273426,0.34114589130273426,0.33078363953058415,0.32807046916668164,hold,-0.0029305697120350586,-0.24294239503010637
2026-06-23,META,buy,0.3620517103551922,0.3620517103551922,0.3038536115986839,0.3340946780461239,hold,-0.008090269873054341,0.42754937949100014
2026-06-24,META,buy,0.36446441750495084,0.36446441750495084,0.306363003085835,0.3291725794092142,sell,-0.026897511346503408,0.16539247357650086
2026-06-25,META,buy,0.37012740562729823,0.37012740562729823,0.2973934792932576,0.33247911507944417,buy,0.013502887808519779,0.24171910049593986
2026-06-26,META,buy,0.38106899767535723,0.38106899767535723,0.29600440500267355,0.3229265973219692,buy,0.022196084104301527,0.09398580833959788
2026-06-29,META,buy,0.35569331343748767,0.35569331343748767,0.3328796845236427,0.3114270020388697,hold,0.0012256923369592084,-0.13828511034194244
2026-06-30,META,hold,0.3423995060536894,0.3370391784524528,0.3423995060536894,0.3205613154938578,buy,0.08442351979156928,-0.5021638605330597
2026-07-01,META,buy,0.3469591731688532,0.3469591731688532,0.3068486925276161,0.3461921343035306,sell,-0.050202348077517445,-0.45932414847134273
2026-07-02,META,hold,0.3509239908344757,0.3214864140061553,0.3509239908344757,0.327589595159369,buy,0.029397115290332648,-0.5920899169764093
2026-07-06,META,hold,0.38461336565069204,0.29199587088003387,0.38461336565069204,0.32339076346927403,buy,0.025152160341125173,-0.7666036067597525
2026-07-07,META,hold,0.37689692215293774,0.30094872584142485,0.37689692215293774,0.3221543520056374,sell,-0.020448764487568865,-0.5943988666300544
2026-07-08,META,hold,0.3752799482761651,0.2914208260572083,0.3752799482761651,0.3332992256666265,buy,0.045950007541939016,-0.3612110324931924
2026-07-09,META,sell,0.3609601011416622,0.28058564320712115,0.35845425565121675,0.3609601011416622,buy,0.05803174993106454,-0.6822296100047189
2026-07-10,META,hold,0.3744897810199282,0.28779905592929594,0.3744897810199282,0.337711163050776,sell,-0.01882502186272947,-0.9260670011373038
2026-07-13,META,hold,0.36400265443960356,0.29640961721790005,0.36400265443960356,0.33958772834249634,hold,0.006541344717337282,-0.28219152949591786
2026-07-14,META,hold,0.39112829578573993,0.2835897153825582,0.39112829578573993,0.32528198883170195,buy,0.030203173428946288,-0.4810956701560535
2026-07-15,META,hold,0.3967492324322983,0.2699824520748113,0.3967492324322983,0.3332683154928905,sell,-0.024922433270471042,-0.7296376015843158
2026-07-16,META,hold,0.3808959654278046,0.27985388515656917,0.3808959654278046,0.3392501494156262,sell,-0.028279984582476127,-0.4084145264178843
2026-07-17,META,sell,0.36496680239791274,0.3115297617443004,0.3235034358577868,0.36496680239791274,hold,-0.00024776416609612186,0.20591976461276257
2026-07-20,META,hold,0.3590236993376305,0.3105242750576633,0.3590236993376305,0.33045202560470616,hold,-0.003163626861580626,0.1670023301221471
2026-07-21,META,hold,0.4006581143856664,0.2947343614008544,0.4006581143856664,0.30460752421347925,sell,-0.02618603757992261,-0.3178241083872704
2026-07-22,META,hold,0.37872996655342395,0.30175779946497544,0.37872996655342395,0.31951223398160056,sell,-0.03417268283606626,-0.4421482479365628
2026-07-23,META,sell,0.3580600246624662,0.3228429333627433,0.3190970419747905,0.3580600246624662,sell,-0.018164258192068877,0.1777665338631884
2026-07-24,META,hold,0.3417224429937577,0.3294335164674876,0.3417224429937577,0.32884404053875466,hold,-0.0022202600731345665,0.13773291672399618
2026-07-27,META,hold,0.34531754444926505,0.3395877175554238,0.34531754444926505,0.3150947379953112,hold,-0.0007749116701945256,0.16084272357076707
2026-07-28,META,hold,0.3371382245682954,0.3360070886341422,0.3371382245682954,0.32685468679756235,sell,-0.013231477322596979,0.017142885299091262
2026-07-29,META,buy,0.3639020296473964,0.3639020296473964,0.2914275368874415,0.3446704334651622,sell,-0.08288270973420606,0.7576966159689555
2026-07-30,META,buy,0.3849065449967922,0.3849065449967922,0.24400647008603402,0.37108698491717385,buy,0.032273151155720034,-0.33196410936969134
2026-07-31,META,buy,0.3446055244829319,0.3446055244829319,0.3213899864604443,0.3340044890566237,buy,0.05848474316245962,-0.6661653999564779
2026-08-03,META,sell,0.34044962451633387,0.3208210862889665,0.33872928919469963,0.34044962451633387,hold,-0.0039042817929164464,-0.7002642307042627
2026-08-04,META,hold,0.3713849152019515,0.30251603599865173,0.3713849152019515,0.3260990487993968,hold,0.001410713494443174,-0.5037750093277213
2026-08-05,META,hold,0.3786855154415042,0.296163642247157,0.3786855154415042,0.3251508423113388,hold,0.001917486305610128,-0.7107861271143682
2026-08-06,META,hold,0.38781370300410123,0.29674583259567966,0.38781370300410123,0.3154404644002191,hold,0.003722366225877122,-0.9084917687441293
2026-08-07,META,hold,0.4031389992023531,0.29357470137299213,0.4031389992023531,0.3032862994246548,hold,0.004751460338464643,-0.9810103055730187
2026-08-10,META,hold,0.3896806811008002,0.3060813893901859,0.3896806811008002,0.30423792950901385,buy,0.0070349145066037864,-0.8117022775635087
2026-08-11,META,hold,0.3902906639635843,0.3102425450461311,0.3902906639635843,0.2994667909902847,sell,-0.034418558886026615,-0.8644474255499709
2026-08-12,META,hold,0.3962404443374943,0.30188804063342056,0.3962404443374943,0.30187151502908527,buy,0.027467628883612392,-1.0853975365619515
2026-08-13,META,hold,0.4347181614369821,0.2629553678225953,0.4347181614369821,0.3023264707404227,hold,-0.008642724525718853,-1.0615011231532923
2026-08-14,META,hold,0.4268545005877967,0.27793754329463866,0.4268545005877967,0.29520795611756456,sell,-0.0360405445267914,-1.1751596018914214
2026-08-17,META,hold,0.3840608733318444,0.298495774466487,0.3840608733318444,0.3174433522016686,sell,-0.04548522905092176,-0.8904960150228793
2026-08-18,META,sell,0.3404118573006247,0.32793421660332733,0.331653926096048,0.3404118573006247,hold,0.004331502280614236,-0.6950915316193057
2026-08-19,META,hold,0.3623458138969241,0.308778615793321,0.3623458138969241,0.3288755703097549,hold,-0.0003663231579575674,-0.9817503260975441
2026-08-20,META,hold,0.3559290012680777,0.30941581831581416,0.3559290012680777,0.33465518041610814,buy,0.007428838391575098,-0.6427950661457017
2026-08-21,META,hold,0.3806010423543899,0.3096474799722955,0.3806010423543899,0.30975147767331457,buy,0.016448888976044428,-0.9067531993448023
2026-08-24,META,hold,0.3888837946291522,0.2965210266221738,0.3888837946291522,0.3145951787486741,buy,0.01953871529142359,-0.6919370891538119
2026-08-25,META,hold,0.4258484255458804,0.27713028091758374,0.4258484255458804,0.29702129353653595,buy,0.010626623632392484,-0.8146889843968194
2026-08-26,META,hold,0.35342551647325443,0.30547116551549186,0.35342551647325443,0.3411033180112536,hold,-0.008786442021908387,-0.888891031212466
2026-08-27,META,hold,0.38238650576583005,0.3061823979644233,0.38238650576583005,0.3114310962697465,buy,0.01204426452245861,-1.1006941327478228
2026-08-28,META,hold,0.38366921148176997,0.31010704168346964,0.38366921148176997,0.3062237468347604,hold,-0.009875277756110048,-1.1249908770942423
2026-08-31,META,hold,0.3947365874331788,0.3093465123100755,0.3947365874331788,0.2959169002567456,buy,0.010774394628771456,-0.9751710913160972
2026-09-01,META,hold,0.3694175828817252,0.32104154131449736,0.3694175828817252,0.3095408758037774,buy,0.024433712960559344,-0.5428846535023673
2026-09-02,META,hold,0.38398753965147203,0.3144619182853017,0.38398753965147203,0.30155054206322623,buy,0.029631741201243185,-0.8865374095666877
2026-09-03,META,hold,0.40072953246029613,0.3027787870471573,0.40072953246029613,0.29649168049254654,buy,0.00992310483974854,-1.1507504748367114
2026-09-04,META,hold,0.41311744957864066,0.2805213122813697,0.41311744957864066,0.3063612381399896,hold,-0.005348533774199563,-1.0855457484302957
2026-09-08,META,hold,0.3834032974207322,0.3039981611455154,0.3834032974207322,0.3125985414337524,buy,0.06348555830346835,-0.7272075866219389
2026-09-09,META,hold,0.35948171929600115,0.29517862784690746,0.35948171929600115,0.34533965285709134,sell,-0.014344547601190522,-0.5049183483477678
2026-09-10,META,hold,0.359785105934708,0.30633986612649133,0.359785105934708,0.33387502793880064,hold,0.005648429725333688,-0.09062407154830421
2026-09-11,META,hold,0.3865063479818389,0.3070278708552758,0.3865063479818389,0.3064657811628853,buy,0.02675181501778656,-0.7001707414604008
2026-09-14,META,hold,0.3905487517145265,0.2871297652871427,0.3905487517145265,0.32232148299833097,hold,0.006946984801726237,-0.3190332779477186
2026-09-15,META,hold,0.3786533078285982,0.29566000105317053,0.3786533078285982,0.3256866911182313,hold,0.004569970761570193,-0.2897359775219323
2026-09-16,META,hold,0.3930969983506558,0.2902874539201646,0.3930969983506558,0.3166155477291795,buy,0.013278277279149764,-0.1370028863994617
2026-09-17,META,hold,0.41063667455942965,0.27822336174648127,0.41063667455942965,0.3111399636940891,sell,-0.024569866646660325,-0.8283770493209659
2026-09-18,META,hold,0.37718306511460636,0.306422930210648,0.37718306511460636,0.3163940046747457,buy,0.10821256596678755,-1.0188488529092832
2026-09-21,META,sell,0.3778329886391243,0.2795141652817958,0.3426528460790799,0.3778329886391243,hold,-0.0062929794452316,-0.997883196414356
2026-09-22,META,hold,0.3791436261799716,0.29073298918635804,0.3791436261799716,0.33012338463367036,buy,0.010130430726321367,-1.192777704153892
2026-09-23,META,hold,0.3710042298951393,0.28261379150407473,0.3710042298951393,0.346381978600786,buy,0.04402402592500573,-0.8964688565664073
2026-09-24,META,hold,0.3831111716456299,0.2662660570524942,0.3831111716456299,0.35062277130187597,sell,-0.033915369196507755,-0.746086561348431
2026-09-25,META,hold,0.3886743039419515,0.2779036393740118,0.3886743039419515,0.3334220566840368,sell,-0.04913476532608198,-0.9874362647501919
2026-09-28,META,hold,0.3612503661912038,0.30218766820818416,0.3612503661912038,0.3365619656006121,buy,0.031864390033715675,-0.6240476426414561
2026-09-29,META,hold,0.37595088377056557,0.28546420673298617,0.37595088377056557,0.3385849094964483,,,-0.6327319695499479
2026-01-02,NVDA,hold,0.3658843222604605,0.32734727176150646,0.3658843222604605,0.3067684059780332,hold,-0.003873024959660502,-0.8340208452627474
2026-01-05,NVDA,hold,0.36110218245815623,0.32488566513799055,0.36110218245815623,0.3140121524038532,hold,-0.004688755296330207,-0.7579799382312812
2026-01-06,NVDA,hold,0.374262192746712,0.31846264494150517,0.374262192746712,0.3072751623117829,hold,0.009937540367070348,-0.7829297773054127
2026-01-07,NVDA,hold,0.36146727231360265,0.31297847882855556,0.36146727231360265,0.3255542488578418,sell,-0.02175693522790216,-0.6637146936062013
2026-01-08,NVDA,hold,0.35577973432991483,0.3168626936504406,0.35577973432991483,0.3273575720196446,hold,-0.0009731583408816122,-0.6499490046057679
2026-01-09,NVDA,hold,0.367163655005063,0.3189884501122257,0.367163655005063,0.3138478948827113,hold,0.000432696062586976,-0.8267668142609035
2026-01-12,NVDA,hold,0.3620744278820486,0.31889242313109345,0.3620744278820486,0.319033148986858,hold,0.004693180430063102,-0.7060004596085142
2026-01-13,NVDA,hold,0.34617038652365395,0.32556099721540493,0.34617038652365395,0.3282686162609411,sell,-0.014473790210957928,-0.5418264478935297
2026-01-14,NVDA,hold,0.3395490801560866,0.32223779862689833,0.3395490801560866,0.3382131212170151,buy,0.02112511088163419,-0.3956201967968232
2026-01-15,NVDA,hold,0.3407083081877482,0.3372035192163413,0.3407083081877482,0.3220881725959106,hold,-0.004393486617098522,-0.5635793346401035
2026-01-16,NVDA,hold,0.3500684147036256,0.33451322726329386,0.3500684147036256,0.3154183580330806,sell,-0.044805795946514605,-0.5595844291047153
2026-01-20,NVDA,buy,0.3514213708618907,0.3514213708618907,0.3032522422180429,0.3453263869200664,buy,0.02905663204857351,0.2296070830015497
2026-01-21,NVDA,buy,0.3542547127466668,0.3542547127466668,0.31810286344072375,0.3276424238126094,hold,0.00825722938956494,-0.3684193098148242
2026-01-22,NVDA,hold,0.3508627985169408,0.33802379677794425,0.3508627985169408,0.31111340470511495,buy,0.015194523916385622,-0.6049893999479897
2026-01-23,NVDA,hold,0.353698483571999,0.33689355054875053,0.353698483571999,0.3094079658792505,hold,-0.006414765671124268,-0.5216641520270681
2026-01-26,NVDA,hold,0.36277804795817153,0.3340468531533698,0.36277804795817153,0.30317509888845867,hold,0.010933802788349264,-0.5115260679511959
2026-01-27,NVDA,hold,0.36526088961728503,0.324533676382766,0.36526088961728503,0.31020543399994904,buy,0.015788058828167452,-0.4754677310507676
2026-01-28,NVDA,hold,0.37126589242756564,0.31797389313129076,0.37126589242756564,0.3107602144411435,hold,0.005155924628249999,-0.4741326191207244
2026-01-29,NVDA,hold,0.34268911932910184,0.31653071637761754,0.34268911932910184,0.34078016429328056,sell,-0.007194232038127074,-0.37512632854026956
2026-01-30,NVDA,hold,0.33622557459234764,0.33389595663177746,0.33622557459234764,0.329878468775875,sell,-0.029306192922961393,-0.2707899526419606
2026-02-02,NVDA,buy,0.3477260424240974,0.3477260424240974,0.3340741051874552,0.3181998523884474,sell,-0.028803789285737028,-0.47766010046642654
2026-02-03,NVDA,buy,0.3523176911028296,0.3523176911028296,0.31176828262945766,0.33591402626771266,sell,-0.03469717392603443,-0.16734739142728539
2026-02-04,NVDA,buy,0.36293077329153095,0.36293077329153095,0.2994206706151758,0.3376485560932933,sell,-0.013350121156681534,-0.047204904246303664
2026-02-05,NVDA,buy,0.3862770223857532,0.3862770223857532,0.2784172551097952,0.33530572250445156,buy,0.07577302479417247,0.5368412337657592
2026-02-06,NVDA,sell,0.36376895258042646,0.3504918960534491,0.28573915136612443,0.36376895258042646,buy,0.024664961920204516,0.2708182495422911
2026-02-09,NVDA,buy,0.35718279317867246,0.35718279317867246,0.32265854842814884,0.32015865839317875,sell,-0.007924430475663165,-0.29597411329588424
2026-02-10,NVDA,hold,0.35832581434236405,0.3204415020474712,0.35832581434236405,0.3212326836101648,hold,0.007977143746426428,-0.21617597830527788
2026-02-11,NVDA,hold,0.3571181308873554,0.3148590802568594,0.3571181308873554,0.3280227888557853,sell,-0.0164994725680374,-0.244002932425073
2026-02-12,NVDA,buy,0.3433523962610091,0.3433523962610091,0.31786613997215263,0.3387814637668382,sell,-0.022340528871692925,0.34871596466067484
2026-02-13,NVDA,buy,0.3526036981463181,0.3526036981463181,0.3126496708779666,0.33474663097571533,hold,0.011746430092697345,0.3039574005061612
2026-02-17,NVDA,buy,0.35399603466287693,0.35399603466287693,0.307413829682701,0.338590135654422,buy,0.01614177355983183,0.24196105128461382
2026-02-18,NVDA,buy,0.34504383648442094,0.34504383648442094,0.32729963140915963,0.32765653210641943,hold,-0.0004256970874332547,0.11224252176736896
2026-02-19,NVDA,sell,0.335300436365449,0.33287198954181685,0.33182757409273417,0.335300436365449,hold,0.010166481000079343,0.22385406869502725
2026-02-20,NVDA,buy,0.33477552185571147,0.33477552185571147,0.33417849518334874,0.33104598296093984,hold,0.009072568651146638,0.005759938613991308
2026-02-23,NVDA,buy,0.347701428688913,0.347701428688913,0.32132136347182455,0.3309772078392623,hold,0.006763900557690002,0.36482666404245373
2026-02-24,NVDA,sell,0.3396431693787099,0.333173074837867,0.3271837557834231,0.3396431693787099,buy,0.013954478728536618,0.0877336382726306
2026-02-25,NVDA,sell,0.33614271535636536,0.3307104309833516,0.33314685366028296,0.33614271535636536,sell,-0.05610613126070414,-0.2178168123512918
2026-02-26,NVDA,sell,0.3628363082490577,0.3532906461154167,0.2838730456355256,0.3628363082490577,sell,-0.04253852409539948,-0.0848513092930791
2026-02-27,NVDA,sell,0.36698287636491517,0.3654342496051655,0.26758287402991937,0.36698287636491517,buy,0.02941788454896257,0.14715509019972628
2026-03-02,NVDA,buy,0.357540243826268,0.357540243826268,0.2938679599971285,0.3485917961766035,sell,-0.01340584527300092,0.445631061795098
2026-03-03,NVDA,buy,0.3644748263555248,0.3644748263555248,0.28487547032307303,0.35064970332140216,buy,0.016470102712185488,0.8441958394327167
2026-03-04,NVDA,buy,0.35325966326860264,0.35325966326860264,0.3037970639763544,0.34294327275504294,hold,0.0016375691698851046,0.38878062005106356
2026-03-05,NVDA,sell,0.36671268776220683,0.34832427009967387,0.2849630421381193,0.36671268776220683,sell,-0.030570450637469503,0.8796696068190771
2026-03-06,NVDA,buy,0.3866357646227406,0.3866357646227406,0.2510002213947811,0.36236401398247836,buy,0.02679987388469026,1.9445163771562122
2026-03-09,NVDA,buy,0.3608263803282593,0.3608263803282593,0.281844587023415,0.3573290326483256,hold,0.011540141164621152,1.1950053083109693
2026-03-10,NVDA,buy,0.36473659535979475,0.36473659535979475,0.2951910079721343,0.34007239666807093,hold,0.006850190509578952,1.085797078106795
2026-03-11,NVDA,buy,0.350446799277008,0.350446799277008,0.3048031428077174,0.3447500579152745,sell,-0.015657054996361226,0.9607876485980706
2026-03-12,NVDA,buy,0.3594330098170991,0.3594330098170991,0.2871642164520657,0.3534027737308353,sell,-0.015906018045724696,1.5349236973019835
2026-03-13,NVDA,buy,0.3766931850986301,0.3766931850986301,0.28092674214238195,0.34238007275898796,buy,0.016342753361472204,1.509800839002838
2026-03-16,NVDA,buy,0.3916491415531521,0.3916491415531521,0.2620507050317402,0.3463001534151076,hold,-0.007065565279974498,0.8219217785723462
2026-03-17,NVDA,buy,0.36165877159567716,0.36165877159567716,0.310355435292026,0.3279857931122968,sell,-0.008445439865892895,0.6075940870711809
2026-03-18,NVDA,buy,0.3635849291169562,0.3635849291169562,0.30212093863940287,0.33429413224364085,sell,-0.01025199391701224,1.1114100250239425
2026-03-19,NVDA,buy,0.3705438026572714,0.3705438026572714,0.27532809080669446,0.35412810653603427,sell,-0.03336859616024455,0.9159278539824394
2026-03-20,NVDA,buy,0.3991900626535247,0.3991900626535247,0.2589540421328171,0.34185589521365817,buy,0.01688042250464692,1.4132187277841852
2026-03-23,NVDA,buy,0.3765165018177183,0.3765165018177183,0.2712865359658483,0.35219696221643343,hold,-0.0025082603923013867,1.2870807774105806
2026-03-24,NVDA,buy,0.37779936784394685,0.37779936784394685,0.27631894234019405,0.34588168981585915,buy,0.019668304028877433,1.4239617243999787
2026-03-25,NVDA,buy,0.37355012386869746,0.37355012386869746,0.2791523877165933,0.34729748841470925,sell,-0.04253033849182578,1.1164963151717564
2026-03-26,NVDA,buy,0.39181788471611545,0.39181788471611545,0.2693821253676061,0.3387999899162786,sell,-0.02196333888878508,1.4914996582752362
2026-03-27,NVDA,buy,0.4123375357283766,0.4123375357283766,0.24205419523471358,0.3456082690369098,sell,-0.014127557951646623,2.1252631351210445
2026-03-30,NVDA,buy,0.418673817764318,0.418673817764318,0.23588407110697543,0.3454421111287066,buy,0.054376197004588275,2.0200316215761718
2026-03-31,NVDA,sell,0.38401952519464866,0.3651505030339218,0.25082997177142957,0.38401952519464866,hold,0.007711034484215726,1.0488704614896542
2026-04-01,NVDA,buy,0.37408648877116474,0.37408648877116474,0.2836953340217419,0.34221817720709335,hold,0.00928826076522623,0.9183900622306931
2026-04-02,NVDA,buy,0.35694821098149904,0.35694821098149904,0.2995462396113892,0.3435055494071117,hold,0.0014082771723968044,0.7957038987728274
2026-04-06,NVDA,buy,0.353922814376265,0.353922814376265,0.3166611029256083,0.32941608269812667,hold,0.002586176316994212,0.8467135091360393
2026-04-07,NVDA,buy,0.3578100655485193,0.3578100655485193,0.2991439689372593,0.3430459655142215,buy,0.022101008162042288,1.1438693440312817
2026-04-08,NVDA,buy,0.34243695708497524,0.34243695708497524,0.33951649474357903,0.31804654817144584,hold,0.010000408446462517,0.32107000365162275
2026-04-09,NVDA,hold,0.36325834540851065,0.3247275638974084,0.36325834540851065,0.31201409069408087,buy,0.025340875864889145,0.05222710482895876
2026-04-10,NVDA,hold,0.3566026416446846,0.32927541648476116,0.3566026416446846,0.3141219418705542,hold,0.0035983899424540016,0.029202343179279007
2026-04-13,NVDA,hold,0.3799572571392505,0.31220935838119784,0.3799572571392505,0.3078333844795516,buy,0.03732743039584176,0.01803661349151922
2026-04-14,NVDA,hold,0.3940835489513459,0.294948513924608,0.3940835489513459,0.31096793712404613,hold,0.011938083175825558,-0.13947832673449478
2026-04-15,NVDA,hold,0.37921931824742694,0.2951884351462716,0.37921931824742694,0.3255922466063014,hold,-0.002618197740074391,-0.17295924217371522
2026-04-16,NVDA,hold,0.3770193937044113,0.2941969316304982,0.3770193937044113,0.3287836746650905,buy,0.016649045567807226,-0.22069953495404562
2026-04-17,NVDA,hold,0.41818450285936104,0.27385801809251237,0.41818450285936104,0.3079574790481267,hold,0.0018824088642086202,-0.3283949533595759
2026-04-20,NVDA,hold,0.3865697652631962,0.28673459770634846,0.3865697652631962,0.3266956370304553,sell,-0.010847369949045943,0.03966480927007472
2026-04-21,NVDA,hold,0.3760095489132574,0.3045780361742553,0.3760095489132574,0.3194124149124874,buy,0.013022643204450814,0.21791181782624924
2026-04-22,NVDA,hold,0.39874273287059425,0.28033460885586337,0.39874273287059425,0.32092265827354244,sell,-0.014224179207966972,0.08260839459320009
2026-04-23,NVDA,hold,0.3577986373491977,0.30581016715360143,0.3577986373491977,0.3363911954972009,buy,0.04231958149382599,0.20612221044806892
2026-04-24,NVDA,hold,0.3607227653135001,0.2955356115010037,0.3607227653135001,0.3437416231854961,buy,0.03926320391664804,0.04973570637917398
2026-04-27,NVDA,hold,0.389993438482934,0.2740279346378955,0.389993438482934,0.33597862687917057,sell,-0.016008553153041564,-0.1383307867416386
2026-04-28,NVDA,hold,0.3638206597939698,0.2908036092581343,0.3638206597939698,0.3453757309478958,sell,-0.018560242407810068,-0.18614556409297
2026-04-29,NVDA,hold,0.37893135719276516,0.28055341934842076,0.37893135719276516,0.3405152234588142,sell,-0.047364678037595136,0.10529857365350428
2026-04-30,NVDA,sell,0.3531318704666656,0.30225735413621724,0.3446107753971171,0.3531318704666656,hold,-0.005627801388784393,-0.4479759288917811
2026-05-01,NVDA,hold,0.3652832770458344,0.3046792427878865,0.3652832770458344,0.33003748016627904,hold,0.00015103714771935503,-0.41239039984700754
2026-05-04,NVDA,hold,0.3415825882973061,0.32420362276557607,0.3415825882973061,0.33421378893711784,sell,-0.010025881252397003,-0.021973536041431797
2026-05-05,NVDA,hold,0.37170619544017874,0.31868677980135146,0.37170619544017874,0.30960702475846985,buy,0.05605804391454571,-0.2866723900436747
2026-05-06,NVDA,hold,0.3688742056894627,0.2952908867002233,0.3688742056894627,0.33583490761031404,buy,0.017504588949092632,-0.27765403864015503
2026-05-07,NVDA,hold,0.3561486197350313,0.31011016363678545,0.3561486197350313,0.33374121662818323,buy,0.01734281474781367,-0.36388353574671634
2026-05-08,NVDA,hold,0.39173918233527,0.2908018005499227,0.39173918233527,0.31745901711480723,buy,0.019511022435273598,-0.32470542669529284
2026-05-11,NVDA,hold,0.37187506033721635,0.29648615913099297,0.37187506033721635,0.3316387805317907,hold,0.006087886202129122,0.04063189818879537
2026-05-12,NVDA,hold,0.3573290817949639,0.30641144522679115,0.3573290817949639,0.3362594729782449,buy,0.022615770328045653,-0.07329628124845196
2026-05-13,NVDA,hold,0.37855609518195316,0.29185739030823965,0.37855609518195316,0.32958651450980725,buy,0.04294702226715254,-0.10920489523411767
2026-05-14,NVDA,hold,0.3917333946080762,0.2809742802158815,0.3917333946080762,0.3272923251760422,sell,-0.045207902776556966,-0.29373257345475673
2026-05-15,NVDA,sell,0.3442134987443478,0.31889986293617906,0.33688663831947313,0.3442134987443478,sell,-0.013403785202376584,0.06268868115306028
2026-05-18,NVDA,hold,0.357315282172679,0.3148645173628799,0.357315282172679,0.32782020046444105,sell,-0.007721418440803279,-0.1230092500374077
2026-05-19,NVDA,hold,0.33540209370956187,0.32929570445175727,0.33540209370956187,0.33530220183868076,buy,0.012880773701817838,-0.050942720285505984
2026-05-20,NVDA,hold,0.3482479987871192,0.31456359898335196,0.3482479987871192,0.3371884022295289,sell,-0.01787940718646221,-0.23885672174366268
2026-05-21,NVDA,sell,0.3362939223693516,0.33588388437821987,0.32782219325242856,0.3362939223693516,sell,-0.01922607229301708,-0.4441095891108319
2026-05-22,NVDA,hold,0.3653275667699612,0.3132091838787603,0.3653275667699612,0.3214632493512786,hold,-0.00218503386614648,-0.4577383138031748
2026-05-26,NVDA,hold,0.3502788443062655,0.3175100750927973,0.3502788443062655,0.3322110806009372,sell,-0.010574216746573724,-0.3535999863663162
2026-05-27,NVDA,hold,0.3475293938628609,0.31083806279147264,0.3475293938628609,0.3416325433456665,hold,0.0077311061587658275,-0.5700834016551456
2026-05-28,NVDA,hold,0.3688000930455848,0.30615012430733024,0.3688000930455848,0.325049782647085,sell,-0.014622125972670924,-0.7331350689849943
2026-05-29,NVDA,buy,0.34654719503882314,0.34654719503882314,0.3186271128866645,0.3348256920745124,buy,0.060730476039717304,-0.8555508126811494
2026-06-01,NVDA,hold,0.37236028060619375,0.3065550246442926,0.37236028060619375,0.3210846947495138,hold,-0.006887683586835274,-0.6295303083539382
2026-06-02,NVDA,hold,0.34752828168333066,0.3324463801803197,0.34752828168333066,0.32002533813634965,sell,-0.03688968245588396,-0.7109641544264648
2026-06-03,NVDA,hold,0.34815888652280075,0.3179316640333898,0.34815888652280075,0.33390944944380946,buy,0.019208270674456164,-0.6203048665863439
2026-06-04,NVDA,hold,0.3416852737888157,0.32226914652224753,0.3416852737888157,0.3360455796889368,sell,-0.06402035472821264,-0.8172405655047367
2026-06-05,NVDA,buy,0.3757701023782356,0.3757701023782356,0.28544815525484135,0.33878174236692293,buy,0.017112603807336074,1.0321512314317247
2026-06-08,NVDA,buy,0.35579262109089776,0.35579262109089776,0.3209303794848478,0.3232769994242545,hold,-0.0021591370494536254,0.2448533135107166
2026-06-09,NVDA,buy,0.36330452852898915,0.36330452852898915,0.2900541449263686,0.34664132654464225,sell,-0.038035992401868494,0.5292928988064687
2026-06-10,NVDA,buy,0.38560917512936804,0.38560917512936804,0.2734169282293127,0.3409738966413193,buy,0.02196044988977364,1.231427870967441
2026-06-11,NVDA,buy,0.34867986719592414,0.34867986719592414,0.3029913568393116,0.34832877596476425,hold,0.001560816085060168,0.38892349666652537
2026-06-12,NVDA,buy,0.3491198298616103,0.3491198298616103,0.33380912880499275,0.3170710413333971,buy,0.034770245936598033,-0.14226903080188863
2026-06-15,NVDA,hold,0.38474431899794476,0.3164435580377106,0.38474431899794476,0.29881212296434456,sell,-0.02400913718585415,-0.5841077781456654
2026-06-16,NVDA,hold,0.36636832302793587,0.3170880731221311,0.36636832302793587,0.3165436038499331,sell,-0.013396368141542946,-0.5172162397694944
2026-06-17,NVDA,sell,0.3373902061944793,0.3320764796602892,0.33053331414523146,0.3373902061944793,buy,0.02908672936471219,0.10008520473567539
2026-06-18,NVDA,hold,0.33603498006127375,0.33447666095325373,0.33603498006127375,0.3294883589854725,sell,-0.009729724138660469,-0.5132070138214024
2026-06-22,NVDA,hold,0.342824698009885,0.33853299728652625,0.342824698009885,0.3186423047035888,sell,-0.04214084177739289,-0.24294239503010637
2026-06-23,NVDA,buy,0.35637541657829463,0.35637541657829463,0.3012866085091906,0.3423379749125147,hold,-0.005212502071331129,0.42754937949100014
2026-06-24,NVDA,buy,0.35920427657537446,0.35920427657537446,0.3006661198369866,0.34012960358763894,sell,-0.01651753295293209,0.16539247357650086
2026-06-25,NVDA,buy,0.36277190778422075,0.36277190778422075,0.2945600116383745,0.3426680805774049,sell,-0.016535307270296173,0.24171910049593986
2026-06-26,NVDA,buy,0.38560829782069234,0.38560829782069234,0.28346531965678795,0.3309263825225197,buy,0.01259370647032923,0.09398580833959788
2026-06-29,NVDA,buy,0.35084306866740983,0.35084306866740983,0.3159832224318952,0.333173708900695,buy,0.025921544114228087,-0.13828511034194244
2026-06-30,NVDA,hold,0.3480846553881288,0.33869659670663715,0.3480846553881288,0.313218747905234,sell,-0.012623661489360512,-0.5021638605330597
2026-07-01,NVDA,buy,0.3389710142352779,0.3389710142352779,0.33122638844731367,0.32980259731740846,sell,-0.014016138213330864,-0.45932414847134273
2026-07-02,NVDA,buy,0.34683343712900133,0.34683343712900133,0.3279894219034459,0.32517714096755274,hold,0.0036887035620646394,-0.5920899169764093
2026-07-06,NVDA,hold,0.37396565232284734,0.32787505771902625,0.37396565232284734,0.29815928995812646,hold,0.007032188158412175,-0.7666036067597525
2026-07-07,NVDA,hold,0.3541527647876551,0.3301224847457843,0.3541527647876551,0.31572475046656057,buy,0.03585970861898619,-0.5943988666300544
2026-07-08,NVDA,hold,0.35701650369280297,0.3207689172460526,0.35701650369280297,0.32221457906114437,hold,-0.006586402530205283,-0.3612110324931924
2026-07-09,NVDA,hold,0.3735888468059042,0.3069237710655544,0.3735888468059042,0.31948738212854144,buy,0.03954694687033319,-0.6822296100047189
2026-07-10,NVDA,hold,0.39277034758414964,0.29968887930898974,0.39277034758414964,0.3075407731068606,sell,-0.03585518479736162,-0.9260670011373038
2026-07-13,NVDA,hold,0.35569041577793925,0.3261889305940178,0.35569041577793925,0.3181206536280429,buy,0.03982909676092798,-0.28219152949591786
2026-07-14,NVDA,hold,0.36727177018924023,0.3130531169728738,0.36727177018924023,0.319675112837886,hold,0.003299488571561179,-0.4810956701560535
2026-07-15,NVDA,hold,0.3654131787098698,0.30751136763517567,0.3654131787098698,0.3270754536549546,sell,-0.02429269139057868,-0.7296376015843158
2026-07-16,NVDA,hold,0.35915233209330527,0.30445760561221574,0.35915233209330527,0.33639006229447904,sell,-0.022379714518091908,-0.4084145264178843
2026-07-17,NVDA,sell,0.3506024746904364,0.34298927522113143,0.30640825008843225,0.3506024746904364,hold,0.002314797039956324,0.20591976461276257
2026-07-20,NVDA,hold,0.349360863385889,0.33656890227458985,0.349360863385889,0.31407023433952114,buy,0.01953439349536178,0.1670023301221471
2026-07-21,NVDA,hold,0.3673772092073418,0.32318189766759786,0.3673772092073418,0.30944089312506035,buy,0.022750524392297727,-0.3178241083872704
2026-07-22,NVDA,hold,0.3619829425762151,0.31486873485055256,0.3619829425762151,0.32314832257323234,sell,-0.015684054141053956,-0.4421482479365628
2026-07-23,NVDA,hold,0.34358309047469576,0.3137611391825605,0.34358309047469576,0.34265577034274386,hold,-0.009239684266176492,0.1777665338631884
2026-07-24,NVDA,buy,0.3357621201937988,0.3357621201937988,0.32992717742039657,0.3343107023858046,sell,-0.05123221161344423,0.13773291672399618
2026-07-27,NVDA,buy,0.34515513111714813,0.34515513111714813,0.31410950476706595,0.3407353641157859,hold,0.0025411391948645563,0.16084272357076707
2026-07-28,NVDA,buy,0.34131321495542855,0.34131321495542855,0.31842741281192355,0.3402593722326478,sell,-0.036177767496128915,0.017142885299091262
2026-07-29,NVDA,buy,0.36996179484518066,0.36996179484518066,0.2981291928134758,0.33190901234134357,buy,0.02612791410440112,0.7576966159689555
2026-07-30,NVDA,buy,0.3522566473655618,0.3522566473655618,0.3246207458785972,0.3231226067558411,buy,0.028855741862525482,-0.33196410936969134
2026-07-31,NVDA,hold,0.3451399517693534,0.3358137613408145,0.3451399517693534,0.3190462868898321,buy,0.02891782585108809,-0.6661653999564779
2026-08-03,NVDA,hold,0.36624759576642396,0.3155964291000973,0.36624759576642396,0.31815597513347876,buy,0.02532502488665963,-0.7002642307042627
2026-08-04,NVDA,hold,0.3999461110012824,0.2942592954255044,0.3999461110012824,0.3057945935732131,buy,0.033772589146277385,-0.5037750093277213
2026-08-05,NVDA,hold,0.37870811200043614,0.30708119018924696,0.37870811200043614,0.31421069781031685,hold,-0.0010496949486409586,-0.7107861271143682
2026-08-06,NVDA,hold,0.39064517071492444,0.2976467613264495,0.39064517071492444,0.31170806795862616,buy,0.022441406260388007,-0.9084917687441293
2026-08-07,NVDA,hold,0.4208819938212727,0.28445610133521204,0.4208819938212727,0.2946619048435153,sell,-0.029038808532230523,-0.9810103055730187
2026-08-10,NVDA,hold,0.3933254106770592,0.3012144378720636,0.3933254106770592,0.30546015145087724,hold,-0.00022984898503273905,-0.8117022775635087
2026-08-11,NVDA,hold,0.39935008227342883,0.3028656329662699,0.39935008227342883,0.2977842847603012,buy,0.029848870986494056,-0.8644474255499709
2026-08-12,NVDA,hold,0.4107237072188765,0.2931701302001271,0.4107237072188765,0.2961061625809965,hold,0.005385163518183502,-1.0853975365619515
2026-08-13,NVDA,hold,0.4136559254277348,0.2856942274541547,0.4136559254277348,0.3006498471181104,hold,-0.0006216014110184485,-1.0615011231532923
2026-08-14,NVDA,hold,0.4280082582111576,0.27962505120019104,0.4280082582111576,0.2923666905886514,hold,-0.0006664548102916446,-1.1751596018914214
2026-08-17,NVDA,hold,0.40867060785972886,0.29252280008256965,0.40867060785972886,0.2988065920577015,sell,-0.023699768862002164,-0.8904960150228793
2026-08-18,NVDA,hold,0.38172035219103373,0.30128348662691345,0.38172035219103373,0.31699616118205276,sell,-0.009970368892519498,-0.6950915316193057
2026-08-19,NVDA,hold,0.4003921893357662,0.30100005003964125,0.4003921893357662,0.29860776062459243,hold,-0.0032687653275796646,-0.9817503260975441
2026-08-20,NVDA,hold,0.37542059737911987,0.30848874500554246,0.37542059737911987,0.3160906576153376,hold,-0.009871040401640017,-0.6427950661457017
2026-08-21,NVDA,hold,0.39304396366613775,0.31104274200761933,0.39304396366613775,0.29591329432624297,sell,-0.029491771965305436,-0.9067531993448023
2026-08-24,NVDA,hold,0.35613236330944265,0.3322138583692717,0.35613236330944265,0.3116537783212857,buy,0.0216837834284371,-0.6919370891538119
2026-08-25,NVDA,hold,0.37174394546379397,0.3234961657357049,0.37174394546379397,0.3047598888005011,sell,-0.016039729009766298,-0.8146889843968194
2026-08-26,NVDA,hold,0.3423784625092161,0.33731572674796056,0.3423784625092161,0.32030581074282344,buy,0.08377069688720136,-0.888891031212466
2026-08-27,NVDA,buy,0.3355921220735054,0.3355921220735054,0.3327029846463241,0.33170489328017044,sell,-0.04682916515516023,-1.1006941327478228
2026-08-28,NVDA,hold,0.34046617809264085,0.3373640030177783,0.34046617809264085,0.322169818889581,buy,0.014738043661139488,-1.1249908770942423
2026-08-31,NVDA,hold,0.36774616220280193,0.31005793572008583,0.36774616220280193,0.32219590207711224,sell,-0.015243739030777564,-0.9751710913160972
2026-09-01,NVDA,hold,0.34375495279629426,0.3293001361436459,0.34375495279629426,0.3269449110600599,buy,0.031551759119991356,-0.5428846535023673
2026-09-02,NVDA,hold,0.34291351284455746,0.33662473015861577,0.34291351284455746,0.3204617569968268,buy,0.017842597643374064,-0.8865374095666877
2026-09-03,NVDA,hold,0.3790358897516999,0.32043527576558406,0.3790358897516999,0.30052883448271606,hold,0.00832594454203437,-1.1507504748367114
2026-09-04,NVDA,hold,0.36689312906420496,0.3261430779057855,0.36689312906420496,0.30696379303000954,sell,-0.020303739602603912,-1.0855457484302957
2026-09-08,NVDA,hold,0.3730650826607417,0.32066744070103087,0.3730650826607417,0.30626747663822734,hold,-0.009167825722225414,-0.7272075866219389
2026-09-09,NVDA,hold,0.37262136053837774,0.3135731914236358,0.37262136053837774,0.31380544803798643,sell,-0.022908320238411505,-0.5049183483477678
2026-09-10,NVDA,hold,0.339805787422089,0.3307430313797121,0.339805787422089,0.3294511811981989,hold,-0.00032065647908931683,-0.09062407154830421
2026-09-11,NVDA,hold,0.3690629539205463,0.34003457936127374,0.3690629539205463,0.29090246671818,sell,-0.03415584935928981,-0.7001707414604008
2026-09-14,NVDA,buy,0.3470452661858952,0.3470452661858952,0.3216076524256581,0.33134708138844676,hold,0.005719257624555324,-0.3190332779477186
2026-09-15,NVDA,hold,0.3529796227931875,0.33405782340992995,0.3529796227931875,0.3129625537968826,hold,0.008120756059029677,-0.2897359775219323
2026-09-16,NVDA,buy,0.34235778677319717,0.34235778677319717,0.33581546495138365,0.3218267482754193,buy,0.025114433082098275,-0.1370028863994617
2026-09-17,NVDA,hold,0.37876188107810477,0.32194513961168103,0.37876188107810477,0.2992929793102142,hold,0.013269857682593715,-0.8283770493209659
2026-09-18,NVDA,hold,0.3564768883225599,0.3223546452944557,0.3564768883225599,0.32116846638298446,buy,0.02272976985658299,-1.0188488529092832
2026-09-21,NVDA,hold,0.4045695584750942,0.2962201305090492,0.4045695584750942,0.2992103110158566,hold,0.006531487260611347,-0.997883196414356
2026-09-22,NVDA,hold,0.4118684061131116,0.28968613273875865,0.4118684061131116,0.29844546114812986,sell,-0.01478965593717306,-1.192777704153892
2026-09-23,NVDA,hold,0.3862015674642325,0.29235119246548774,0.3862015674642325,0.3214472400702798,hold,-0.0041324802010050616,-0.8964688565664073
2026-09-24,NVDA,hold,0.38642135285024026,0.2921163008435758,0.38642135285024026,0.321462346306184,hold,0.0021794981748305747,-0.746086561348431
2026-09-25,NVDA,hold,0.3817702374978109,0.3165480855950215,0.3817702374978109,0.3016816769071677,buy,0.016698968084026492,-0.9874362647501919
2026-09-28,NVDA,hold,0.36107685018292895,0.3326561412769435,0.36107685018292895,0.30626700854012745,hold,-0.007235736044407124,-0.6240476426414561
2026-09-29,NVDA,hold,0.38558276261510743,0.31833603386136283,0.38558276261510743,0.2960812035235296,,,-0.6327319695499479
