fecha,ticker,pred,confianza,p_buy,p_hold,p_sell,real,r,VIX_norm
2026-01-02,AAPL,buy,0.3618304898123883,0.3618304898123883,0.3133595866777855,0.3248099235098263,sell,-0.01393370207740828,-0.8340208452627474
2026-01-05,AAPL,buy,0.3446284949544969,0.3446284949544969,0.33005529516840715,0.32531620987709603,sell,-0.018504434978155113,-0.7579799382312812
2026-01-06,AAPL,buy,0.3511838703800267,0.3511838703800267,0.3249609115078079,0.32385521811216533,sell,-0.007767611154087543,-0.7829297773054127
2026-01-07,AAPL,buy,0.35092928651640265,0.35092928651640265,0.31605026781608764,0.33302044566750966,sell,-0.004967570125940949,-0.6637146936062013
2026-01-08,AAPL,buy,0.35170102300641887,0.35170102300641887,0.3071372939041906,0.3411616830893906,hold,0.0012731135729041854,-0.6499490046057679
2026-01-09,AAPL,buy,0.3494456207860968,0.3494456207860968,0.31915432773315416,0.33140005148074897,hold,0.0033870275674454044,-0.8267668142609035
2026-01-12,AAPL,buy,0.3419028344873424,0.3419028344873424,0.3215049734093791,0.3365921921032786,hold,0.003069341724501476,-0.7060004596085142
2026-01-13,AAPL,sell,0.33351663879141136,0.33338257105181596,0.3331007901567727,0.33351663879141136,hold,-0.004184285180772418,-0.5418264478935297
2026-01-14,AAPL,sell,0.3515450562815422,0.3387529901838212,0.30970195353463653,0.3515450562815422,sell,-0.006754407857155685,-0.3956201967968232
2026-01-15,AAPL,sell,0.3388257788593704,0.33359199824968183,0.3275822228909478,0.3388257788593704,sell,-0.010433524365615387,-0.5635793346401035
2026-01-16,AAPL,buy,0.3599422653881375,0.3599422653881375,0.291366327131898,0.3486914074799646,sell,-0.035166735370040746,-0.5595844291047153
2026-01-20,AAPL,buy,0.403144695510235,0.403144695510235,0.24425222821564513,0.3526030762741198,hold,0.0038434235156737974,0.2296070830015497
2026-01-21,AAPL,buy,0.38632221990874943,0.38632221990874943,0.2726730888128977,0.3410046912783529,hold,0.0028226029306953294,-0.3684193098148242
2026-01-22,AAPL,buy,0.3626600777254291,0.3626600777254291,0.3087201074241276,0.32861981485044334,hold,-0.0012490790884445956,-0.6049893999479897
2026-01-23,AAPL,buy,0.3604053673868291,0.3604053673868291,0.29588697362341987,0.3437076589897511,buy,0.029280183627355384,-0.5216641520270681
2026-01-26,AAPL,buy,0.34914908059932764,0.34914908059932764,0.31308897766590443,0.33776194173476787,buy,0.01113538271212037,-0.5115260679511959
2026-01-27,AAPL,buy,0.34566804818128494,0.34566804818128494,0.3300076965733299,0.3243242552453852,sell,-0.007110811153218583,-0.4754677310507676
2026-01-28,AAPL,sell,0.3446186070126059,0.3286911613371136,0.32669023165028044,0.3446186070126059,buy,0.0071495543958896,-0.4741326191207244
2026-01-29,AAPL,sell,0.3692734194900795,0.32871776836171196,0.30200881214820857,0.3692734194900795,hold,0.004635495046148801,-0.37512632854026956
2026-01-30,AAPL,sell,0.3737588456728831,0.3443398863080079,0.28190126801910903,0.3737588456728831,buy,0.03977920365060581,-0.2707899526419606
2026-02-02,AAPL,sell,0.3491052120295531,0.3206993797246033,0.33019540824584365,0.3491052120295531,hold,-0.00196471752031503,-0.47766010046642654
2026-02-03,AAPL,sell,0.3589177824551104,0.32626793480327326,0.3148142827416163,0.3589177824551104,buy,0.025680239205221226,-0.16734739142728539
2026-02-04,AAPL,sell,0.3681615594718036,0.32640709294079523,0.30543134758740115,0.3681615594718036,hold,-0.0020997236483534577,-0.047204904246303664
2026-02-05,AAPL,sell,0.3701081102045012,0.32145073182556444,0.3084411579699344,0.3701081102045012,buy,0.007977762270402386,0.5368412337657592
2026-02-06,AAPL,sell,0.35646945505526567,0.32448425777877765,0.3190462871659567,0.35646945505526567,sell,-0.011728934429607782,0.2708182495422911
2026-02-09,AAPL,sell,0.3393344496855129,0.32645753722173754,0.33420801309274967,0.3393344496855129,hold,-0.003428889326211829,-0.29597411329588424
2026-02-10,AAPL,hold,0.345977881870886,0.3139262689795987,0.345977881870886,0.34009584914951524,buy,0.006628141591757578,-0.21617597830527788
2026-02-11,AAPL,sell,0.3449469710122833,0.33531207369877647,0.3197409552889403,0.3449469710122833,sell,-0.051274009278595836,-0.244002932425073
2026-02-12,AAPL,sell,0.36402777654667595,0.36344905583632114,0.27252316761700296,0.36402777654667595,sell,-0.022995880180572078,0.34871596466067484
2026-02-13,AAPL,sell,0.36378244437879215,0.35529267386755736,0.28092488175365044,0.36378244437879215,buy,0.031176814356459727,0.3039574005061612
2026-02-17,AAPL,sell,0.364373058462109,0.3515126749519765,0.28411426658591454,0.364373058462109,hold,0.001779583167113982,0.24196105128461382
2026-02-18,AAPL,sell,0.35373491142209895,0.33727157161920374,0.30899351695869726,0.35373491142209895,sell,-0.014364265239645745,0.11224252176736896
2026-02-19,AAPL,sell,0.35933133004380535,0.33484910781671023,0.30581956213948436,0.35933133004380535,buy,0.015233805180443597,0.22385406869502725
2026-02-20,AAPL,sell,0.35664437901177504,0.32678962472932077,0.3165659962589043,0.35664437901177504,buy,0.006029062392291268,0.005759938613991308
2026-02-23,AAPL,sell,0.34795735313704046,0.34709597774835754,0.30494666911460205,0.34795735313704046,buy,0.022144051735165694,0.36482666404245373
2026-02-24,AAPL,buy,0.3428807449427083,0.3428807449427083,0.31495375690884053,0.34216549814845115,buy,0.007650516196371946,0.0877336382726306
2026-02-25,AAPL,hold,0.3452885824879442,0.3167963650390349,0.3452885824879442,0.33791505247302084,hold,-0.0046786174669959345,-0.2178168123512918
2026-02-26,AAPL,sell,0.35053349799757877,0.32136610269247007,0.3281003993099512,0.35053349799757877,sell,-0.03265800418094743,-0.0848513092930791
2026-02-27,AAPL,sell,0.36448508421768777,0.3527590510131602,0.28275586476915204,0.36448508421768777,hold,0.00204195174556935,0.14715509019972628
2026-03-02,AAPL,sell,0.3590295228730665,0.35058988551369347,0.29038059161324,0.3590295228730665,hold,-0.003670823904680181,0.445631061795098
2026-03-03,AAPL,buy,0.366393455804043,0.366393455804043,0.27947171391337866,0.3541348302825783,hold,-0.004674549655599,0.8441958394327167
2026-03-04,AAPL,buy,0.3620595740261438,0.3620595740261438,0.2950371026500541,0.3429033233238021,sell,-0.008530820840249429,0.38878062005106356
2026-03-05,AAPL,sell,0.36998386779876963,0.3613828378603368,0.2686332943408935,0.36998386779876963,sell,-0.010932115299618045,0.8796696068190771
2026-03-06,AAPL,buy,0.3796345607452384,0.3796345607452384,0.25316998078359554,0.36719545847116614,buy,0.009355701068531801,1.9445163771562122
2026-03-09,AAPL,buy,0.3756941209814871,0.3756941209814871,0.2665030552205994,0.35780282379791356,hold,0.0036488509698246866,1.1950053083109693
2026-03-10,AAPL,buy,0.3671386965407257,0.3671386965407257,0.2891900682603087,0.34367123519896564,hold,-7.677588636112872e-05,1.085797078106795
2026-03-11,AAPL,buy,0.35447682239024086,0.35447682239024086,0.29634186769925286,0.3491813099105063,sell,-0.019552596342224723,0.9607876485980706
2026-03-12,AAPL,buy,0.37558300675303846,0.37558300675303846,0.26456194706346625,0.35985504618349523,sell,-0.022298666381512306,1.5349236973019835
2026-03-13,AAPL,buy,0.3928667984697905,0.3928667984697905,0.2592493611499484,0.34788384038026104,buy,0.01073703156524414,1.509800839002838
2026-03-16,AAPL,buy,0.3757313858921952,0.3757313858921952,0.2784337935702966,0.3458348205375082,hold,0.005561526596100645,0.8219217785723462
2026-03-17,AAPL,buy,0.3680714609940571,0.3680714609940571,0.2957518299434503,0.3361767090624927,sell,-0.017018443311607647,0.6075940870711809
2026-03-18,AAPL,buy,0.3858449068452033,0.3858449068452033,0.2694047528881904,0.34475034026660634,hold,-0.003928594558615539,1.1114100250239425
2026-03-19,AAPL,buy,0.3864039402544479,0.3864039402544479,0.2614905790018798,0.35210548074367226,hold,-0.003903899440107385,0.9159278539824394
2026-03-20,AAPL,buy,0.42556165749109365,0.42556165749109365,0.20953230125078737,0.3649060412581191,buy,0.01401484151217423,1.4132187277841852
2026-03-23,AAPL,buy,0.37748915006644496,0.37748915006644496,0.2672178022621925,0.3552930476713625,hold,0.0005962134063950415,1.2870807774105806
2026-03-24,AAPL,buy,0.39812575222634566,0.39812575222634566,0.2529220708617844,0.34895217691186997,hold,0.0038868965936841777,1.4239617243999787
2026-03-25,AAPL,buy,0.36535060965442506,0.36535060965442506,0.2880403944283471,0.3466089959172277,hold,0.0010682766662048293,1.1164963151717564
2026-03-26,AAPL,buy,0.4037599759315117,0.4037599759315117,0.2579669523662332,0.3382730717022551,sell,-0.016305265287713342,1.4914996582752362
2026-03-27,AAPL,buy,0.4162436924342995,0.4162436924342995,0.24204706579124108,0.34170924177445944,sell,-0.008760136268299015,2.1252631351210445
2026-03-30,AAPL,buy,0.4035257999331962,0.4035257999331962,0.24098505649834157,0.35548914356846223,buy,0.028617863177015437,2.0200316215761718
2026-03-31,AAPL,sell,0.37700490608671,0.374140847881427,0.24885424603186312,0.37700490608671,buy,0.007223967554483803,1.0488704614896542
2026-04-01,AAPL,buy,0.36932154504274417,0.36932154504274417,0.2887335165587457,0.34194493839851015,hold,0.001133833994367859,0.9183900622306931
2026-04-02,AAPL,buy,0.354566058216257,0.354566058216257,0.2938406310868421,0.351593310696901,buy,0.01142232509019372,0.7957038987728274
2026-04-06,AAPL,buy,0.3613872744427807,0.3613872744427807,0.30245134145278035,0.33616138410443897,sell,-0.02092342184655962,0.8467135091360393
2026-04-07,AAPL,sell,0.3901625990647238,0.37200402033636176,0.23783338059891435,0.3901625990647238,buy,0.021078006221268635,1.1438693440312817
2026-04-08,AAPL,buy,0.3469046869971049,0.3469046869971049,0.317991315747435,0.33510399725546003,buy,0.006122550270913715,0.32107000365162275
2026-04-09,AAPL,hold,0.33532264430161757,0.3335746154127498,0.33532264430161757,0.33110274028563264,hold,-3.8261262694405804e-05,0.05222710482895876
2026-04-10,AAPL,buy,0.33698574763639816,0.33698574763639816,0.3349213116806485,0.32809294068295336,sell,-0.00492608008275582,0.029202343179279007
2026-04-13,AAPL,hold,0.33900105029450944,0.33041576580044546,0.33900105029450944,0.3305831839050451,hold,-0.0014286586779615176,0.01803661349151922
2026-04-14,AAPL,buy,0.339795372331771,0.339795372331771,0.3304787389314506,0.3297258887367784,buy,0.028940167740243536,-0.13947832673449478
2026-04-15,AAPL,hold,0.3538526577842826,0.30840393098794927,0.3538526577842826,0.337743411227768,sell,-0.01143785188350778,-0.17295924217371522
2026-04-16,AAPL,hold,0.3445885563854084,0.31401479310786573,0.3445885563854084,0.3413966505067259,buy,0.02559980227073271,-0.22069953495404562
2026-04-17,AAPL,hold,0.36107838631671535,0.3031939276885746,0.36107838631671535,0.3357276859947101,buy,0.01038135123703852,-0.3283949533595759
2026-04-20,AAPL,hold,0.3637204258734877,0.30465619651262305,0.3637204258734877,0.3316233776138894,sell,-0.025519586387523795,0.03966480927007472
2026-04-21,AAPL,sell,0.3476512797689547,0.3340122618346005,0.3183364583964449,0.3476512797689547,buy,0.025959176283094874,0.21791181782624924
2026-04-22,AAPL,hold,0.3558529325098582,0.30030102898477334,0.3558529325098582,0.3438460385053684,hold,0.0009511674218491973,0.08260839459320009
2026-04-23,AAPL,sell,0.347991793133056,0.3063136729302696,0.34569453393667426,0.347991793133056,sell,-0.008705470074050698,0.20612221044806892
2026-04-24,AAPL,hold,0.364757907305635,0.29687576583306685,0.364757907305635,0.33836632686129814,sell,-0.012809478192957056,0.04973570637917398
2026-04-27,AAPL,hold,0.35372512676434187,0.2985787837105774,0.35372512676434187,0.34769608952508074,buy,0.011517458457321562,-0.1383307867416386
2026-04-28,AAPL,hold,0.34901357685744616,0.3090579172591102,0.34901357685744616,0.3419285058834437,hold,-0.001996724264136533,-0.18614556409297
2026-04-29,AAPL,hold,0.3550624276727765,0.30129483004549645,0.3550624276727765,0.343642742281727,hold,0.004358182101151443,0.10529857365350428
2026-04-30,AAPL,sell,0.3664207611539406,0.3309059643644011,0.3026732744816583,0.3664207611539406,buy,0.03187990737243732,-0.4479759288917811
2026-05-01,AAPL,sell,0.3499646686044468,0.328633140912739,0.3214021904828141,0.3499646686044468,sell,-0.011885893585031252,-0.41239039984700754
2026-05-04,AAPL,sell,0.3454731147526415,0.3104217057660346,0.3441051794813239,0.3454731147526415,buy,0.026204266943421806,-0.021973536041431797
2026-05-05,AAPL,hold,0.3686512877670575,0.30034209931762856,0.3686512877670575,0.33100661291531397,buy,0.011649795625348007,-0.2866723900436747
2026-05-06,AAPL,hold,0.3698877277105914,0.28874479546748305,0.3698877277105914,0.3413674768219256,hold,-0.0002435341172492443,-0.27765403864015503
2026-05-07,AAPL,hold,0.3496059153929099,0.3037311597702789,0.3496059153929099,0.3466629248368112,buy,0.02025006180098386,-0.36388353574671634
2026-05-08,AAPL,hold,0.3746361530233207,0.29334544963283177,0.3746361530233207,0.3320183973438476,hold,-0.001263410870084823,-0.32470542669529284
2026-05-11,AAPL,hold,0.3577356261915108,0.3026822497076281,0.3577356261915108,0.33958212410086114,buy,0.007217267345543894,0.04063189818879537
2026-05-12,AAPL,hold,0.3665388895847992,0.301426709393673,0.3665388895847992,0.3320344010215278,buy,0.013711552929013165,-0.07329628124845196
2026-05-13,AAPL,hold,0.35728188375044784,0.2989704773570606,0.35728188375044784,0.3437476388924916,hold,-0.002210734971933149,-0.10920489523411767
2026-05-14,AAPL,hold,0.3711705395627752,0.2907330983664839,0.3711705395627752,0.3380963620707409,buy,0.006750980136725528,-0.29373257345475673
2026-05-15,AAPL,sell,0.34787442996891593,0.32009153936533136,0.3320340306657527,0.34787442996891593,sell,-0.007992516349121775,0.06268868115306028
2026-05-18,AAPL,hold,0.36080933809478366,0.3066409761840015,0.36080933809478366,0.3325496857212148,hold,0.003786811276571553,-0.1230092500374077
2026-05-19,AAPL,hold,0.3537443084383204,0.3111594347750255,0.3537443084383204,0.3350962567866541,buy,0.010911313869409937,-0.050942720285505984
2026-05-20,AAPL,hold,0.38392028480449436,0.2907304614161345,0.38392028480449436,0.32534925377937113,buy,0.009024403912911677,-0.23885672174366268
2026-05-21,AAPL,hold,0.3750386732646812,0.29238546698093787,0.3750386732646812,0.33257585975438086,buy,0.012479664098423927,-0.4441095891108319
2026-05-22,AAPL,hold,0.3758357322339159,0.29467707544006194,0.3758357322339159,0.3294871923260221,hold,-0.0015879959853538459,-0.4577383138031748
2026-05-26,AAPL,hold,0.375409658996902,0.2957024501479068,0.375409658996902,0.3288878908551912,buy,0.008139921177528297,-0.3535999863663162
2026-05-27,AAPL,hold,0.37105436660043956,0.29543999077535193,0.37105436660043956,0.3335056426242085,hold,0.0053259869555545925,-0.5700834016551456
2026-05-28,AAPL,hold,0.3872769488645986,0.2827956276821246,0.3872769488645986,0.32992742345327675,hold,-0.0014410019964428765,-0.7331350689849943
2026-05-29,AAPL,hold,0.3493001601318283,0.305296931573346,0.3493001601318283,0.3454029082948258,sell,-0.018597851122449393,-0.8555508126811494
2026-06-01,AAPL,hold,0.3672970089118512,0.299152871754925,0.3672970089118512,0.3335501193332238,buy,0.028609745520348374,-0.6295303083539382
2026-06-02,AAPL,hold,0.38649381079435124,0.2902606513074531,0.38649381079435124,0.32324553789819566,sell,-0.015796757454885936,-0.7109641544264648
2026-06-03,AAPL,hold,0.3428644308740082,0.3173607952029367,0.3428644308740082,0.339774773923055,hold,0.003121575198772482,-0.6203048665863439
2026-06-04,AAPL,hold,0.36992040931639697,0.3002430243011015,0.36992040931639697,0.3298365663825015,sell,-0.012577593355441377,-0.8172405655047367
2026-06-05,AAPL,buy,0.3633798882835678,0.3633798882835678,0.2944636852173756,0.34215642649905664,sell,-0.019051885469787897,1.0321512314317247
2026-06-08,AAPL,buy,0.3996183738081966,0.3996183738081966,0.2586069097458322,0.3417747164459711,sell,-0.03712710112671881,0.2448533135107166
2026-06-09,AAPL,buy,0.3746299891622803,0.3746299891622803,0.2729307839609395,0.35243922687678025,hold,0.003538736828077959,0.5292928988064687
2026-06-10,AAPL,buy,0.38904906426078256,0.38904906426078256,0.25881889577601036,0.35213203996320713,buy,0.013794257734621061,1.231427870967441
2026-06-11,AAPL,buy,0.35701220872760575,0.35701220872760575,0.28975327021036873,0.35323452106202546,sell,-0.01533867189083751,0.38892349666652537
2026-06-12,AAPL,buy,0.3577607569849441,0.3577607569849441,0.3154930258794449,0.326746217135611,buy,0.01800742754428881,-0.14226903080188863
2026-06-15,AAPL,hold,0.3458700728094021,0.33611204398572975,0.3458700728094021,0.3180178832048681,buy,0.009468545598219242,-0.5841077781456654
2026-06-16,AAPL,hold,0.3428548875210871,0.3301816283034105,0.3428548875210871,0.32696348417550236,sell,-0.011055424053765445,-0.5172162397694944
2026-06-17,AAPL,buy,0.34562300650824834,0.34562300650824834,0.31256447907916746,0.34181251441258426,buy,0.0069365307945603305,0.10008520473567539
2026-06-18,AAPL,buy,0.35727594969628235,0.35727594969628235,0.2987432421140442,0.34398080818967347,hold,-0.0033611561756575186,-0.5132070138214024
2026-06-22,AAPL,buy,0.3593815223522386,0.3593815223522386,0.3136084786766742,0.32700999897108723,sell,-0.009166281020203648,-0.24294239503010637
2026-06-23,AAPL,buy,0.38079733522737014,0.38079733522737014,0.2876808177401611,0.3315218470324688,sell,-0.004154097032731816,0.42754937949100014
2026-06-24,AAPL,buy,0.37970107206384185,0.37970107206384185,0.2863678983776734,0.3339310295584848,sell,-0.06312910528852322,0.16539247357650086
2026-06-25,AAPL,buy,0.4034699023250709,0.4034699023250709,0.22887872719423158,0.36765137048069757,buy,0.0308828692129702,0.24171910049593986
2026-06-26,AAPL,buy,0.4293622614019831,0.4293622614019831,0.17969443627886544,0.3909433023191514,sell,-0.007214617571347412,0.09398580833959788
2026-06-29,AAPL,buy,0.36078546985310905,0.36078546985310905,0.2985394122703195,0.34067511787657145,buy,0.026686927946559438,-0.13828511034194244
2026-06-30,AAPL,sell,0.33574148714031316,0.3350587523416459,0.32919976051804106,0.33574148714031316,buy,0.017199902237751946,-0.5021638605330597
2026-07-01,AAPL,sell,0.3388001785412879,0.3266116288144302,0.3345881926442819,0.3388001785412879,buy,0.04727163430823289,-0.45932414847134273
2026-07-02,AAPL,hold,0.3420147808543573,0.31816103987656874,0.3420147808543573,0.33982417926907393,buy,0.01297326356082142,-0.5920899169764093
2026-07-06,AAPL,hold,0.38466659576676127,0.2954921430807865,0.38466659576676127,0.3198412611524523,sell,-0.006417317752291537,-0.7666036067597525
2026-07-07,AAPL,hold,0.37801280721329694,0.29316693079825407,0.37801280721329694,0.3288202619884491,buy,0.008749398121391793,-0.5943988666300544
2026-07-08,AAPL,hold,0.35191965974250405,0.29653093723844404,0.35191965974250405,0.3515494030190519,buy,0.008989700861949937,-0.3612110324931924
2026-07-09,AAPL,hold,0.37542856452350315,0.28695835737408565,0.37542856452350315,0.3376130781024111,hold,-0.0028501014457968927,-0.6822296100047189
2026-07-10,AAPL,hold,0.3822657076879445,0.29619127982766985,0.3822657076879445,0.3215430124843858,buy,0.006291108635278855,-0.9260670011373038
2026-07-13,AAPL,hold,0.34568041234376723,0.3178065343596458,0.34568041234376723,0.336513053296587,sell,-0.007751077889289723,-0.28219152949591786
2026-07-14,AAPL,hold,0.3618608675622573,0.3104331427578552,0.3618608675622573,0.3277059896798875,buy,0.039359995560940185,-0.4810956701560535
2026-07-15,AAPL,hold,0.36656101222696735,0.29676093751542765,0.36656101222696735,0.336678050257605,buy,0.017434906842973087,-0.7296376015843158
2026-07-16,AAPL,hold,0.35676426943834966,0.2901765712583847,0.35676426943834966,0.35305915930326576,hold,0.0014391811187502526,-0.4084145264178843
2026-07-17,AAPL,sell,0.3625190228417028,0.30343132212109813,0.334049655037199,0.3625190228417028,sell,-0.021656657586981348,0.20591976461276257
2026-07-20,AAPL,sell,0.34815235744901885,0.31542000295437683,0.3364276395966044,0.34815235744901885,hold,0.0035150750095092813,0.1670023301221471
2026-07-21,AAPL,hold,0.3606781023805057,0.3006912480129416,0.3606781023805057,0.3386306496065526,sell,-0.005660657333930309,-0.3178241083872704
2026-07-22,AAPL,hold,0.356827073996384,0.2985776454668389,0.356827073996384,0.344595280536777,sell,-0.01306479450939142,-0.4421482479365628
2026-07-23,AAPL,sell,0.36796559264047113,0.31134353211597715,0.32069087524355167,0.36796559264047113,buy,0.03470739356294198,0.1777665338631884
2026-07-24,AAPL,hold,0.3433358834258632,0.3141810250232299,0.3433358834258632,0.3424830915509069,buy,0.01161331318603087,0.13773291672399618
2026-07-27,AAPL,hold,0.34049734440574525,0.32720636409220427,0.34049734440574525,0.3322962915020504,buy,0.00936495711319729,0.16084272357076707
2026-07-28,AAPL,sell,0.3475978309903404,0.3169259435249379,0.3354762254847217,0.3475978309903404,sell,-0.0055729125775482845,0.017142885299091262
2026-07-29,AAPL,sell,0.35336285918797483,0.33608474870641925,0.3105523921056059,0.35336285918797483,sell,-0.01417498544145801,0.7576966159689555
2026-07-30,AAPL,sell,0.3582826198643715,0.3286086788911707,0.3131087012444579,0.3582826198643715,sell,-0.07638287945805575,-0.33196410936969134
2026-07-31,AAPL,sell,0.40122803374581223,0.35719445785155346,0.24157750840263426,0.40122803374581223,sell,-0.017931956478842527,-0.6661653999564779
2026-08-03,AAPL,buy,0.34770734204964104,0.34770734204964104,0.31134836830595175,0.3409442896444072,buy,0.01945221084485533,-0.7002642307042627
2026-08-04,AAPL,sell,0.345511596690505,0.32093919938088616,0.3335492039286089,0.345511596690505,hold,0.005222674657279986,-0.5037750093277213
2026-08-05,AAPL,sell,0.3452783115463391,0.3211489671784854,0.33357272127517545,0.3452783115463391,hold,0.004523508767764461,-0.7107861271143682
2026-08-06,AAPL,hold,0.34219144212304614,0.3190343800358493,0.34219144212304614,0.33877417784110453,hold,0.002940463630559811,-0.9084917687441293
2026-08-07,AAPL,hold,0.37663819691665085,0.30416756502344183,0.37663819691665085,0.3191942380599073,sell,-0.015451243263146633,-0.9810103055730187
2026-08-10,AAPL,hold,0.35342417287839406,0.3062037686178319,0.35342417287839406,0.3403720585037741,sell,-0.010926951292996926,-0.8117022775635087
2026-08-11,AAPL,hold,0.3493439758173777,0.31892964880985397,0.3493439758173777,0.3317263753727683,sell,-0.00876217361050629,-0.8644474255499709
2026-08-12,AAPL,hold,0.3607836944249977,0.3117751418117748,0.3607836944249977,0.32744116376322757,buy,0.009909414983244762,-1.0853975365619515
2026-08-13,AAPL,hold,0.37160266174897955,0.30093614140329855,0.37160266174897955,0.3274611968477219,hold,0.0021923891943256765,-1.0615011231532923
2026-08-14,AAPL,hold,0.37269488464196043,0.30498211708571177,0.37269488464196043,0.32232299827232774,hold,-0.0011119714123237288,-1.1751596018914214
2026-08-17,AAPL,hold,0.35479164513096384,0.3133308623656172,0.35479164513096384,0.331877492503419,buy,0.014424740792900279,-0.8904960150228793
2026-08-18,AAPL,hold,0.3458591909061837,0.318518315456773,0.3458591909061837,0.3356224936370433,buy,0.021696246991930904,-0.6950915316193057
2026-08-19,AAPL,hold,0.3731091536338182,0.30867449303755856,0.3731091536338182,0.3182163533286232,sell,-0.017608271810496567,-0.9817503260975441
2026-08-20,AAPL,hold,0.3547405560745975,0.3087402727828763,0.3547405560745975,0.3365191711425262,sell,-0.00628369652735619,-0.6427950661457017
2026-08-21,AAPL,hold,0.3673423006251543,0.3019032930215153,0.3673423006251543,0.3307544063533303,hold,0.0031951171478967837,-0.9067531993448023
2026-08-24,AAPL,hold,0.3700384368215493,0.3092501752641517,0.3700384368215493,0.3207113879142988,hold,-0.0014188137564350974,-0.6919370891538119
2026-08-25,AAPL,hold,0.3761416468038604,0.30638841456227156,0.3761416468038604,0.3174699386338681,buy,0.01139025156549776,-0.8146889843968194
2026-08-26,AAPL,hold,0.3738703642922197,0.3023465213421151,0.3738703642922197,0.32378311436566515,hold,0.0035984764637677197,-0.888891031212466
2026-08-27,AAPL,hold,0.3881266721564344,0.2951339898326458,0.3881266721564344,0.31673933801091964,buy,0.016144721120709464,-1.1006941327478228
2026-08-28,AAPL,hold,0.3773842152696049,0.3130573923859688,0.3773842152696049,0.30955839234442634,sell,-0.008954599215930675,-1.1249908770942423
2026-08-31,AAPL,hold,0.3594504155418269,0.3193206556221265,0.3594504155418269,0.32122892883604665,buy,0.025796622336462183,-0.9751710913160972
2026-09-01,AAPL,hold,0.3497948135811442,0.3210076706776666,0.3497948135811442,0.32919751574118916,hold,-0.0005230458323249564,-0.5428846535023673
2026-09-02,AAPL,hold,0.3780123482666413,0.3133283834352109,0.3780123482666413,0.3086592682981477,buy,0.009951549846201446,-0.8865374095666877
2026-09-03,AAPL,hold,0.38205061722931827,0.3094692038496746,0.38205061722931827,0.30848017892100704,sell,-0.025426376168950823,-1.1507504748367114
2026-09-04,AAPL,hold,0.36084429155370934,0.3176161864157281,0.36084429155370934,0.32153952203056263,sell,-0.011789067471725085,-1.0855457484302957
2026-09-08,AAPL,hold,0.3394195102793135,0.33304910759664036,0.3394195102793135,0.32753138212404603,hold,-0.002786767546169644,-0.7272075866219389
2026-09-09,AAPL,buy,0.3580667309165108,0.3580667309165108,0.29099831159349804,0.3509349574899911,buy,0.0349929330682692,-0.5049183483477678
2026-09-10,AAPL,buy,0.3438876165852971,0.3438876165852971,0.3161554813320206,0.3399569020826822,buy,0.01730351508863038,-0.09062407154830421
2026-09-11,AAPL,buy,0.3415726431486197,0.3415726431486197,0.3405323003008363,0.317895056550544,hold,0.002434802700750146,-0.7001707414604008
2026-09-14,AAPL,hold,0.36321266760722,0.3150249276957309,0.36321266760722,0.32176240469704914,sell,-0.005237633595806399,-0.3190332779477186
2026-09-15,AAPL,hold,0.36267889088163235,0.310350274158325,0.36267889088163235,0.3269708349600426,hold,0.0032241303235070818,-0.2897359775219323
2026-09-16,AAPL,hold,0.3449275819727225,0.3224754921693597,0.3449275819727225,0.3325969258579179,buy,0.013713772570884974,-0.1370028863994617
2026-09-17,AAPL,hold,0.3672983734671214,0.3141672691940553,0.3672983734671214,0.3185343573388232,hold,-0.002584925929040273,-0.8283770493209659
2026-09-18,AAPL,sell,0.3372009913647145,0.33316408766687217,0.32963492096841335,0.3372009913647145,buy,0.008443136576545992,-1.0188488529092832
2026-09-21,AAPL,hold,0.40274626240838457,0.2936753379503127,0.40274626240838457,0.3035783996413027,hold,0.002268912031385673,-0.997883196414356
2026-09-22,AAPL,hold,0.37432161175140605,0.31190520360396823,0.37432161175140605,0.31377318464462567,sell,-0.008067809857302792,-1.192777704153892
2026-09-23,AAPL,hold,0.3790620152406456,0.294430229100596,0.3790620152406456,0.3265077556587583,hold,-0.0032691668250006928,-0.8964688565664073
2026-09-24,AAPL,hold,0.369507477940605,0.30680508890625613,0.369507477940605,0.3236874331531389,buy,0.01521467993441426,-0.746086561348431
2026-09-25,AAPL,hold,0.38827483293798104,0.30179696534359673,0.38827483293798104,0.3099282017184221,sell,-0.007859146587689452,-0.9874362647501919
2026-09-28,AAPL,hold,0.3661605090714729,0.3154303590719086,0.3661605090714729,0.3184091318566184,sell,-0.02695581048132594,-0.6240476426414561
2026-09-29,AAPL,hold,0.3583320170655126,0.3133747015455966,0.3583320170655126,0.3282932813888908,buy,0.010929716032626784,-0.6327319695499479
2026-09-30,AAPL,sell,0.3433452439677476,0.3358519434402019,0.32080281259205035,0.3433452439677476,,,-0.5420029249967168
2026-01-02,MSFT,sell,0.3428483609373797,0.3286410023794636,0.3285106366831567,0.3428483609373797,hold,-0.00019028278482039024,-0.8340208452627474
2026-01-05,MSFT,buy,0.3372621307893655,0.3372621307893655,0.32646953383995214,0.33626833537068246,buy,0.011898852997329333,-0.7579799382312812
2026-01-06,MSFT,hold,0.34502276569807977,0.32558672373871217,0.34502276569807977,0.32939051056320817,buy,0.01031224100807262,-0.7829297773054127
2026-01-07,MSFT,buy,0.33754472645985717,0.33754472645985717,0.32879327560579685,0.333661997934346,sell,-0.011148482196542717,-0.6637146936062013
2026-01-08,MSFT,hold,0.34316703810374605,0.31887055524807056,0.34316703810374605,0.33796240664818344,hold,0.0024441547277171643,-0.6499490046057679
2026-01-09,MSFT,hold,0.358115346429753,0.31843764490249116,0.358115346429753,0.3234470086677558,hold,-0.004391264357290946,-0.8267668142609035
2026-01-12,MSFT,hold,0.3366675069600714,0.3362767479831703,0.3366675069600714,0.3270557450567582,sell,-0.013736510171920976,-0.7060004596085142
2026-01-13,MSFT,sell,0.3485427112357389,0.33773566485350426,0.31372162391075686,0.3485427112357389,sell,-0.024279424457372377,-0.5418264478935297
2026-01-14,MSFT,buy,0.3509725311817688,0.3509725311817688,0.30182143893324787,0.3472060298849833,sell,-0.005938684662525473,-0.3956201967968232
2026-01-15,MSFT,buy,0.345938564217557,0.345938564217557,0.32414086909177825,0.3299205666906647,buy,0.006982926586931791,-0.5635793346401035
2026-01-16,MSFT,buy,0.3593077395632639,0.3593077395632639,0.29962986556402316,0.341062394872713,sell,-0.01168017834869697,-0.5595844291047153
2026-01-20,MSFT,buy,0.36274974029463614,0.36274974029463614,0.29074153921314666,0.34650872049221715,sell,-0.023169678088282557,0.2296070830015497
2026-01-21,MSFT,buy,0.3789881713196362,0.3789881713196362,0.27344941987557947,0.3475624088047844,buy,0.015705583248045565,-0.3684193098148242
2026-01-22,MSFT,buy,0.35084287276688775,0.35084287276688775,0.3142178667601242,0.334939260472988,buy,0.03230057162614092,-0.6049893999479897
2026-01-23,MSFT,buy,0.3558111656666006,0.3558111656666006,0.2987388134011633,0.34545002093223615,buy,0.009249931697775502,-0.5216641520270681
2026-01-26,MSFT,sell,0.33823357744657756,0.33547034469917236,0.3262960778542501,0.33823357744657756,buy,0.02166540242193157,-0.5115260679511959
2026-01-27,MSFT,hold,0.3503099366507982,0.31500075482626805,0.3503099366507982,0.3346893085229338,hold,0.0021825088341821002,-0.4754677310507676
2026-01-28,MSFT,sell,0.3495306443556997,0.31489547502968546,0.33557388061461485,0.3495306443556997,sell,-0.10528436176882475,-0.4741326191207244
2026-01-29,MSFT,sell,0.4674920639132767,0.3636682098814106,0.1688397262053128,0.4674920639132767,sell,-0.007432383670847061,-0.37512632854026956
2026-01-30,MSFT,sell,0.3904143377906674,0.34750453852771834,0.26208112368161435,0.3904143377906674,sell,-0.01621296637265279,-0.2707899526419606
2026-02-02,MSFT,buy,0.3615908791748773,0.3615908791748773,0.2863306578865758,0.35207846293854694,sell,-0.029142400065331416,-0.47766010046642654
2026-02-03,MSFT,buy,0.38091154389308063,0.38091154389308063,0.25082023373998424,0.3682682223669351,buy,0.007220769155881269,-0.16734739142728539
2026-02-04,MSFT,buy,0.37018291941092396,0.37018291941092396,0.26112082496217004,0.3686962556269061,sell,-0.050811774980710295,-0.047204904246303664
2026-02-05,MSFT,buy,0.39802056466840086,0.39802056466840086,0.22749412152398094,0.3744853138076182,buy,0.018797509358279264,0.5368412337657592
2026-02-06,MSFT,sell,0.38008123960524914,0.3667488859348271,0.25316987445992384,0.38008123960524914,buy,0.030588800989342232,0.2708182495422911
2026-02-09,MSFT,buy,0.3560796321073421,0.3560796321073421,0.2891367033436971,0.3547836645489609,hold,-0.000798319315509545,-0.29597411329588424
2026-02-10,MSFT,sell,0.3562000553019102,0.3524141988483186,0.29138574584977134,0.3562000553019102,sell,-0.021770781946382066,-0.21617597830527788
2026-02-11,MSFT,sell,0.3654073309047622,0.34630318560184425,0.2882894834933936,0.3654073309047622,sell,-0.006276193782594548,-0.244002932425073
2026-02-12,MSFT,sell,0.3802344719417965,0.35473236922303425,0.2650331588351693,0.3802344719417965,hold,-0.0012949663279586867,0.34871596466067484
2026-02-13,MSFT,buy,0.36728641144217855,0.36728641144217855,0.2699887480562035,0.3627248405016181,sell,-0.011175543913618934,0.3039574005061612
2026-02-17,MSFT,buy,0.3660582768108387,0.3660582768108387,0.2773539356169504,0.356587787572211,buy,0.0068804497815916,0.24196105128461382
2026-02-18,MSFT,buy,0.35690711669260766,0.35690711669260766,0.2890883601663931,0.3540045231409991,hold,-0.0005770387632486178,0.11224252176736896
2026-02-19,MSFT,buy,0.36585705495744975,0.36585705495744975,0.2791916624056255,0.3549512826369248,hold,-0.0030916613453095257,0.22385406869502725
2026-02-20,MSFT,buy,0.36861063621546497,0.36861063621546497,0.28332762209852996,0.3480617416860051,sell,-0.032649687026276845,0.005759938613991308
2026-02-23,MSFT,buy,0.3846749518343006,0.3846749518343006,0.2656940791782708,0.3496309689874286,buy,0.011713508162752607,0.36482666404245373
2026-02-24,MSFT,buy,0.36211551146091503,0.36211551146091503,0.28665050558943966,0.3512339829496454,buy,0.029384108832231453,0.0877336382726306
2026-02-25,MSFT,sell,0.34885461368861004,0.34815603357849717,0.3029893527328928,0.34885461368861004,hold,0.0027919027648784594,-0.2178168123512918
2026-02-26,MSFT,sell,0.3540313587657105,0.3458637309233425,0.30010491031094716,0.3540313587657105,sell,-0.02260751481502054,-0.0848513092930791
2026-02-27,MSFT,buy,0.37093704998958427,0.37093704998958427,0.26773740636504767,0.36132554364536795,buy,0.014685093950154667,0.14715509019972628
2026-03-02,MSFT,buy,0.3634517335828948,0.3634517335828948,0.29013119538070525,0.34641707103639996,buy,0.013408688431820684,0.445631061795098
2026-03-03,MSFT,buy,0.37353497353228643,0.37353497353228643,0.28547818254443313,0.3409868439232804,hold,0.003139222529416255,0.8441958394327167
2026-03-04,MSFT,buy,0.3650335999474202,0.3650335999474202,0.29430542372557783,0.3406609763270019,buy,0.01343348407741661,0.38878062005106356
2026-03-05,MSFT,sell,0.3528459846520905,0.340575572951757,0.30657844239615256,0.3528459846520905,hold,-0.004196934850264637,0.8796696068190771
2026-03-06,MSFT,buy,0.3699844700589311,0.3699844700589311,0.2778086963255868,0.35220683361548216,hold,0.0010997408113609262,1.9445163771562122
2026-03-09,MSFT,buy,0.354016804212623,0.354016804212623,0.2985172117508304,0.3474659840365466,sell,-0.008955211916254719,1.1950053083109693
2026-03-10,MSFT,buy,0.359626276514472,0.359626276514472,0.29929546042757316,0.3410782630579548,hold,-0.0021711660852259426,1.085797078106795
2026-03-11,MSFT,buy,0.3617083242448233,0.3617083242448233,0.29263481214760617,0.34565686360757053,sell,-0.007487037965784546,0.9607876485980706
2026-03-12,MSFT,buy,0.3736685344007054,0.3736685344007054,0.2885245992612137,0.33780686633808094,sell,-0.01582652691683554,1.5349236973019835
2026-03-13,MSFT,buy,0.3918397800277487,0.3918397800277487,0.26980496267654386,0.3383552572957073,buy,0.011062393938410492,1.509800839002838
2026-03-16,MSFT,buy,0.36365234728314744,0.36365234728314744,0.29440449549906844,0.3419431572177841,hold,-0.0013510579009210115,0.8219217785723462
2026-03-17,MSFT,buy,0.3735954863881022,0.3735954863881022,0.29534852115927634,0.3310559924526215,sell,-0.0192625248640422,0.6075940870711809
2026-03-18,MSFT,buy,0.3722999773087898,0.3722999773087898,0.2864143529859708,0.3412856697052395,sell,-0.007095225002012981,1.1114100250239425
2026-03-19,MSFT,buy,0.38301265376261945,0.38301265376261945,0.2708040379891581,0.34618330824822247,sell,-0.018550554356410006,0.9159278539824394
2026-03-20,MSFT,buy,0.42204454123202945,0.42204454123202945,0.234983735181757,0.34297172358621353,hold,0.0029548815107211493,1.4132187277841852
2026-03-23,MSFT,buy,0.3995621065391161,0.3995621065391161,0.2517104027209416,0.34872749073994236,sell,-0.02715396533836252,1.2870807774105806
2026-03-24,MSFT,buy,0.4204053461523645,0.4204053461523645,0.2407653547836805,0.33882929906395487,hold,-0.004571189068852106,1.4239617243999787
2026-03-25,MSFT,buy,0.4060084842585933,0.4060084842585933,0.25498957242108916,0.3390019433203175,sell,-0.013758575185762116,1.1164963151717564
2026-03-26,MSFT,buy,0.45164853621792933,0.45164853621792933,0.230628545773189,0.31772291800888164,sell,-0.025459974319792144,1.4914996582752362
2026-03-27,MSFT,buy,0.4565153454454726,0.4565153454454726,0.21854990720963519,0.3249347473448922,buy,0.006119621046581308,2.1252631351210445
2026-03-30,MSFT,buy,0.45463800898928713,0.45463800898928713,0.20419144488713203,0.3411705461235809,buy,0.03075142268878768,2.0200316215761718
2026-03-31,MSFT,buy,0.39936612419372897,0.39936612419372897,0.23432519635040958,0.3663086794558614,hold,-0.0021635413538151575,1.0488704614896542
2026-04-01,MSFT,buy,0.39383068985409764,0.39383068985409764,0.2731485957697313,0.3330207143761711,buy,0.011012036052553425,0.9183900622306931
2026-04-02,MSFT,buy,0.3807888173357479,0.3807888173357479,0.28387532926871945,0.3353358533955327,hold,-0.0015541916082757374,0.7957038987728274
2026-04-06,MSFT,buy,0.37921338310729263,0.37921338310729263,0.296774594595013,0.3240120222976944,hold,-0.0015835241825861704,0.8467135091360393
2026-04-07,MSFT,buy,0.3849515741283757,0.3849515741283757,0.2786882202078597,0.33636020566376457,hold,0.005464483483156573,1.1438693440312817
2026-04-08,MSFT,buy,0.3704192715161244,0.3704192715161244,0.3055218422032684,0.3240588862806073,hold,-0.003371606797341689,0.32107000365162275
2026-04-09,MSFT,buy,0.3682019520267133,0.3682019520267133,0.30668891618430827,0.3251091317889784,sell,-0.005914502722368911,0.05222710482895876
2026-04-10,MSFT,buy,0.37616787769891025,0.37616787769891025,0.31340157338821323,0.3104305489128766,buy,0.03575407090351821,0.029202343179279007
2026-04-13,MSFT,buy,0.3498628069338208,0.3498628069338208,0.33443577285300075,0.31570142021317854,buy,0.02248380906043869,0.01803661349151922
2026-04-14,MSFT,hold,0.3571994862892864,0.3310416820447321,0.3571994862892864,0.3117588316659815,buy,0.045038931660944595,-0.13947832673449478
2026-04-15,MSFT,hold,0.3557976239097998,0.3043101123667416,0.3557976239097998,0.3398922637234585,buy,0.021745206541177127,-0.17295924217371522
2026-04-16,MSFT,hold,0.3626097093627029,0.2931895272894424,0.3626097093627029,0.34420076334785465,buy,0.006002075549152332,-0.22069953495404562
2026-04-17,MSFT,hold,0.3733458035444919,0.2967820823787487,0.3733458035444919,0.32987211407675937,sell,-0.011226739734212607,-0.3283949533595759
2026-04-20,MSFT,hold,0.36966363781764155,0.30136543069994026,0.36966363781764155,0.32897093148241824,buy,0.014461810196849447,0.03966480927007472
2026-04-21,MSFT,hold,0.35043847294379105,0.31430913431782403,0.35043847294379105,0.33525239273838486,buy,0.02044227360800401,0.21791181782624924
2026-04-22,MSFT,hold,0.3869413978295079,0.2860436874307855,0.3869413978295079,0.32701491473970645,sell,-0.040468853591927485,0.08260839459320009
2026-04-23,MSFT,sell,0.3597402379229261,0.32136671958430335,0.31889304249277045,0.3597402379229261,buy,0.021110529021497536,0.20612221044806892
2026-04-24,MSFT,hold,0.3869348805546324,0.28263758930170163,0.3869348805546324,0.33042753014366594,hold,0.0004708877374006461,0.04973570637917398
2026-04-27,MSFT,hold,0.3699084430569544,0.28866689057605854,0.3699084430569544,0.34142466636698704,buy,0.010373925111834702,-0.1383307867416386
2026-04-28,MSFT,hold,0.373533997655832,0.2849005231167012,0.373533997655832,0.3415654792274668,sell,-0.011221711629237963,-0.18614556409297
2026-04-29,MSFT,sell,0.36214017680398813,0.2954830723389269,0.342376750857085,0.36214017680398813,sell,-0.04008994344445708,0.10529857365350428
2026-04-30,MSFT,sell,0.3933801467135287,0.3167158551719941,0.28990399811447726,0.3933801467135287,buy,0.016200393649030864,-0.4479759288917811
2026-05-01,MSFT,hold,0.36327780308249363,0.2968774080385123,0.36327780308249363,0.3398447888789941,hold,-0.0019805845311460773,-0.41239039984700754
2026-05-04,MSFT,sell,0.34354899925166776,0.3206779762661836,0.33577302448214863,0.34354899925166776,sell,-0.005430311591628986,-0.021973536041431797
2026-05-05,MSFT,hold,0.35901502455323864,0.3121976012440028,0.35901502455323864,0.32878737420275855,buy,0.006251973171359722,-0.2866723900436747
2026-05-06,MSFT,hold,0.3513105770121789,0.30338667480741854,0.3513105770121789,0.34530274818040263,buy,0.016317058490072932,-0.27765403864015503
2026-05-07,MSFT,sell,0.33871815954316775,0.3231429327088029,0.3381389077480294,0.33871815954316775,sell,-0.01351873447467722,-0.36388353574671634
2026-05-08,MSFT,hold,0.35815281353793266,0.30759558866174785,0.35815281353793266,0.3342515978003195,sell,-0.005943630903975216,-0.32470542669529284
2026-05-11,MSFT,sell,0.34818716493580815,0.3159459891927617,0.33586684587143006,0.34818716493580815,sell,-0.011920735420462784,0.04063189818879537
2026-05-12,MSFT,buy,0.33914003684033134,0.33914003684033134,0.3253262666133093,0.33553369654635934,sell,-0.006297800717341185,-0.07329628124845196
2026-05-13,MSFT,sell,0.34038104218796567,0.32800631526263907,0.3316126425493953,0.34038104218796567,buy,0.01036043429339151,-0.10920489523411767
2026-05-14,MSFT,hold,0.33838622531225376,0.3283153889660675,0.33838622531225376,0.3332983857216788,buy,0.030049816053201756,-0.29373257345475673
2026-05-15,MSFT,buy,0.35918981712734593,0.35918981712734593,0.3043345301896765,0.3364756526829775,hold,0.0038323172587519066,0.06268868115306028
2026-05-18,MSFT,hold,0.35363611183928584,0.3210000908640227,0.35363611183928584,0.32536379729669146,sell,-0.014555068536528612,-0.1230092500374077
2026-05-19,MSFT,hold,0.34075020097437114,0.33005209529646856,0.34075020097437114,0.32919770372916024,buy,0.008682351066833785,-0.050942720285505984
2026-05-20,MSFT,hold,0.3605882479737729,0.30066530102737943,0.3605882479737729,0.3387464509988477,hold,-0.00252610992400636,-0.23885672174366268
2026-05-21,MSFT,hold,0.3495171609706635,0.3177690090473423,0.3495171609706635,0.33271382998199417,hold,-0.0012414559346094188,-0.4441095891108319
2026-05-22,MSFT,hold,0.3542195474414427,0.32391133631397134,0.3542195474414427,0.32186911624458603,sell,-0.006086815747892765,-0.4577383138031748
2026-05-26,MSFT,hold,0.34815897722136335,0.32252957886702016,0.34815897722136335,0.3293114439116165,sell,-0.008109086190994702,-0.3535999863663162
2026-05-27,MSFT,hold,0.34082148358787906,0.32716193380422437,0.34082148358787906,0.33201658260789646,buy,0.034112273178170754,-0.5700834016551456
2026-05-28,MSFT,hold,0.34360323604444576,0.32243534773705096,0.34360323604444576,0.3339614162185033,buy,0.05302021631711406,-0.7331350689849943
2026-05-29,MSFT,sell,0.3520954867153804,0.3107356875677537,0.33716882571686585,0.3520954867153804,buy,0.022575505279128875,-0.8555508126811494
2026-06-01,MSFT,hold,0.3799011105019546,0.28893068173870184,0.3799011105019546,0.3311682077593435,sell,-0.04260874311471564,-0.6295303083539382
2026-06-02,MSFT,hold,0.3522641794852205,0.3061548356543746,0.3522641794852205,0.3415809848604048,sell,-0.03216756926061572,-0.7109641544264648
2026-06-03,MSFT,sell,0.35255061640757274,0.31614027195727357,0.33130911163515364,0.35255061640757274,hold,0.0016600214708585974,-0.6203048665863439
2026-06-04,MSFT,hold,0.36396181051669974,0.30559049460782467,0.36396181051669974,0.33044769487547554,sell,-0.02694545757348533,-0.8172405655047367
2026-06-05,MSFT,buy,0.3625785797079597,0.3625785797079597,0.29598007999131476,0.34144134030072554,sell,-0.011902481865196957,1.0321512314317247
2026-06-08,MSFT,buy,0.37228107070055205,0.37228107070055205,0.2952351580505409,0.332483771248907,sell,-0.020438625838642196,0.2448533135107166
2026-06-09,MSFT,buy,0.3784230177686161,0.3784230177686161,0.28096568836219743,0.3406112938691864,sell,-0.015110828144280814,0.5292928988064687
2026-06-10,MSFT,buy,0.40083886204103863,0.40083886204103863,0.25737124880431583,0.3417898891546455,sell,-0.017824428828516183,1.231427870967441
2026-06-11,MSFT,buy,0.3894488151161605,0.3894488151161605,0.2535857387286189,0.3569654461552207,hold,0.001024178192860307,0.38892349666652537
2026-06-12,MSFT,buy,0.3697502503834934,0.3697502503834934,0.29370412002618934,0.3365456295903173,buy,0.022822067271982282,-0.14226903080188863
2026-06-15,MSFT,hold,0.34372883254708414,0.3433190901799858,0.34372883254708414,0.3129520772729301,sell,-0.01494508985482197,-0.5841077781456654
2026-06-16,MSFT,buy,0.343383026143837,0.343383026143837,0.3238635305975075,0.33275344325865547,sell,-0.038620640437544464,-0.5172162397694944
2026-06-17,MSFT,buy,0.36961086646276947,0.36961086646276947,0.28427175127676313,0.34611738226046745,hold,0.0012923355329048031,0.10008520473567539
2026-06-18,MSFT,buy,0.37059823643232664,0.37059823643232664,0.2829889241059331,0.34641283946174023,sell,-0.03230316380562538,-0.5132070138214024
2026-06-22,MSFT,buy,0.3962170581933672,0.3962170581933672,0.2745342398382072,0.3292487019684255,buy,0.017807471218292778,-0.24294239503010637
2026-06-23,MSFT,buy,0.38257711339854644,0.38257711339854644,0.27686584568184475,0.34055704091960887,sell,-0.022938479444906717,0.42754937949100014
2026-06-24,MSFT,buy,0.40363303094299824,0.40363303094299824,0.2585474846269792,0.33781948443002263,sell,-0.03517054764995348,0.16539247357650086
2026-06-25,MSFT,buy,0.40623019423769813,0.40623019423769813,0.23674398672193075,0.35702581904037106,buy,0.05551167715699935,0.24171910049593986
2026-06-26,MSFT,buy,0.4254258395487704,0.4254258395487704,0.1915567343681713,0.3830174260830583,sell,-0.011867310540754926,0.09398580833959788
2026-06-29,MSFT,buy,0.35965218889057504,0.35965218889057504,0.28505733835971936,0.3552904727497055,buy,0.01200133424528148,-0.13828511034194244
2026-06-30,MSFT,buy,0.33666727112505807,0.33666727112505807,0.33114894819951607,0.3321837806754259,buy,0.029739464873233083,-0.5021638605330597
2026-07-01,MSFT,sell,0.3383504511934483,0.33104556549703035,0.3306039833095213,0.3383504511934483,buy,0.01603083427328197,-0.45932414847134273
2026-07-02,MSFT,hold,0.35843242720410545,0.31412569041158095,0.35843242720410545,0.3274418823843135,sell,-0.009649719886582553,-0.5920899169764093
2026-07-06,MSFT,hold,0.37098631262657955,0.30760714992542215,0.37098631262657955,0.32140653744799835,hold,0.005415354725410578,-0.7666036067597525
2026-07-07,MSFT,hold,0.3762496764846748,0.30585318025828645,0.3762496764846748,0.31789714325703883,sell,-0.014245595270438406,-0.5943988666300544
2026-07-08,MSFT,hold,0.35711509315510725,0.30402731525908844,0.35711509315510725,0.3388575915858043,hold,0.0026572451051034866,-0.3612110324931924
2026-07-09,MSFT,hold,0.37587824885607346,0.2936530711462253,0.37587824885607346,0.3304686799977013,hold,0.0019234466759783032,-0.6822296100047189
2026-07-10,MSFT,hold,0.3784649772429756,0.30597370718508454,0.3784649772429756,0.31556131557193984,buy,0.015178953575442218,-0.9260670011373038
2026-07-13,MSFT,hold,0.36590767386895673,0.30234377727157813,0.36590767386895673,0.33174854885946514,sell,-0.015620487433093869,-0.28219152949591786
2026-07-14,MSFT,hold,0.3532853937620921,0.3165459475953469,0.3532853937620921,0.33016865864256106,buy,0.027417947067890327,-0.4810956701560535
2026-07-15,MSFT,hold,0.3715596817850148,0.29965757376457663,0.3715596817850148,0.32878274445040845,buy,0.013731328503507289,-0.7296376015843158
2026-07-16,MSFT,hold,0.3518189609545005,0.29821865699643624,0.3518189609545005,0.34996238204906327,sell,-0.018316835481835936,-0.4084145264178843
2026-07-17,MSFT,sell,0.35498878522367144,0.3172883308068904,0.32772288396943816,0.35498878522367144,buy,0.021279310768907687,0.20591976461276257
2026-07-20,MSFT,hold,0.3544257800925465,0.3119115505649707,0.3544257800925465,0.33366266934248284,sell,-0.011349616213798706,0.1670023301221471
2026-07-21,MSFT,hold,0.3671741023347023,0.3102404881938852,0.3671741023347023,0.32258540947141245,sell,-0.018805463167719406,-0.3178241083872704
2026-07-22,MSFT,hold,0.349343150498114,0.3121736541683552,0.349343150498114,0.3384831953335308,sell,-0.022697680641045857,-0.4421482479365628
2026-07-23,MSFT,sell,0.3521668418436181,0.3337188309599268,0.3141143271964551,0.3521668418436181,hold,0.00031453086371062644,0.1777665338631884
2026-07-24,MSFT,buy,0.3355328439721528,0.3355328439721528,0.32975574147608666,0.33471141455176046,buy,0.019201373487281348,0.13773291672399618
2026-07-27,MSFT,buy,0.35368265816629324,0.35368265816629324,0.3307216913835599,0.31559565045014687,buy,0.010863395254360744,0.16084272357076707
2026-07-28,MSFT,buy,0.35320492261127756,0.35320492261127756,0.32479861412649746,0.321996463262225,hold,-0.007169398750261155,0.017142885299091262
2026-07-29,MSFT,buy,0.37561284155387326,0.37561284155387326,0.2817593969372005,0.3426277615089263,buy,0.14415869002494103,0.7576966159689555
2026-07-30,MSFT,sell,0.3856558515887966,0.33887598684942316,0.2754681615617802,0.3856558515887966,buy,0.029745990485831524,-0.33196410936969134
2026-07-31,MSFT,hold,0.35136901313543606,0.30054954220587154,0.35136901313543606,0.34808144465869245,buy,0.048162834615392586,-0.6661653999564779
2026-08-03,MSFT,hold,0.37067353906660433,0.2832949645216981,0.37067353906660433,0.3460314964116975,buy,0.010525820139269188,-0.7002642307042627
2026-08-04,MSFT,hold,0.3779879022296963,0.2682732277855824,0.3779879022296963,0.3537388699847214,sell,-0.010915505876516499,-0.5037750093277213
2026-08-05,MSFT,hold,0.382268740085244,0.2814859064234374,0.382268740085244,0.33624535349131857,buy,0.02511977922331943,-0.7107861271143682
2026-08-06,MSFT,hold,0.39075915708871056,0.2842673071523242,0.39075915708871056,0.32497353575896526,hold,0.00026004905973253683,-0.9084917687441293
2026-08-07,MSFT,hold,0.4022291413949939,0.2872020382152393,0.4022291413949939,0.3105688203897668,buy,0.012067200396210767,-0.9810103055730187
2026-08-10,MSFT,hold,0.3892108099602741,0.2948465206963862,0.3892108099602741,0.3159426693433398,hold,-0.004456058771781653,-0.8117022775635087
2026-08-11,MSFT,hold,0.39849698889156426,0.28617312665878336,0.39849698889156426,0.3153298844496524,sell,-0.022846884269697852,-0.8644474255499709
2026-08-12,MSFT,hold,0.3944402906144277,0.29088033702617005,0.3944402906144277,0.31467937235940224,buy,0.008996253683875972,-1.0853975365619515
2026-08-13,MSFT,hold,0.4099283884080272,0.2794821498906378,0.4099283884080272,0.3105894617013351,hold,-0.002983061031221489,-1.0615011231532923
2026-08-14,MSFT,hold,0.40754289922051934,0.28336414052653314,0.40754289922051934,0.3090929602529475,sell,-0.030850463908354116,-1.1751596018914214
2026-08-17,MSFT,hold,0.37432568764807755,0.3055981359237543,0.37432568764807755,0.3200761764281682,hold,0.0026611648721125585,-0.8904960150228793
2026-08-18,MSFT,hold,0.3703247394552469,0.2995460857368386,0.3703247394552469,0.33012917480791454,hold,0.005548998427629278,-0.6950915316193057
2026-08-19,MSFT,hold,0.38814248923367356,0.2971575099012923,0.38814248923367356,0.314700000865034,hold,-0.004665396526016778,-0.9817503260975441
2026-08-20,MSFT,hold,0.3690198616684728,0.2940642504159109,0.3690198616684728,0.33691588791561633,hold,0.004334345325575278,-0.6427950661457017
2026-08-21,MSFT,hold,0.378041857821805,0.30717785366406675,0.378041857821805,0.31478028851412826,buy,0.00838706142570108,-0.9067531993448023
2026-08-24,MSFT,hold,0.3787371129379255,0.31002549350202896,0.3787371129379255,0.3112373935600456,buy,0.008988628568926814,-0.6919370891538119
2026-08-25,MSFT,hold,0.39897859254364115,0.2927452623437154,0.39897859254364115,0.30827614511264356,buy,0.009432512096829729,-0.8146889843968194
2026-08-26,MSFT,hold,0.39781034498076423,0.28678074080586674,0.39781034498076423,0.31540891421336914,buy,0.017355622730905317,-0.888891031212466
2026-08-27,MSFT,hold,0.39505223777512255,0.29286760627432923,0.39505223777512255,0.3120801559505483,buy,0.016631278037042205,-1.1006941327478228
2026-08-28,MSFT,hold,0.39627621758216536,0.3031172803407544,0.39627621758216536,0.30060650207708023,sell,-0.012225658281366231,-1.1249908770942423
2026-08-31,MSFT,hold,0.3895571778330736,0.3085051329827403,0.3895571778330736,0.3019376891841861,sell,-0.012436850500924182,-0.9751710913160972
2026-09-01,MSFT,hold,0.36886031123850355,0.31743978626485225,0.36886031123850355,0.31369990249664415,sell,-0.008418196319730818,-0.5428846535023673
2026-09-02,MSFT,hold,0.3880443813633115,0.30986379865367014,0.3880443813633115,0.30209181998301843,buy,0.026418180386706357,-0.8865374095666877
2026-09-03,MSFT,hold,0.3828709028844581,0.3210401680751538,0.3828709028844581,0.2960889290403881,sell,-0.02063803980793035,-1.1507504748367114
2026-09-04,MSFT,hold,0.3915210945943232,0.31270221605893256,0.3915210945943232,0.29577668934674417,sell,-0.011573620575305154,-1.0855457484302957
2026-09-08,MSFT,hold,0.36927847639641787,0.31168569371441285,0.36927847639641787,0.3190358298891693,hold,-0.0046672533917593295,-0.7272075866219389
2026-09-09,MSFT,hold,0.37193356607011535,0.3140010107211002,0.37193356607011535,0.31406542320878444,hold,0.0016055619253740484,-0.5049183483477678
2026-09-10,MSFT,hold,0.35054084400355173,0.32428559249087785,0.35054084400355173,0.3251735635055703,hold,0.006457059725150248,-0.09062407154830421
2026-09-11,MSFT,hold,0.3687306592095229,0.3337573073750493,0.3687306592095229,0.29751203341542787,buy,0.019540297849702796,-0.7001707414604008
2026-09-14,MSFT,hold,0.3568729072335956,0.3324795132970593,0.3568729072335956,0.310647579469345,sell,-0.016538552489505042,-0.3190332779477186
2026-09-15,MSFT,hold,0.3498811559517417,0.3343420287081728,0.3498811559517417,0.3157768153400856,sell,-0.013814012062414609,-0.2897359775219323
2026-09-16,MSFT,hold,0.34047650442553395,0.3279612011443911,0.34047650442553395,0.3315622944300749,buy,0.015080519184184037,-0.1370028863994617
2026-09-17,MSFT,hold,0.35962109762533473,0.331557845921161,0.35962109762533473,0.30882105645350433,sell,-0.008007871553246362,-0.8283770493209659
2026-09-18,MSFT,buy,0.34920240403711267,0.34920240403711267,0.32608675271533866,0.32471084324754873,buy,0.015732824730232506,-1.0188488529092832
2026-09-21,MSFT,hold,0.3759155025695981,0.31656429385597984,0.3759155025695981,0.307520203574422,hold,-0.0072228190966389695,-0.997883196414356
2026-09-22,MSFT,hold,0.37434582521151133,0.3173383194963962,0.37434582521151133,0.30831585529209254,hold,0.0051873184291455834,-1.192777704153892
2026-09-23,MSFT,hold,0.3495914981057045,0.3237691645465869,0.3495914981057045,0.32663933734770856,hold,-0.005327905267274543,-0.8964688565664073
2026-09-24,MSFT,hold,0.36277863004509353,0.3132135605364249,0.36277863004509353,0.3240078094184816,buy,0.035976645291274645,-0.746086561348431
2026-09-25,MSFT,hold,0.3455431671078953,0.3289658872765515,0.3455431671078953,0.3254909456155532,sell,-0.013555989870956294,-0.9874362647501919
2026-09-28,MSFT,hold,0.35722343330735173,0.3170178212793543,0.35722343330735173,0.3257587454132939,hold,-0.0005107343949936996,-0.6240476426414561
2026-09-29,MSFT,hold,0.3519795976894848,0.31574465294807114,0.3519795976894848,0.33227574936244403,buy,0.00771153078341669,-0.6327319695499479
2026-09-30,MSFT,hold,0.3435095100812371,0.323750899732019,0.3435095100812371,0.332739590186744,,,-0.5420029249967168
2026-01-02,GOOGL,sell,0.3390506908893098,0.333698499553397,0.32725080955729313,0.3390506908893098,hold,0.004400988175636197,-0.8340208452627474
2026-01-05,GOOGL,hold,0.3651503908266695,0.30975450191337844,0.3651503908266695,0.32509510725995205,sell,-0.006974351015947973,-0.7579799382312812
2026-01-06,GOOGL,hold,0.3439470069327332,0.32111983454671245,0.3439470069327332,0.3349331585205543,buy,0.024014182429505593,-0.7829297773054127
2026-01-07,GOOGL,hold,0.34682401033499155,0.30916961062671633,0.34682401033499155,0.3440063790382921,hold,0.010688665767084488,-0.6637146936062013
2026-01-08,GOOGL,hold,0.354139506655249,0.2992000087872666,0.354139506655249,0.3466604845574844,hold,0.00957181869694715,-0.6499490046057679
2026-01-09,GOOGL,hold,0.3743651442665362,0.2998296902268326,0.3743651442665362,0.32580516550663124,hold,0.009963157478569143,-0.8267668142609035
2026-01-12,GOOGL,hold,0.3674060306898616,0.29450760488967626,0.3674060306898616,0.338086364420462,buy,0.012308768491510809,-0.7060004596085142
2026-01-13,GOOGL,hold,0.3560599735063312,0.3010403297102957,0.3560599735063312,0.3428996967833731,hold,-0.0003869623328035043,-0.5418264478935297
2026-01-14,GOOGL,sell,0.3575546882039037,0.2905892695019535,0.3518560422941428,0.3575546882039037,sell,-0.009153390986452228,-0.3956201967968232
2026-01-15,GOOGL,hold,0.3616226175878067,0.29563267097658397,0.3616226175878067,0.34274471143560936,sell,-0.008388847970823527,-0.5635793346401035
2026-01-16,GOOGL,sell,0.3509195931078503,0.31291325876765813,0.3361671481244916,0.3509195931078503,sell,-0.024541198695963946,-0.5595844291047153
2026-01-20,GOOGL,sell,0.3615820694540749,0.34666424363637455,0.2917536869095505,0.3615820694540749,buy,0.019619934680818858,0.2296070830015497
2026-01-21,GOOGL,sell,0.3481228301194937,0.34158935168630455,0.31028781819420176,0.3481228301194937,hold,0.006556348899299905,-0.3684193098148242
2026-01-22,GOOGL,hold,0.3513187123843671,0.32078692661163943,0.3513187123843671,0.32789436100399333,sell,-0.00792765505224928,-0.6049893999479897
2026-01-23,GOOGL,hold,0.34389274081394366,0.324321910357533,0.34389274081394366,0.3317853488285233,buy,0.01612285569403006,-0.5216641520270681
2026-01-26,GOOGL,hold,0.3497451941299383,0.3214016281407762,0.3497451941299383,0.3288531777292854,hold,0.0038633195782322182,-0.5115260679511959
2026-01-27,GOOGL,hold,0.3615460233286996,0.31399558945145317,0.3615460233286996,0.3244583872198473,hold,0.0043546314001811914,-0.4754677310507676
2026-01-28,GOOGL,sell,0.34564518560214924,0.31106963385435005,0.34328518054350066,0.34564518560214924,hold,0.0066443625264028545,-0.4741326191207244
2026-01-29,GOOGL,sell,0.3742301620765401,0.31733849364805133,0.3084313442754085,0.3742301620765401,hold,-0.0007394534070078902,-0.37512632854026956
2026-01-30,GOOGL,sell,0.35251139312541785,0.31167885084591174,0.33580975602867036,0.35251139312541785,buy,0.016694289355613703,-0.2707899526419606
2026-02-02,GOOGL,hold,0.3559088237547513,0.3173444136924312,0.3559088237547513,0.32674676255281754,sell,-0.011647826243258408,-0.47766010046642654
2026-02-03,GOOGL,sell,0.3432562349858289,0.32874026638223913,0.3280034986319319,0.3432562349858289,sell,-0.019829689756396197,-0.16734739142728539
2026-02-04,GOOGL,sell,0.3778761350929781,0.353656706486365,0.2684671584206568,0.3778761350929781,hold,-0.005389240195769529,-0.047204904246303664
2026-02-05,GOOGL,sell,0.39468174419564855,0.38335747443241447,0.22196078137193698,0.39468174419564855,sell,-0.02565460811830374,0.5368412337657592
2026-02-06,GOOGL,sell,0.37923535077759774,0.3615373068199451,0.2592273424024571,0.37923535077759774,hold,0.004511947086723796,0.2708182495422911
2026-02-09,GOOGL,buy,0.35720627735583893,0.35720627735583893,0.2979565190812668,0.34483720356289427,sell,-0.017857143451186806,-0.29597411329588424
2026-02-10,GOOGL,sell,0.3546899036450435,0.34360881011613276,0.3017012862388237,0.3546899036450435,sell,-0.02420919995336396,-0.21617597830527788
2026-02-11,GOOGL,sell,0.35665208584607,0.3540450507146823,0.2893028634392477,0.35665208584607,hold,-0.006323050111409877,-0.244002932425073
2026-02-12,GOOGL,buy,0.3729605058143484,0.3729605058143484,0.2614386282891022,0.36560086589654944,sell,-0.010671689277544104,0.34871596466067484
2026-02-13,GOOGL,buy,0.36924214896196356,0.36924214896196356,0.274222137948284,0.3565357130897525,sell,-0.012176389236975806,0.3039574005061612
2026-02-17,GOOGL,buy,0.36891203804135797,0.36891203804135797,0.2717184803826329,0.35936948157600906,hold,0.004328006983784475,0.24196105128461382
2026-02-18,GOOGL,sell,0.3515051763620081,0.34967001781688356,0.2988248058211084,0.3515051763620081,hold,-0.0015835771352878997,0.11224252176736896
2026-02-19,GOOGL,sell,0.35699674994215147,0.352647444299002,0.2903558057588464,0.35699674994215147,buy,0.039271496747687415,0.22385406869502725
2026-02-20,GOOGL,sell,0.36692183844668336,0.3471363436070567,0.28594181794626,0.36692183844668336,sell,-0.011141881246997908,0.005759938613991308
2026-02-23,GOOGL,sell,0.352599599088747,0.3460603338187382,0.3013400670925148,0.352599599088747,hold,-0.0018959586870776817,0.36482666404245373
2026-02-24,GOOGL,sell,0.36252369641600035,0.3396776195424009,0.2977986840415988,0.36252369641600035,hold,0.006412356901013146,0.0877336382726306
2026-02-25,GOOGL,sell,0.3558134970962516,0.3293474515189716,0.3148390513847769,0.3558134970962516,sell,-0.017798864954788086,-0.2178168123512918
2026-02-26,GOOGL,sell,0.37401252296353565,0.3367568081665816,0.28923066886988275,0.37401252296353565,buy,0.014148874821423666,-0.0848513092930791
2026-02-27,GOOGL,sell,0.3660891476126864,0.33971022023951636,0.2942006321477973,0.3660891476126864,sell,-0.016950758727859075,0.14715509019972628
2026-03-02,GOOGL,sell,0.36708799745217374,0.3495693123169126,0.2833426902309138,0.36708799745217374,sell,-0.00963775108952796,0.445631061795098
2026-03-03,GOOGL,sell,0.37344961989633,0.3506079753268033,0.27594240477686666,0.37344961989633,hold,-0.0014834136751069901,0.8441958394327167
2026-03-04,GOOGL,sell,0.364188117530851,0.34985333788407086,0.285958544585078,0.364188117530851,sell,-0.007450155130375523,0.38878062005106356
2026-03-05,GOOGL,sell,0.38257661937984144,0.3444766841064639,0.27294669651369463,0.38257661937984144,sell,-0.007874648909053036,0.8796696068190771
2026-03-06,GOOGL,sell,0.3731096025916032,0.3704853938154399,0.2564050035929568,0.3731096025916032,buy,0.026627506681741832,1.9445163771562122
2026-03-09,GOOGL,sell,0.3715078023324712,0.3551300401645308,0.2733621575029981,0.3715078023324712,hold,0.0022172874143898697,1.1950053083109693
2026-03-10,GOOGL,sell,0.3552520371979495,0.35474004213543786,0.29000792066661263,0.3552520371979495,hold,0.0053919497321250846,1.085797078106795
2026-03-11,GOOGL,sell,0.3637341953708737,0.3445599190738599,0.29170588555526633,0.3637341953708737,sell,-0.01682367679886567,0.9607876485980706
2026-03-12,GOOGL,sell,0.3697518134782639,0.35970045714074916,0.2705477293809868,0.3697518134782639,hold,-0.004192621534006157,1.5349236973019835
2026-03-13,GOOGL,buy,0.36360778904988683,0.36360778904988683,0.2742804149116688,0.36211179603844434,buy,0.010792430747487834,1.509800839002838
2026-03-16,GOOGL,buy,0.35327902686768325,0.35327902686768325,0.29595972524457964,0.35076124788773716,buy,0.017389497923292044,0.8219217785723462
2026-03-17,GOOGL,sell,0.3435654665965273,0.33828557665399417,0.3181489567494785,0.3435654665965273,sell,-0.010442910386935345,0.6075940870711809
2026-03-18,GOOGL,sell,0.3562222047015628,0.3495532839039523,0.29422451139448497,0.3562222047015628,hold,-0.0018216376105065345,1.1114100250239425
2026-03-19,GOOGL,sell,0.3709385541444469,0.3443788691932436,0.28468257666230956,0.3709385541444469,sell,-0.020160848541076363,0.9159278539824394
2026-03-20,GOOGL,buy,0.3822405720402469,0.3822405720402469,0.2439707220722059,0.3737887058875472,hold,0.003515403724678809,1.4132187277841852
2026-03-23,GOOGL,sell,0.3785212033124806,0.3678592814072377,0.25361951528028154,0.3785212033124806,sell,-0.039228615556825254,1.2870807774105806
2026-03-24,GOOGL,buy,0.38414855054890595,0.38414855054890595,0.24413052237899616,0.3717209270720979,hold,0.0016856289858513014,1.4239617243999787
2026-03-25,GOOGL,sell,0.37539535604671426,0.37481298691739207,0.24979165703589365,0.37539535604671426,sell,-0.035012616605263266,1.1164963151717564
2026-03-26,GOOGL,buy,0.4101726040960429,0.4101726040960429,0.23441807581478,0.35540932008917714,sell,-0.02370190379915116,1.4914996582752362
2026-03-27,GOOGL,buy,0.42673404346385446,0.42673404346385446,0.21608315637536246,0.3571828001607831,hold,-0.0030664776519160925,2.1252631351210445
2026-03-30,GOOGL,buy,0.4157117605648586,0.4157117605648586,0.2174700302175507,0.36681820921759073,buy,0.05012988031808037,2.0200316215761718
2026-03-31,GOOGL,sell,0.40500444906870064,0.3652828925821055,0.22971265834919388,0.40500444906870064,buy,0.0336129391971728,1.0488704614896542
2026-04-01,GOOGL,buy,0.37099554188229916,0.37099554188229916,0.2586983996441499,0.3703060584735509,hold,-0.005462449138483016,0.9183900622306931
2026-04-02,GOOGL,sell,0.3644286780124659,0.35559754698137636,0.27997377500615767,0.3644286780124659,buy,0.014167155399505737,0.7957038987728274
2026-04-06,GOOGL,sell,0.3508920025624945,0.3433493724140621,0.30575862502344336,0.3508920025624945,buy,0.01806960622416127,0.8467135091360393
2026-04-07,GOOGL,sell,0.36651572516060993,0.34891502687953224,0.28456924795985783,0.36651572516060993,buy,0.038091989569671574,1.1438693440312817
2026-04-08,GOOGL,sell,0.34668899048450397,0.3360576316952039,0.31725337782029217,0.34668899048450397,hold,0.0036802469018372436,0.32107000365162275
2026-04-09,GOOGL,sell,0.3507108964501535,0.3230066310716201,0.32628247247822645,0.3507108964501535,hold,-0.003932467909447651,0.05222710482895876
2026-04-10,GOOGL,hold,0.3407784655988818,0.3265645591386609,0.3407784655988818,0.33265697526245736,buy,0.012747849058081889,0.029202343179279007
2026-04-13,GOOGL,hold,0.35737286369556337,0.3128762433743475,0.35737286369556337,0.3297508929300892,buy,0.03546580500301855,0.01803661349151922
2026-04-14,GOOGL,hold,0.36292550004628443,0.3015797894970918,0.36292550004628443,0.33549471045662377,buy,0.012566733338831097,-0.13947832673449478
2026-04-15,GOOGL,hold,0.3705651860275595,0.28813691220243115,0.3705651860275595,0.3412979017700093,hold,-0.0032683459867329017,-0.17295924217371522
2026-04-16,GOOGL,hold,0.3690270318273972,0.291906657712218,0.3690270318273972,0.3390663104603847,buy,0.016704026368805667,-0.22069953495404562
2026-04-17,GOOGL,hold,0.39084494861939123,0.27796660901290515,0.39084494861939123,0.3311884423677036,sell,-0.01254611469987265,-0.3283949533595759
2026-04-20,GOOGL,hold,0.36681242310579604,0.29611491901217624,0.36681242310579604,0.3370726578820278,sell,-0.015320401469717493,0.03966480927007472
2026-04-21,GOOGL,sell,0.34265816494702495,0.32103280384570765,0.33630903120726746,0.34265816494702495,buy,0.020935564970531447,0.21791181782624924
2026-04-22,GOOGL,hold,0.3708791722517949,0.292082328628852,0.3708791722517949,0.3370384991193532,hold,-0.0012680634602705817,0.08260839459320009
2026-04-23,GOOGL,sell,0.3496903582932557,0.3024353516879715,0.34787429001877285,0.3496903582932557,buy,0.016128201872222185,0.20612221044806892
2026-04-24,GOOGL,hold,0.36255631112433884,0.2888305914689561,0.36255631112433884,0.348613097406705,buy,0.017100358084624206,0.04973570637917398
2026-04-27,GOOGL,hold,0.3615560966173316,0.2910835505782651,0.3615560966173316,0.3473603528044032,hold,-0.0015996958167987956,-0.1383307867416386
2026-04-28,GOOGL,hold,0.35048648872372795,0.2995184430763167,0.35048648872372795,0.34999506819995535,hold,0.0004572048687986675,-0.18614556409297
2026-04-29,GOOGL,sell,0.36712631825883635,0.31098051203140387,0.3218931697097598,0.36712631825883635,buy,0.0949619894583252,0.10529857365350428
2026-04-30,GOOGL,sell,0.40044718793475964,0.28464679736110043,0.3149060147041399,0.40044718793475964,hold,0.002310346977955309,-0.4479759288917811
2026-05-01,GOOGL,hold,0.3790831857375626,0.2682466850508355,0.3790831857375626,0.352670129211602,sell,-0.006346510391666609,-0.41239039984700754
2026-05-04,GOOGL,hold,0.3601571290975899,0.2832560768723813,0.3601571290975899,0.35658679403002874,buy,0.013425459980288311,-0.021973536041431797
2026-05-05,GOOGL,hold,0.37457529203246104,0.28450896712265256,0.37457529203246104,0.34091574084488624,buy,0.024439580081050565,-0.2866723900436747
2026-05-06,GOOGL,hold,0.3817221674669058,0.26987530729470366,0.3817221674669058,0.3484025252383905,hold,-0.00012567175774091726,-0.27765403864015503
2026-05-07,GOOGL,hold,0.36973607873026954,0.2797333135559275,0.36973607873026954,0.35053060771380307,hold,0.0070356703093336255,-0.36388353574671634
2026-05-08,GOOGL,hold,0.39653999879280943,0.2713854765000091,0.39653999879280943,0.33207452470718135,sell,-0.030808988852872497,-0.32470542669529284
2026-05-11,GOOGL,sell,0.3506497820493348,0.30524727701339927,0.3441029409372659,0.3506497820493348,hold,-0.003324839172811449,0.04063189818879537
2026-05-12,GOOGL,sell,0.3528568328709136,0.30356153733967817,0.3435816297894082,0.3528568328709136,buy,0.038664476971202275,-0.07329628124845196
2026-05-13,GOOGL,hold,0.3582799543207708,0.28725148018084756,0.3582799543207708,0.35446856549838174,hold,-0.003857177245217112,-0.10920489523411767
2026-05-14,GOOGL,hold,0.37304703314177606,0.28366154459001347,0.37304703314177606,0.34329142226821047,sell,-0.010754038324889855,-0.29373257345475673
2026-05-15,GOOGL,sell,0.35790705009648316,0.30125517614539926,0.3408377737581176,0.35790705009648316,hold,0.0004032122294838275,0.06268868115306028
2026-05-18,GOOGL,sell,0.346253758492118,0.32713852052668324,0.3266077209811987,0.346253758492118,sell,-0.023656522949093543,-0.1230092500374077
2026-05-19,GOOGL,sell,0.3604866986348496,0.3200902555300114,0.3194230458351389,0.3604866986348496,hold,0.0032193462264388344,-0.050942720285505984
2026-05-20,GOOGL,sell,0.36438725057705124,0.3133714526697929,0.3222412967531558,0.36438725057705124,hold,-0.00321934622643882,-0.23885672174366268
2026-05-21,GOOGL,sell,0.3525699040221255,0.31862368321573953,0.32880641276213496,0.3525699040221255,sell,-0.012171968218410776,-0.4441095891108319
2026-05-22,GOOGL,hold,0.3478283230027552,0.31165028462477057,0.3478283230027552,0.3405213923724743,buy,0.015314158825226637,-0.4577383138031748
2026-05-26,GOOGL,hold,0.35331581678971535,0.30388397488840907,0.35331581678971535,0.3428002083218755,hold,-0.000128632124050481,-0.3535999863663162
2026-05-27,GOOGL,sell,0.3433780682307089,0.3161157010065367,0.3405062307627545,0.3433780682307089,hold,0.0033378162954156806,-0.5700834016551456
2026-05-28,GOOGL,hold,0.35464872277931697,0.29993243327846575,0.35464872277931697,0.3454188439422173,sell,-0.02541448506489544,-0.7331350689849943
2026-05-29,GOOGL,sell,0.3512045267674447,0.3248530179633477,0.32394245526920756,0.3512045267674447,sell,-0.010492823692305853,-0.8555508126811494
2026-06-01,GOOGL,sell,0.3389461889838664,0.32533971096994346,0.33571410004619007,0.3389461889838664,sell,-0.03934294885093332,-0.6295303083539382
2026-06-02,GOOGL,buy,0.37019705147999243,0.37019705147999243,0.2791900144434987,0.3506129340765089,sell,-0.007935281616881736,-0.7109641544264648
2026-06-03,GOOGL,buy,0.3716274990432304,0.3716274990432304,0.276757033832103,0.3516154671246667,buy,0.0361099678606916,-0.6203048665863439
2026-06-04,GOOGL,sell,0.34571211011082886,0.33304150027389373,0.32124638961527746,0.34571211011082886,sell,-0.00988233277234109,-0.8172405655047367
2026-06-05,GOOGL,buy,0.3677505509582638,0.3677505509582638,0.27417832421489713,0.35807112482683906,sell,-0.013668530599882985,1.0321512314317247
2026-06-08,GOOGL,buy,0.360827738066601,0.360827738066601,0.29968439863834806,0.339487863295051,hold,0.0026114672542867307,0.2448533135107166
2026-06-09,GOOGL,buy,0.3639354003743454,0.3639354003743454,0.2831257789636427,0.3529388206620119,sell,-0.021870322143806402,0.5292928988064687
2026-06-10,GOOGL,buy,0.39108613964323663,0.39108613964323663,0.2619863817816745,0.34692747857508893,hold,0.0038926366279253954,1.231427870967441
2026-06-11,GOOGL,sell,0.3709768338630096,0.3599613773621916,0.26906178877479886,0.3709768338630096,hold,0.005324453201705333,0.38892349666652537
2026-06-12,GOOGL,buy,0.360994075323498,0.360994075323498,0.3105575383679382,0.32844838630856377,buy,0.02653003879692126,-0.14226903080188863
2026-06-15,GOOGL,hold,0.3564745722260841,0.33629203359372517,0.3564745722260841,0.30723339418019074,buy,0.01050372297504738,-0.5841077781456654
2026-06-16,GOOGL,hold,0.3460877956328142,0.3251491344634605,0.3460877956328142,0.3287630699037252,sell,-0.025671644062845143,-0.5172162397694944
2026-06-17,GOOGL,sell,0.3471325732373306,0.3389662810997201,0.3139011456629493,0.3471325732373306,buy,0.011587588868040379,0.10008520473567539
2026-06-18,GOOGL,sell,0.35154590647614825,0.3371049315876845,0.31134916193616735,0.35154590647614825,sell,-0.05114595956462009,-0.5132070138214024
2026-06-22,GOOGL,sell,0.37224516127025536,0.3565063877502255,0.27124845097951916,0.37224516127025536,sell,-0.010204051944260667,-0.24294239503010637
2026-06-23,GOOGL,sell,0.36278292147569086,0.3585817988335822,0.2786352796907269,0.36278292147569086,hold,-0.0024297446042317056,0.42754937949100014
2026-06-24,GOOGL,buy,0.3749792441313514,0.3749792441313514,0.2662185253510879,0.35880223051756066,hold,-0.004586437585355832,0.16539247357650086
2026-06-25,GOOGL,sell,0.36966107579720947,0.3623341056819053,0.2680048185208853,0.36966107579720947,sell,-0.018558682090145166,0.24171910049593986
2026-06-26,GOOGL,buy,0.42706793858776926,0.42706793858776926,0.19642668333800078,0.3765053780742299,buy,0.04706815483174713,0.09398580833959788
2026-06-29,GOOGL,sell,0.34712823641649354,0.34059535897842946,0.312276404605077,0.34712823641649354,buy,0.01046396560322637,-0.13828511034194244
2026-06-30,GOOGL,sell,0.33785430483131623,0.3371613539913418,0.32498434117734204,0.33785430483131623,buy,0.010687822231110682,-0.5021638605330597
2026-07-01,GOOGL,sell,0.3406193132897812,0.3206874788008976,0.3386932079093212,0.3406193132897812,hold,-0.0036055034296413025,-0.45932414847134273
2026-07-02,GOOGL,sell,0.34755737156638017,0.3296817760526083,0.3227608523810115,0.34755737156638017,buy,0.018035330775061996,-0.5920899169764093
2026-07-06,GOOGL,hold,0.3626461608646504,0.312282942430999,0.3626461608646504,0.3250708967043506,hold,0.0015542336127331434,-0.7666036067597525
2026-07-07,GOOGL,hold,0.35237766811006127,0.3222768522764039,0.35237766811006127,0.32534547961353477,sell,-0.014020318562469975,-0.5943988666300544
2026-07-08,GOOGL,sell,0.34322431807045417,0.32099583328710896,0.33577984864243693,0.34322431807045417,sell,-0.008407235471836066,-0.3612110324931924
2026-07-09,GOOGL,hold,0.3518880029333729,0.30869228902879,0.3518880029333729,0.3394197080378371,hold,-0.00477613917541858,-0.6822296100047189
2026-07-10,GOOGL,hold,0.36167995540448505,0.3115515285405015,0.36167995540448505,0.32676851605501345,sell,-0.013160843077121025,-0.9260670011373038
2026-07-13,GOOGL,hold,0.34560430734516123,0.3246356940464454,0.34560430734516123,0.3297599986083934,buy,0.019663031165405288,-0.28219152949591786
2026-07-14,GOOGL,hold,0.3608277060779908,0.3187776913649184,0.3608277060779908,0.3203946025570909,buy,0.031244434858472035,-0.4810956701560535
2026-07-15,GOOGL,hold,0.35614282631109695,0.3133290994165225,0.35614282631109695,0.33052807427238057,sell,-0.045390999952137016,-0.7296376015843158
2026-07-16,GOOGL,sell,0.35383573081599246,0.3334714365672164,0.3126928326167911,0.35383573081599246,sell,-0.021933764449114237,-0.4084145264178843
2026-07-17,GOOGL,sell,0.3810935996157685,0.32437593317100677,0.2945304672132246,0.3810935996157685,buy,0.014941023081709581,0.20591976461276257
2026-07-20,GOOGL,buy,0.35465591488463794,0.35465591488463794,0.3036498943018376,0.3416941908135244,sell,-0.013845781884526084,0.1670023301221471
2026-07-21,GOOGL,hold,0.34314507441612696,0.3309571808972392,0.34314507441612696,0.3258977446866339,sell,-0.01468314111422393,-0.3178241083872704
2026-07-22,GOOGL,sell,0.34626319465066036,0.3441030933094621,0.3096337120398777,0.34626319465066036,sell,-0.0739977409020535,-0.4421482479365628
2026-07-23,GOOGL,buy,0.3884313589359982,0.3884313589359982,0.22493247034058397,0.38663617072341777,hold,0.006432077074185914,0.1777665338631884
2026-07-24,GOOGL,buy,0.3697904616997364,0.3697904616997364,0.2799441591120786,0.3502653791881851,buy,0.021105514503071802,0.13773291672399618
2026-07-27,GOOGL,buy,0.36607476819054807,0.36607476819054807,0.2971236319139707,0.3368015998954813,buy,0.021658681405787927,0.16084272357076707
2026-07-28,GOOGL,sell,0.34847453210520535,0.34784920353596926,0.3036762643588253,0.34847453210520535,hold,0.008949686757803704,0.017142885299091262
2026-07-29,GOOGL,buy,0.35630328029304137,0.35630328029304137,0.28957708948137323,0.3541196302255853,sell,-0.00909949686667879,0.7576966159689555
2026-07-30,GOOGL,buy,0.34859141446156133,0.34859141446156133,0.3115675063792807,0.339841079159158,buy,0.06517332135002153,-0.33196410936969134
2026-07-31,GOOGL,sell,0.34650118649586903,0.33411267199091593,0.3193861415132151,0.34650118649586903,buy,0.04764894319943435,-0.6661653999564779
2026-08-03,GOOGL,hold,0.3591057498684587,0.3148669359890834,0.3591057498684587,0.32602731414245795,buy,0.011023031989775642,-0.7002642307042627
2026-08-04,GOOGL,hold,0.3665896260839459,0.29200923645512605,0.3665896260839459,0.341401137460928,sell,-0.04113652290291828,-0.5037750093277213
2026-08-05,GOOGL,sell,0.3539765918115103,0.32562727730806434,0.3203961308804253,0.3539765918115103,sell,-0.012996871889910474,-0.7107861271143682
2026-08-06,GOOGL,hold,0.3448736984908628,0.313893603128275,0.3448736984908628,0.3412326983808622,sell,-0.009690494164753215,-0.9084917687441293
2026-08-07,GOOGL,hold,0.366082285655768,0.31574516463833635,0.366082285655768,0.31817254970589576,hold,0.009047363177486133,-0.9810103055730187
2026-08-10,GOOGL,hold,0.3694743335589295,0.30729182652011966,0.3694743335589295,0.32323383992095084,sell,-0.03913128533417731,-0.8117022775635087
2026-08-11,GOOGL,hold,0.34426800074435565,0.3320940101916635,0.34426800074435565,0.3236379890639809,hold,-0.000756432477468288,-0.8644474255499709
2026-08-12,GOOGL,hold,0.3606697313319942,0.3148719061002858,0.3606697313319942,0.32445836256771987,hold,0.008175107615658424,-1.0853975365619515
2026-08-13,GOOGL,hold,0.37616834205861766,0.302076692545374,0.37616834205861766,0.32175496539600834,hold,-0.001329016167983482,-1.0615011231532923
2026-08-14,GOOGL,hold,0.3635651400253368,0.31394547617738,0.3635651400253368,0.3224893837972832,hold,-0.005508040374125164,-1.1751596018914214
2026-08-17,GOOGL,hold,0.3624031496914947,0.3111438938741207,0.3624031496914947,0.32645295643438466,hold,0.0005812805125164137,-0.8904960150228793
2026-08-18,GOOGL,hold,0.3535639410867,0.3153409421770149,0.3535639410867,0.33109511673628506,hold,0.0015095727473440537,-0.6950915316193057
2026-08-19,GOOGL,hold,0.3607751171920853,0.3109546618677801,0.3607751171920853,0.3282702209401346,sell,-0.011818212885360774,-0.9817503260975441
2026-08-20,GOOGL,hold,0.3427521744632321,0.31894454715402637,0.3427521744632321,0.3383032783827416,buy,0.012108288326051988,-0.6427950661457017
2026-08-21,GOOGL,hold,0.3586911370518877,0.32430809653816756,0.3586911370518877,0.31700076640994473,hold,0.00935232602765167,-0.9067531993448023
2026-08-24,GOOGL,hold,0.34188945055302983,0.334515886341628,0.34188945055302983,0.32359466310534224,hold,-0.00316541026157552,-0.6919370891538119
2026-08-25,GOOGL,hold,0.3759759033087897,0.3146161646831938,0.3759759033087897,0.3094079320080165,sell,-0.014398773602599462,-0.8146889843968194
2026-08-26,GOOGL,hold,0.36133636909329925,0.3150763400039901,0.36133636909329925,0.3235872909027107,hold,-0.003955145518750809,-0.888891031212466
2026-08-27,GOOGL,hold,0.36051942908474566,0.3159354307829253,0.36051942908474566,0.32354514013232905,buy,0.01728697751065173,-1.1006941327478228
2026-08-28,GOOGL,hold,0.3567046597242513,0.33263133110481496,0.3567046597242513,0.31066400917093373,sell,-0.021110508265309195,-1.1249908770942423
2026-08-31,GOOGL,buy,0.3460646476817724,0.3460646476817724,0.3316237351522184,0.32231161716600915,sell,-0.01284185541007983,-0.9751710913160972
2026-09-01,GOOGL,buy,0.34177473450462637,0.34177473450462637,0.33153161119473074,0.32669365430064295,hold,0.006248755313591716,-0.5428846535023673
2026-09-02,GOOGL,buy,0.3492960274816572,0.3492960274816572,0.33891279733837476,0.3117911751799679,buy,0.01577434250397996,-0.8865374095666877
2026-09-03,GOOGL,hold,0.3675684947033169,0.3366008873288321,0.3675684947033169,0.29583061796785104,sell,-0.01116481894860817,-1.1507504748367114
2026-09-04,GOOGL,hold,0.3535234692498395,0.3343474938977716,0.3535234692498395,0.31212903685238896,hold,-0.0002955175901138548,-1.0855457484302957
2026-09-08,GOOGL,hold,0.3432805736504803,0.3347746927944628,0.3432805736504803,0.32194473355505693,sell,-0.023049978481822397,-0.7272075866219389
2026-09-09,GOOGL,buy,0.3472926507001193,0.3472926507001193,0.3077846107092555,0.3449227385906253,hold,0.005880189448217826,-0.5049183483477678
2026-09-10,GOOGL,buy,0.34228861461932036,0.34228861461932036,0.32425399057947835,0.33345739480120135,buy,0.01758350724258357,-0.09062407154830421
2026-09-11,GOOGL,buy,0.3629842209437151,0.3629842209437151,0.33354091927057994,0.30347485978570493,buy,0.031664726371528305,-0.7001707414604008
2026-09-14,GOOGL,buy,0.3426062517475198,0.3426062517475198,0.34030157416589896,0.31709217408658125,sell,-0.012702342541100076,-0.3190332779477186
2026-09-15,GOOGL,hold,0.34736952012079825,0.33016249291812605,0.34736952012079825,0.3224679869610758,hold,-0.006135123846144078,-0.2897359775219323
2026-09-16,GOOGL,hold,0.34577757480155946,0.3247220014704468,0.34577757480155946,0.32950042372799376,buy,0.01292394567367961,-0.1370028863994617
2026-09-17,GOOGL,hold,0.36881342909009635,0.3212899862607446,0.36881342909009635,0.3098965846491591,hold,0.006342730774113352,-0.8283770493209659
2026-09-18,GOOGL,buy,0.34415592709239595,0.34415592709239595,0.33082095502434344,0.32502311788326066,buy,0.015415253516725468,-1.0188488529092832
2026-09-21,GOOGL,hold,0.37820480634618675,0.31408786416918283,0.37820480634618675,0.30770732948463037,sell,-0.010791311814517797,-0.997883196414356
2026-09-22,GOOGL,hold,0.3537399628844873,0.33400236229167113,0.3537399628844873,0.3122576748238416,sell,-0.038699199856587034,-1.192777704153892
2026-09-23,GOOGL,sell,0.3405798565555809,0.3262881407994403,0.33313200264497883,0.3405798565555809,buy,0.013320001596730685,-0.8964688565664073
2026-09-24,GOOGL,hold,0.34786216372915885,0.3195136659211751,0.34786216372915885,0.33262417034966596,hold,0.0045463390044587874,-0.746086561348431
2026-09-25,GOOGL,hold,0.3533685839960666,0.33224503490120094,0.3533685839960666,0.31438638110273254,hold,-0.003407792788792967,-0.9874362647501919
2026-09-28,GOOGL,hold,0.3539510209893357,0.32095231285459735,0.3539510209893357,0.3250966661560671,hold,-0.005353433401567245,-0.6240476426414561
2026-09-29,GOOGL,hold,0.3487325981200804,0.3239632683220783,0.3487325981200804,0.32730413355784127,hold,0.009226264409587674,-0.6327319695499479
2026-09-30,GOOGL,buy,0.355437053139417,0.355437053139417,0.3019734930792573,0.3425894537813256,,,-0.5420029249967168
2026-01-02,AMZN,buy,0.3633715163520988,0.3633715163520988,0.30513678379487014,0.3314916998530311,buy,0.028550975746587545,-0.8340208452627474
2026-01-05,AMZN,hold,0.3454171693757017,0.33265647218519245,0.3454171693757017,0.32192635843910594,buy,0.033210483799024845,-0.7579799382312812
2026-01-06,AMZN,hold,0.3489653192038538,0.32462235636021763,0.3489653192038538,0.32641232443592844,hold,0.0026114748641676943,-0.7829297773054127
2026-01-07,AMZN,hold,0.34957398509615195,0.3159246944742783,0.34957398509615195,0.3345013204295698,buy,0.01939179681615764,-0.6637146936062013
2026-01-08,AMZN,hold,0.37215156637627117,0.29571386409404626,0.37215156637627117,0.3321345695296825,hold,0.004415959535942419,-0.6499490046057679
2026-01-09,AMZN,hold,0.37614926030460527,0.30016260229171166,0.37614926030460527,0.323688137403683,hold,-0.0036853485099490966,-0.8267668142609035
2026-01-12,AMZN,hold,0.3700987817894123,0.3081294987320127,0.3700987817894123,0.321771719478575,sell,-0.015826265506308397,-0.7060004596085142
2026-01-13,AMZN,hold,0.3511192414103164,0.31507634310632615,0.3511192414103164,0.33380441548335743,sell,-0.024831791107773515,-0.5418264478935297
2026-01-14,AMZN,sell,0.3407384907898722,0.3219184903062862,0.33734301890384166,0.3407384907898722,hold,0.006444429028140061,-0.3956201967968232
2026-01-15,AMZN,hold,0.33652277941644726,0.32814498421740745,0.33652277941644726,0.3353322363661453,hold,0.003938837966679267,-0.5635793346401035
2026-01-16,AMZN,sell,0.34076130919221814,0.3266448075821509,0.33259388322563094,0.34076130919221814,sell,-0.03454778703396358,-0.5595844291047153
2026-01-20,AMZN,sell,0.35440612322646353,0.34948490077477234,0.29610897599876407,0.35440612322646353,hold,0.0013410811217221105,0.2296070830015497
2026-01-21,AMZN,sell,0.34946281209675606,0.3479342747928275,0.3026029131104165,0.34946281209675606,buy,0.013014244969160121,-0.3684193098148242
2026-01-22,AMZN,hold,0.33407006798104333,0.33267083138277154,0.33407006798104333,0.33325910063618513,buy,0.020359762712410228,-0.6049893999479897
2026-01-23,AMZN,hold,0.3490715781107149,0.32349103161518583,0.3490715781107149,0.3274373902740994,hold,-0.0030989827151846525,-0.5216641520270681
2026-01-26,AMZN,hold,0.3558747702241021,0.3234273491581947,0.3558747702241021,0.32069788061770316,buy,0.02591738783059459,-0.5115260679511959
2026-01-27,AMZN,hold,0.36251812696873764,0.3095693402774042,0.36251812696873764,0.3279125327538582,hold,-0.00684863228798761,-0.4754677310507676
2026-01-28,AMZN,hold,0.34438937885426135,0.3206276667816132,0.34438937885426135,0.3349829543641255,hold,-0.005281189009015846,-0.4741326191207244
2026-01-29,AMZN,sell,0.36834853213731594,0.315216292229447,0.31643517563323703,0.36834853213731594,sell,-0.010103375476311564,-0.37512632854026956
2026-01-30,AMZN,sell,0.3537339748138808,0.34300036784506943,0.3032656573410497,0.3537339748138808,buy,0.015178840703943746,-0.2707899526419606
2026-02-02,AMZN,buy,0.3403031763672028,0.3403031763672028,0.3345350535946057,0.3251617700381914,sell,-0.01802454038618342,-0.47766010046642654
2026-02-03,AMZN,buy,0.3557625962988741,0.3557625962988741,0.3021716209790202,0.34206578272210575,sell,-0.02387675021837666,-0.16734739142728539
2026-02-04,AMZN,buy,0.351088804813671,0.351088804813671,0.29858839863595343,0.3503227965503755,sell,-0.04521487700574901,-0.047204904246303664
2026-02-05,AMZN,buy,0.398045355895128,0.398045355895128,0.2120881384612274,0.38986650564364467,sell,-0.057150465515023806,0.5368412337657592
2026-02-06,AMZN,sell,0.433380742628857,0.4074342726591614,0.1591849847119816,0.433380742628857,hold,-0.007636568568798812,0.2708182495422911
2026-02-09,AMZN,buy,0.41381320102253666,0.41381320102253666,0.2296105271452005,0.3565762718322629,hold,-0.008468076358810299,-0.29597411329588424
2026-02-10,AMZN,buy,0.3899368328088319,0.3899368328088319,0.2626004139180659,0.3474627532731023,sell,-0.01401348751238724,-0.21617597830527788
2026-02-11,AMZN,buy,0.3718364588655503,0.3718364588655503,0.27295688587032235,0.3552066552641274,sell,-0.022196688349696986,-0.244002932425073
2026-02-12,AMZN,buy,0.3886173837329449,0.3886173837329449,0.24118889751052794,0.3701937187565271,hold,-0.004066437083335938,0.34871596466067484
2026-02-13,AMZN,buy,0.3993229652194074,0.3993229652194074,0.24252737372319308,0.35814966105739954,buy,0.011801910679928636,0.3039574005061612
2026-02-17,AMZN,buy,0.3754813740555503,0.3754813740555503,0.2611818908758816,0.363336735068568,buy,0.017934163011373634,0.24196105128461382
2026-02-18,AMZN,buy,0.3617169378445019,0.3617169378445019,0.28168394356620735,0.35659911858929083,hold,0.0003417909236829623,0.11224252176736896
2026-02-19,AMZN,sell,0.35950530849714557,0.3484211394781737,0.29207355202468077,0.35950530849714557,buy,0.025304384018124338,0.22385406869502725
2026-02-20,AMZN,sell,0.3603355475003813,0.3526025588240671,0.2870618936755515,0.3603355475003813,sell,-0.023304999462925406,0.005759938613991308
2026-02-23,AMZN,buy,0.3616096600603351,0.3616096600603351,0.27963969252669724,0.3587506474129675,buy,0.015900551376285547,0.36482666404245373
2026-02-24,AMZN,sell,0.35580209186270706,0.35159342460576104,0.2926044835315319,0.35580209186270706,hold,0.009923754371216356,0.0877336382726306
2026-02-25,AMZN,sell,0.3423039316713854,0.34116452245823653,0.316531545870378,0.3423039316713854,sell,-0.012997130763748655,-0.2178168123512918
2026-02-26,AMZN,sell,0.35328685404758864,0.34398781798288325,0.30272532796952817,0.35328685404758864,hold,0.009954149190768667,-0.0848513092930791
2026-02-27,AMZN,sell,0.3576235162878692,0.33760504233741406,0.3047714413747168,0.3576235162878692,hold,-0.007696209563361218,0.14715509019972628
2026-03-02,AMZN,sell,0.3584191545590212,0.34415828716561087,0.297422558275368,0.3584191545590212,hold,0.0016302091348675868,0.445631061795098
2026-03-03,AMZN,sell,0.35506691911483396,0.346268476807165,0.2986646040780011,0.35506691911483396,buy,0.03802601972435073,0.8441958394327167
2026-03-04,AMZN,sell,0.35848576712023955,0.3279801274723453,0.3135341054074152,0.35848576712023955,hold,0.009730180814114253,0.38878062005106356
2026-03-05,AMZN,sell,0.3742321494042012,0.32587292981789967,0.2998949207778991,0.3742321494042012,sell,-0.026520103831069775,0.8796696068190771
2026-03-06,AMZN,sell,0.37866792896285356,0.35753443147578395,0.26379763956136254,0.37866792896285356,hold,0.0013123918981728527,1.9445163771562122
2026-03-09,AMZN,sell,0.3817570086013937,0.3504555354726779,0.26778745592592834,0.3817570086013937,hold,0.003926872997654284,1.1950053083109693
2026-03-10,AMZN,sell,0.3551031514050752,0.35024255869283705,0.2946542899020877,0.3551031514050752,sell,-0.007869298894721337,1.085797078106795
2026-03-11,AMZN,buy,0.3532792535924796,0.3532792535924796,0.29611321124799106,0.3506075351595294,sell,-0.014780671622370333,0.9607876485980706
2026-03-12,AMZN,buy,0.37089193234252366,0.37089193234252366,0.26630484100173907,0.3628032266557374,sell,-0.008916648837354262,1.5349236973019835
2026-03-13,AMZN,buy,0.3759646073578063,0.3759646073578063,0.2705772731755566,0.3534581194666371,buy,0.019408860320450153,1.509800839002838
2026-03-16,AMZN,buy,0.36471106057041175,0.36471106057041175,0.28771529328224676,0.34757364614734154,buy,0.016208681248397017,0.8219217785723462
2026-03-17,AMZN,buy,0.3531571768887776,0.3531571768887776,0.30803260184741105,0.33881022126381144,sell,-0.02507954596315967,0.6075940870711809
2026-03-18,AMZN,buy,0.3620744951926303,0.3620744951926303,0.28730444007695394,0.3506210647304157,hold,-0.0053030276815244914,1.1114100250239425
2026-03-19,AMZN,sell,0.3630596568423114,0.3554534031485969,0.28148694000909164,0.3630596568423114,sell,-0.016372033885598155,0.9159278539824394
2026-03-20,AMZN,buy,0.3921675384039138,0.3921675384039138,0.24610440021974642,0.36172806137633984,buy,0.022960765779813284,1.4132187277841852
2026-03-23,AMZN,buy,0.3802882583116598,0.3802882583116598,0.2601127078104715,0.35959903387786873,sell,-0.013896403903249794,1.2870807774105806
2026-03-24,AMZN,buy,0.3804370496265081,0.3804370496265081,0.2658729072541558,0.353690043119336,buy,0.02133987694053351,1.4239617243999787
2026-03-25,AMZN,buy,0.37047402578744904,0.37047402578744904,0.2764892689226549,0.35303670528989606,sell,-0.019893385566031804,1.1164963151717564
2026-03-26,AMZN,buy,0.40315765522756813,0.40315765522756813,0.25536543172089043,0.34147691305154143,sell,-0.04031216865924322,1.4914996582752362
2026-03-27,AMZN,buy,0.42136954770973956,0.42136954770973956,0.23018734167736782,0.3484431106128926,hold,0.008044214540419325,2.1252631351210445
2026-03-30,AMZN,buy,0.4175915696469739,0.4175915696469739,0.223597010053497,0.3588114202995291,buy,0.035779229656415903,2.0200316215761718
2026-03-31,AMZN,buy,0.3831220391011928,0.3831220391011928,0.24160664988470804,0.3752713110140991,buy,0.0109828388282875,1.0488704614896542
2026-04-01,AMZN,buy,0.38573767667668457,0.38573767667668457,0.26326951244499575,0.35099281087831957,hold,-0.0038064614152036554,0.9183900622306931
2026-04-02,AMZN,buy,0.37137987250552384,0.37137987250552384,0.2802994249715207,0.3483207025229555,buy,0.01429401955243689,0.7957038987728274
2026-04-06,AMZN,buy,0.354344651431012,0.354344651431012,0.31760209930110733,0.3280532492678806,hold,0.0045949583469463715,0.8467135091360393
2026-04-07,AMZN,buy,0.3585288938367167,0.3585288938367167,0.2987718726463616,0.3426992335169217,buy,0.034392593210598475,1.1438693440312817
2026-04-08,AMZN,buy,0.3481441476611574,0.3481441476611574,0.3124629983277028,0.33939285401113967,buy,0.05453095913592383,0.32107000365162275
2026-04-09,AMZN,sell,0.351339910701362,0.3265809589533329,0.3220791303453051,0.351339910701362,buy,0.020041816513914186,0.05222710482895876
2026-04-10,AMZN,hold,0.3355136778311198,0.3296147631780471,0.3355136778311198,0.33487155899083304,hold,0.006314422859656274,0.029202343179279007
2026-04-13,AMZN,hold,0.36357914668038604,0.30705087243498824,0.36357914668038604,0.3293699808846257,buy,0.03735274928383289,0.01803661349151922
2026-04-14,AMZN,sell,0.34473803157348737,0.3151575154429997,0.34010445298351294,0.34473803157348737,hold,-0.0020903861446825195,-0.13947832673449478
2026-04-15,AMZN,hold,0.3701168768182644,0.2972900809016871,0.3701168768182644,0.33259304228004855,hold,0.0048173395273468644,-0.17295924217371522
2026-04-16,AMZN,hold,0.35976126789409585,0.2965556300288924,0.35976126789409585,0.3436831020770117,hold,0.0034382179946092772,-0.22069953495404562
2026-04-17,AMZN,hold,0.3879673442376713,0.2940477693495484,0.3879673442376713,0.31798488641278033,sell,-0.009141266429826336,-0.3283949533595759
2026-04-20,AMZN,hold,0.35248053417527475,0.3082148772393495,0.35248053417527475,0.3393045885853759,hold,0.006543731071590066,0.03966480927007472
2026-04-21,AMZN,hold,0.35873343485920517,0.31877318078810085,0.35873343485920517,0.3224933843526939,buy,0.021573448951202067,0.21791181782624924
2026-04-22,AMZN,hold,0.3790174144106326,0.2917445249474311,0.3790174144106326,0.3292380606419364,hold,-0.001097088026179746,0.08260839459320009
2026-04-23,AMZN,sell,0.34445530270523245,0.31372059787336803,0.3418240994213995,0.34445530270523245,buy,0.034333958023186784,0.20612221044806892
2026-04-24,AMZN,hold,0.3755576712074395,0.2849158403322437,0.3755576712074395,0.33952648846031686,sell,-0.01093113357236666,0.04973570637917398
2026-04-27,AMZN,hold,0.3819338451242571,0.29090136713194664,0.3819338451242571,0.32716478774379615,hold,-0.005452887403187945,-0.1383307867416386
2026-04-28,AMZN,hold,0.3573270095534468,0.3014008051723146,0.3573270095534468,0.34127218527423864,buy,0.01277897868001351,-0.18614556409297
2026-04-29,AMZN,sell,0.3574027103852042,0.3135000984313255,0.3290971911834704,0.3574027103852042,hold,0.007650061888693173,0.10529857365350428
2026-04-30,AMZN,sell,0.38028479112222274,0.304973842689907,0.3147413661878703,0.38028479112222274,buy,0.012000489635761667,-0.4479759288917811
2026-05-01,AMZN,hold,0.3586717069441675,0.30534745958713727,0.3586717069441675,0.3359808334686953,buy,0.014029132183864345,-0.41239039984700754
2026-05-04,AMZN,hold,0.3625397910513958,0.3103254930148592,0.3625397910513958,0.327134715933745,hold,0.0054985478239463976,-0.021973536041431797
2026-05-05,AMZN,hold,0.385959148676163,0.30010449250490534,0.385959148676163,0.31393635881893167,hold,0.005250321971042334,-0.2866723900436747
2026-05-06,AMZN,hold,0.3903506165142054,0.2851872216448036,0.3903506165142054,0.3244621618409911,sell,-0.01398871786017844,-0.27765403864015503
2026-05-07,AMZN,hold,0.37465793740853154,0.2973945876063035,0.37465793740853154,0.327947474985165,hold,0.005552939638259035,-0.36388353574671634
2026-05-08,AMZN,hold,0.3869624297025224,0.2912318802279487,0.3869624297025224,0.3218056900695288,sell,-0.013624751749596186,-0.32470542669529284
2026-05-11,AMZN,hold,0.35276311556391843,0.31976469958382314,0.35276311556391843,0.3274721848522584,sell,-0.011854752338375166,0.04063189818879537
2026-05-12,AMZN,hold,0.34678949938509857,0.3194972394114859,0.34678949938509857,0.33371326120341555,buy,0.01608392713413966,-0.07329628124845196
2026-05-13,AMZN,hold,0.36148029066006926,0.3047121470369708,0.36148029066006926,0.33380756230295994,sell,-0.010831048951722346,-0.10920489523411767
2026-05-14,AMZN,hold,0.36473960777684217,0.3131345779538211,0.36473960777684217,0.32212581426933673,sell,-0.011592972656152402,-0.29373257345475673
2026-05-15,AMZN,sell,0.3486797886451256,0.3219347760151055,0.32938543533976883,0.3486797886451256,hold,0.0027220081197222258,0.06268868115306028
2026-05-18,AMZN,hold,0.3394419332642461,0.3344671838137607,0.3394419332642461,0.3260908829219931,sell,-0.021061401192618883,-0.1230092500374077
2026-05-19,AMZN,sell,0.34522045678265456,0.3317300816160943,0.3230494616012512,0.34522045678265456,buy,0.021627669973466716,-0.050942720285505984
2026-05-20,AMZN,hold,0.3617277357549007,0.31023976789049457,0.3617277357549007,0.32803249635460474,buy,0.012934297256761875,-0.23885672174366268
2026-05-21,AMZN,hold,0.3529755005989293,0.31305343977571093,0.3529755005989293,0.33397105962535983,sell,-0.0080032744617438,-0.4441095891108319
2026-05-22,AMZN,hold,0.37157480975863644,0.31186610786629154,0.37157480975863644,0.31655908237507213,hold,-0.0038750213028487137,-0.4577383138031748
2026-05-26,AMZN,hold,0.3519276750929137,0.3140138291590973,0.3519276750929137,0.33405849574798896,buy,0.024426866578213892,-0.3535999863663162
2026-05-27,AMZN,hold,0.3679310876615046,0.3063035728903966,0.3679310876615046,0.3257653394480987,hold,0.007877640344363742,-0.5700834016551456
2026-05-28,AMZN,hold,0.36381267598096384,0.30283124574321174,0.36381267598096384,0.33335607827582453,sell,-0.012338527790443166,-0.7331350689849943
2026-05-29,AMZN,hold,0.34194051494169486,0.3228736913888731,0.34194051494169486,0.335185793669432,sell,-0.035273461160258576,-0.8555508126811494
2026-06-01,AMZN,hold,0.3427592322414171,0.3160770532537316,0.3427592322414171,0.34116371450485133,sell,-0.018309525985056377,-0.6295303083539382
2026-06-02,AMZN,sell,0.34215636227785573,0.3362997720302727,0.32154386569187154,0.34215636227785573,sell,-0.025665659701418486,-0.7109641544264648
2026-06-03,AMZN,buy,0.35843933081075047,0.35843933081075047,0.30089840191881057,0.34066226727043897,buy,0.01496619519549892,-0.6203048665863439
2026-06-04,AMZN,hold,0.338708949665846,0.33710783596750565,0.338708949665846,0.32418321436664826,sell,-0.03105365219156565,-0.8172405655047367
2026-06-05,AMZN,buy,0.39602239644659265,0.39602239644659265,0.2722329424061411,0.33174466114726625,hold,-0.0032977029725941285,1.0321512314317247
2026-06-08,AMZN,buy,0.3817014113662368,0.3817014113662368,0.2920977269172106,0.3262008617165526,hold,-0.004209150987076249,0.2448533135107166
2026-06-09,AMZN,buy,0.3822460784985855,0.3822460784985855,0.27629189749270544,0.341462024008709,sell,-0.025675947123681687,0.5292928988064687
2026-06-10,AMZN,buy,0.38964229161162633,0.38964229161162633,0.2720037797619572,0.33835392862641644,buy,0.014640183686286065,1.231427870967441
2026-06-11,AMZN,buy,0.36611138175835795,0.36611138175835795,0.2799069151086901,0.3539817031329519,sell,-0.012331912602696485,0.38892349666652537
2026-06-12,AMZN,buy,0.3761386745456553,0.3761386745456553,0.2842043674808382,0.3396569579735065,buy,0.03083390605189011,-0.14226903080188863
2026-06-15,AMZN,buy,0.3493857290997139,0.3493857290997139,0.34581161216980333,0.3048026587304829,hold,-8.131487459148037e-05,-0.5841077781456654
2026-06-16,AMZN,buy,0.34471000827998055,0.34471000827998055,0.3330078103173967,0.3222821814026228,sell,-0.035163912457666896,-0.5172162397694944
2026-06-17,AMZN,buy,0.3690870361794405,0.3690870361794405,0.28687579865750684,0.34403716516305277,buy,0.028597683957913095,0.10008520473567539
2026-06-18,AMZN,buy,0.36073161718802477,0.36073161718802477,0.28354126421573367,0.35572711859624156,sell,-0.04862857666526806,-0.5132070138214024
2026-06-22,AMZN,buy,0.3831556789200253,0.3831556789200253,0.27112891293938274,0.3457154081405919,hold,0.005654362212000333,-0.24294239503010637
2026-06-23,AMZN,buy,0.3851845457708642,0.3851845457708642,0.2619929999149428,0.35282245431419296,hold,0.0006832216006890583,0.42754937949100014
2026-06-24,AMZN,buy,0.40745273949867505,0.40745273949867505,0.24220564369534814,0.3503416168059768,sell,-0.03148026940338524,0.16539247357650086
2026-06-25,AMZN,buy,0.3863709856944808,0.3863709856944808,0.2514872182608344,0.3621417960446847,buy,0.024713060914308634,0.24171910049593986
2026-06-26,AMZN,buy,0.42867452688545055,0.42867452688545055,0.17963766503800277,0.39168780807654674,buy,0.03151497796996931,0.09398580833959788
2026-06-29,AMZN,buy,0.3764717734024998,0.3764717734024998,0.26859710848115126,0.3549311181163489,hold,-0.007523873763327147,-0.13828511034194244
2026-06-30,AMZN,buy,0.35042955437491685,0.35042955437491685,0.3153187503602817,0.3342516952648014,buy,0.013999064785619552,-0.5021638605330597
2026-07-01,AMZN,sell,0.34714642942582885,0.3345747578635826,0.31827881271058855,0.34714642942582885,hold,0.0040052130693041185,-0.45932414847134273
2026-07-02,AMZN,buy,0.33717090173306036,0.33717090173306036,0.3308924004505012,0.3319366978164385,hold,0.006121274942382323,-0.5920899169764093
2026-07-06,AMZN,hold,0.36503653792907004,0.3160387665824617,0.36503653792907004,0.31892469548846825,hold,0.00742645135022292,-0.7666036067597525
2026-07-07,AMZN,hold,0.3544883231470793,0.3151743045182243,0.3544883231470793,0.33033737233469634,sell,-0.009640600216052831,-0.5943988666300544
2026-07-08,AMZN,hold,0.3500449669657716,0.30536593963333986,0.3500449669657716,0.34458909340088856,buy,0.013940625430091662,-0.3612110324931924
2026-07-09,AMZN,hold,0.3678868621743216,0.29684438196828516,0.3678868621743216,0.33526875585739324,hold,-0.0069052509812284075,-0.6822296100047189
2026-07-10,AMZN,hold,0.37507731690914864,0.30864667635078724,0.37507731690914864,0.31627600674006406,hold,0.007997611876585861,-0.9260670011373038
2026-07-13,AMZN,hold,0.3519839630298669,0.31245784293942996,0.3519839630298669,0.3355581940307033,hold,0.0007275987930534227,-0.28219152949591786
2026-07-14,AMZN,hold,0.3623868870472203,0.3131373903549995,0.3623868870472203,0.32447572259778035,buy,0.029736497094527754,-0.4810956701560535
2026-07-15,AMZN,hold,0.3714947454785488,0.3005587606401962,0.3714947454785488,0.32794649388125513,sell,-0.020085877850740792,-0.7296376015843158
2026-07-16,AMZN,sell,0.3485729353775097,0.31482387028567155,0.3366031943368187,0.3485729353775097,sell,-0.010701758429280527,-0.4084145264178843
2026-07-17,AMZN,sell,0.3580982113673784,0.32971218794589846,0.3121896006867231,0.3580982113673784,buy,0.011101878873679078,0.20591976461276257
2026-07-20,AMZN,buy,0.33877406861010506,0.33877406861010506,0.3290272521568575,0.3321986792330374,sell,-0.009808344900483996,0.1670023301221471
2026-07-21,AMZN,hold,0.35991683488305815,0.3192213601402817,0.35991683488305815,0.3208618049766601,sell,-0.010966791059379552,-0.3178241083872704
2026-07-22,AMZN,hold,0.3433549560547154,0.31770347772081187,0.3433549560547154,0.3389415662244728,sell,-0.04677872011408177,-0.4421482479365628
2026-07-23,AMZN,sell,0.3654917043005764,0.34931070115449103,0.2851975945449325,0.3654917043005764,hold,-0.006655683102763052,0.1777665338631884
2026-07-24,AMZN,buy,0.34869684617568003,0.34869684617568003,0.31026819771792474,0.3410349561063952,hold,-0.0031068038827953906,0.13773291672399618
2026-07-27,AMZN,buy,0.3683707594629167,0.3683707594629167,0.3119527251561937,0.3196765153808897,hold,-0.002293127145673238,0.16084272357076707
2026-07-28,AMZN,buy,0.37073996053056596,0.37073996053056596,0.2968505964993163,0.3324094429701177,sell,-0.01840451837298003,0.017142885299091262
2026-07-29,AMZN,buy,0.39610846413589695,0.39610846413589695,0.26839610293364713,0.3354954329304559,buy,0.03830396299886934,0.7576966159689555
2026-07-30,AMZN,buy,0.3942477414080529,0.3942477414080529,0.2495156519234198,0.35623660666852724,buy,0.1425457923711586,-0.33196410936969134
2026-07-31,AMZN,sell,0.3538428652609319,0.3497045828420693,0.29645255189699876,0.3538428652609319,buy,0.044787913707705275,-0.6661653999564779
2026-08-03,AMZN,sell,0.34430013307473006,0.3116887982332385,0.3440110686920314,0.34430013307473006,sell,-0.023511967798007637,-0.7002642307042627
2026-08-04,AMZN,sell,0.35348189983358275,0.30010814571279776,0.34640995445361944,0.35348189983358275,sell,-0.017343752751158313,-0.5037750093277213
2026-08-05,AMZN,hold,0.35038786282325834,0.3073362066402904,0.35038786282325834,0.34227593053645133,hold,-0.0014313710330971462,-0.7107861271143682
2026-08-06,AMZN,hold,0.34994998866504257,0.311012108946725,0.34994998866504257,0.3390379023882324,hold,0.008120910623089925,-0.9084917687441293
2026-08-07,AMZN,hold,0.3658894325940171,0.3209033995204998,0.3658894325940171,0.3132071678854832,buy,0.013066350560063843,-0.9810103055730187
2026-08-10,AMZN,hold,0.3700227475645573,0.3145667655794601,0.3700227475645573,0.3154104868559826,sell,-0.021150608480564718,-0.8117022775635087
2026-08-11,AMZN,hold,0.3716891595542527,0.31775666335985947,0.3716891595542527,0.31055417708588784,sell,-0.01849738717429334,-0.8644474255499709
2026-08-12,AMZN,hold,0.3779674316427962,0.3130948943096736,0.3779674316427962,0.30893767404753025,hold,-0.008076503328918698,-1.0853975365619515
2026-08-13,AMZN,hold,0.3711705302713021,0.31184075583304327,0.3711705302713021,0.31698871389565464,sell,-0.009397965990688942,-1.0615011231532923
2026-08-14,AMZN,hold,0.3770983738245571,0.3093436355006372,0.3770983738245571,0.31355799067480566,hold,-0.005114891522905386,-1.1751596018914214
2026-08-17,AMZN,hold,0.3526965717014109,0.32349498388020187,0.3526965717014109,0.32380844441838724,hold,-0.0071433797754599185,-0.8904960150228793
2026-08-18,AMZN,hold,0.3481822742980107,0.32524082132398624,0.3481822742980107,0.32657690437800313,buy,0.024330557407328434,-0.6950915316193057
2026-08-19,AMZN,hold,0.36392202811465263,0.30391118780358845,0.36392202811465263,0.33216678408175887,sell,-0.021790048120245882,-0.9817503260975441
2026-08-20,AMZN,hold,0.3447191274643123,0.316465588896392,0.3447191274643123,0.33881528363929564,hold,-0.0057060743810064644,-0.6427950661457017
2026-08-21,AMZN,hold,0.34818671980077287,0.33159888072783017,0.34818671980077287,0.32021439947139696,buy,0.013213183826672891,-0.9067531993448023
2026-08-24,AMZN,hold,0.3543564360204272,0.32727361109208614,0.3543564360204272,0.3183699528874867,hold,-0.0038614149873981538,-0.6919370891538119
2026-08-25,AMZN,hold,0.3623234510674012,0.32264365937022804,0.3623234510674012,0.3150328895623707,hold,-0.002992286671924638,-0.8146889843968194
2026-08-26,AMZN,hold,0.35923549323209275,0.316305170368532,0.35923549323209275,0.32445933639937524,sell,-0.015565377747123712,-0.888891031212466
2026-08-27,AMZN,hold,0.354646571782953,0.3246372541009192,0.354646571782953,0.32071617411612785,buy,0.03891892525860571,-1.1006941327478228
2026-08-28,AMZN,hold,0.34845465576572277,0.34121604711444115,0.34845465576572277,0.310329297119836,sell,-0.0253149356130063,-1.1249908770942423
2026-08-31,AMZN,buy,0.35358212027906605,0.35358212027906605,0.3310567810078037,0.31536109871313023,sell,-0.0188468185720646,-0.9751710913160972
2026-09-01,AMZN,buy,0.3437137008444324,0.3437137008444324,0.3262999250983475,0.32998637405722003,hold,0.0002353306906797054,-0.5428846535023673
2026-09-02,AMZN,hold,0.3526785890257081,0.3416295001595983,0.3526785890257081,0.3056919108146937,buy,0.015256769228779037,-0.8865374095666877
2026-09-03,AMZN,hold,0.37515059522451166,0.33057136780999385,0.37515059522451166,0.2942780369654944,hold,-0.0015074474863226146,-1.1507504748367114
2026-09-04,AMZN,hold,0.34716706970674116,0.3398633924970169,0.34716706970674116,0.3129695377962419,hold,-0.005975064381941081,-1.0855457484302957
2026-09-08,AMZN,hold,0.34953870116355285,0.3332136602930129,0.34953870116355285,0.31724763854343435,sell,-0.017944244829286644,-0.7272075866219389
2026-09-09,AMZN,buy,0.3433421677919885,0.3433421677919885,0.3255310518793115,0.3311267803287,hold,-0.0020226246306363624,-0.5049183483477678
2026-09-10,AMZN,buy,0.3447984506383261,0.3447984506383261,0.32862254585773776,0.3265790035039361,buy,0.019227200554545194,-0.09062407154830421
2026-09-11,AMZN,hold,0.354536906934591,0.34616147277137566,0.354536906934591,0.2993016202940334,sell,-0.012698107378975015,-0.7001707414604008
2026-09-14,AMZN,buy,0.35312863011340023,0.35312863011340023,0.3193705092726014,0.32750086061399836,sell,-0.02040072028483007,-0.3190332779477186
2026-09-15,AMZN,buy,0.3549240789349098,0.3549240789349098,0.31997720074898833,0.3250987203161018,sell,-0.009951906363395342,-0.2897359775219323
2026-09-16,AMZN,buy,0.3556492327962806,0.3556492327962806,0.3125987956063159,0.3317519715974036,buy,0.021040686221960796,-0.1370028863994617
2026-09-17,AMZN,buy,0.3486674383625961,0.3486674383625961,0.3434806137921251,0.3078519478452788,buy,0.009982274321190655,-0.8283770493209659
2026-09-18,AMZN,buy,0.3544976325298415,0.3544976325298415,0.328661130570179,0.31684123689997945,buy,0.018510389948739304,-1.0188488529092832
2026-09-21,AMZN,hold,0.36881013440881544,0.3238141420860463,0.36881013440881544,0.3073757235051382,sell,-0.013517204919827882,-0.997883196414356
2026-09-22,AMZN,hold,0.34388554346205746,0.3373683600304641,0.34388554346205746,0.3187460965074784,sell,-0.022648430469021364,-1.192777704153892
2026-09-23,AMZN,sell,0.34412747969646373,0.32467415342168227,0.3311983668818541,0.34412747969646373,hold,0.0004411936633560692,-0.8964688565664073
2026-09-24,AMZN,hold,0.3400146316887823,0.32715303120846206,0.3400146316887823,0.33283233710275556,hold,0.0011621814126833204,-0.746086561348431
2026-09-25,AMZN,hold,0.3473611965302244,0.33614330483128324,0.3473611965302244,0.3164954986384923,sell,-0.014198957152641516,-0.9874362647501919
2026-09-28,AMZN,buy,0.3404748923049985,0.3404748923049985,0.3313369605946458,0.3281881471003557,hold,0.0021103221209286312,-0.6240476426414561
2026-09-29,AMZN,buy,0.3442747167075357,0.3442747167075357,0.3321397323603531,0.3235855509321113,buy,0.010003696700841653,-0.6327319695499479
2026-09-30,AMZN,buy,0.3504681710051879,0.3504681710051879,0.3224680089802799,0.3270638200145322,,,-0.5420029249967168
2026-01-02,TSLA,buy,0.3543786495575116,0.3543786495575116,0.3128641046691642,0.3327572457733242,buy,0.03057312274344065,-0.8340208452627474
2026-01-05,TSLA,buy,0.34111114730430414,0.34111114730430414,0.3300357824999377,0.3288530701957582,sell,-0.04230652917497186,-0.7579799382312812
2026-01-06,TSLA,buy,0.3472180416689786,0.3472180416689786,0.30869971983206856,0.34408223849895286,hold,-0.003586402728205757,-0.7829297773054127
2026-01-07,TSLA,sell,0.3427118410229423,0.3328598116341144,0.3244283473429434,0.3427118410229423,hold,0.010124471981728621,-0.6637146936062013
2026-01-08,TSLA,sell,0.3471858700386071,0.33002254410803156,0.3227915858533613,0.3471858700386071,buy,0.02091338126870214,-0.6499490046057679
2026-01-09,TSLA,sell,0.3404427170343979,0.3392533235752577,0.3203039593903444,0.3404427170343979,hold,0.00883700211279967,-0.8267668142609035
2026-01-12,TSLA,sell,0.3379136883355348,0.3274891919594377,0.33459711970502753,0.3379136883355348,hold,-0.003927828743923437,-0.7060004596085142
2026-01-13,TSLA,hold,0.3444349247972447,0.32104231758965696,0.3444349247972447,0.3345227576130984,sell,-0.018051031148363036,-0.5418264478935297
2026-01-14,TSLA,sell,0.35131002012963236,0.32509871632605075,0.3235912635443169,0.35131002012963236,hold,-0.0014354670972459708,-0.3956201967968232
2026-01-15,TSLA,buy,0.3344502448900902,0.3344502448900902,0.33320460471341895,0.33234515039649093,hold,-0.0024427450941923528,-0.5635793346401035
2026-01-16,TSLA,buy,0.3528551299972691,0.3528551299972691,0.31609659433857307,0.3310482756641578,sell,-0.042609305094350874,-0.5595844291047153
2026-01-20,TSLA,buy,0.3606240056335767,0.3606240056335767,0.298212927928525,0.34116306643789823,buy,0.02866105598439217,0.2296070830015497
2026-01-21,TSLA,buy,0.36228648121095797,0.36228648121095797,0.30102860668499604,0.33668491210404605,buy,0.040695858938020815,-0.3684193098148242
2026-01-22,TSLA,hold,0.3349029026544221,0.3308651324396406,0.3349029026544221,0.3342319649059373,hold,-0.0006678119583802994,-0.6049893999479897
2026-01-23,TSLA,hold,0.3374201479376348,0.3253626627916264,0.3374201479376348,0.33721718927073885,sell,-0.03135078007637384,-0.5216641520270681
2026-01-26,TSLA,hold,0.3483213841887579,0.31975159877501264,0.3483213841887579,0.3319270170362294,hold,-0.009929693133760457,-0.5115260679511959
2026-01-27,TSLA,hold,0.35806005147782516,0.31435205884401524,0.35806005147782516,0.32758788967815955,hold,0.0012987560805733547,-0.4754677310507676
2026-01-28,TSLA,sell,0.3422430113837232,0.33665501504471684,0.3211019735715599,0.3422430113837232,sell,-0.0351442835440217,-0.4741326191207244
2026-01-29,TSLA,buy,0.3516337939577114,0.3516337939577114,0.29705201240060003,0.3513141936416886,buy,0.032707748293060876,-0.37512632854026956
2026-01-30,TSLA,buy,0.3588438861577773,0.3588438861577773,0.2926726431005478,0.34848347074167496,sell,-0.02018328139266714,-0.2707899526419606
2026-02-02,TSLA,buy,0.3542816889876115,0.3542816889876115,0.30400498942815424,0.3417133215842343,hold,0.00035553266889641583,-0.47766010046642654
2026-02-03,TSLA,sell,0.3506151775950387,0.34755922385394145,0.30182559855101987,0.3506151775950387,sell,-0.038532688670109685,-0.16734739142728539
2026-02-04,TSLA,buy,0.36857491846331913,0.36857491846331913,0.27629827131780277,0.35512681021887815,sell,-0.02191272731756527,-0.047204904246303664
2026-02-05,TSLA,sell,0.3767165818931204,0.37247762327646705,0.25080579483041254,0.3767165818931204,buy,0.03439569638292661,0.5368412337657592
2026-02-06,TSLA,sell,0.3615753713258257,0.3527502906199822,0.28567433805419207,0.3615753713258257,hold,0.014992548192064116,0.2708182495422911
2026-02-09,TSLA,buy,0.35271506959804677,0.35271506959804677,0.31575903113486525,0.3315258992670881,hold,0.018729813289406434,-0.29597411329588424
2026-02-10,TSLA,sell,0.34324404673829517,0.3304154886748206,0.32634046458688415,0.34324404673829517,hold,0.007170667714086594,-0.21617597830527788
2026-02-11,TSLA,sell,0.35280023479480765,0.3370179218800862,0.3101818433251061,0.35280023479480765,sell,-0.026499721174377204,-0.244002932425073
2026-02-12,TSLA,buy,0.35862182032557727,0.35862182032557727,0.29006958290704876,0.3513085967673739,hold,0.0008867362574486323,0.34871596466067484
2026-02-13,TSLA,buy,0.35594489633219284,0.35594489633219284,0.29012779180044956,0.3539273118673576,sell,-0.016448249621048336,0.3039574005061612
2026-02-17,TSLA,sell,0.36604720950228836,0.34461414316252903,0.28933864733518255,0.36604720950228836,hold,0.001678940551719039,0.24196105128461382
2026-02-18,TSLA,sell,0.34880417973697486,0.3437204663805644,0.30747535388246067,0.34880417973697486,hold,0.000947679089765262,0.11224252176736896
2026-02-19,TSLA,sell,0.3564918712870976,0.3417322251451594,0.301775903567743,0.3564918712870976,hold,0.0002671812076260135,0.22385406869502725
2026-02-20,TSLA,buy,0.3472717500079152,0.3472717500079152,0.3083294146678198,0.3443988353242649,sell,-0.02954695527872473,0.005759938613991308
2026-02-23,TSLA,buy,0.35991570522203514,0.35991570522203514,0.28305987527652005,0.3570244195014448,buy,0.023604408796446652,0.36482666404245373
2026-02-24,TSLA,sell,0.35019896660592015,0.3420214284265529,0.3077796049675269,0.35019896660592015,buy,0.01940114803767631,0.0877336382726306
2026-02-25,TSLA,sell,0.3379839484176735,0.3304343918239851,0.3315816597583414,0.3379839484176735,sell,-0.021357279325286554,-0.2178168123512918
2026-02-26,TSLA,sell,0.3616729675512592,0.33139836239227705,0.30692867005646374,0.3616729675512592,hold,-0.014967735162802965,-0.0848513092930791
2026-02-27,TSLA,sell,0.36784025366179335,0.34260495523386514,0.2895547911043415,0.36784025366179335,hold,0.002010344152525457,0.14715509019972628
2026-03-02,TSLA,sell,0.3598592439127663,0.3483683624767761,0.2917723936104577,0.3598592439127663,sell,-0.027372150980348144,0.445631061795098
2026-03-03,TSLA,buy,0.36864710776766063,0.36864710776766063,0.26431404541026576,0.36703884682207355,buy,0.03384721273919843,0.8441958394327167
2026-03-04,TSLA,sell,0.36060637166648407,0.3538619753292688,0.28553165300424727,0.36060637166648407,hold,-0.00096123102727329,0.38878062005106356
2026-03-05,TSLA,sell,0.3632721816229509,0.3493738458674939,0.28735397250955513,0.3632721816229509,sell,-0.02198816416611494,0.8796696068190771
2026-03-06,TSLA,buy,0.38061396729299213,0.38061396729299213,0.2431935836083972,0.3761924490986106,hold,0.004903095477786746,1.9445163771562122
2026-03-09,TSLA,sell,0.38494124020068426,0.3700307758811165,0.24502798391819927,0.38494124020068426,hold,0.0014036436297643494,1.1950053083109693
2026-03-10,TSLA,buy,0.3732287666649678,0.3732287666649678,0.27599988816722465,0.3507713451678076,buy,0.02126320318819362,1.085797078106795
2026-03-11,TSLA,buy,0.3733017738557312,0.3733017738557312,0.27567754366340325,0.35102068248086565,sell,-0.031914812787204434,0.9607876485980706
2026-03-12,TSLA,buy,0.37524442139415853,0.37524442139415853,0.2687780075973839,0.35597757100845756,hold,-0.009692136394107657,1.5349236973019835
2026-03-13,TSLA,buy,0.377081011073793,0.377081011073793,0.26458888714667844,0.3583301017795286,hold,0.011083506865035645,1.509800839002838
2026-03-16,TSLA,buy,0.3859193884090564,0.3859193884090564,0.2668947162623908,0.3471858953285529,hold,0.00933537602077204,0.8219217785723462
2026-03-17,TSLA,buy,0.3565932211577067,0.3565932211577067,0.2985219762649321,0.3448848025773611,sell,-0.016388196671314647,0.6075940870711809
2026-03-18,TSLA,buy,0.37340763016887346,0.37340763016887346,0.2782402719225549,0.34835209790857163,sell,-0.03228927274343446,1.1114100250239425
2026-03-19,TSLA,buy,0.3753651057947442,0.3753651057947442,0.2563721937371002,0.36826270046815557,sell,-0.032986169449252166,0.9159278539824394
2026-03-20,TSLA,buy,0.4114869246765193,0.4114869246765193,0.23589236029233854,0.3526207150311422,buy,0.03443139945829688,1.4132187277841852
2026-03-23,TSLA,buy,0.3873038202559747,0.3873038202559747,0.23819251100411895,0.37450366873990626,hold,0.005707699063017406,1.2870807774105806
2026-03-24,TSLA,buy,0.3860370380857907,0.3860370380857907,0.25356439036902384,0.36039857154518545,hold,0.007594547116542637,1.4239617243999787
2026-03-25,TSLA,buy,0.3774814019943488,0.3774814019943488,0.2614974917022304,0.3610211063034209,sell,-0.036518388902705916,1.1164963151717564
2026-03-26,TSLA,buy,0.39362806595071986,0.39362806595071986,0.2558820039459117,0.35048993010336843,sell,-0.0280150189690427,1.4914996582752362
2026-03-27,TSLA,buy,0.40548513358478205,0.40548513358478205,0.23249259133192343,0.36202227508329454,sell,-0.018268243604687585,2.1252631351210445
2026-03-30,TSLA,buy,0.4220700018767174,0.4220700018767174,0.2156280246021238,0.3623019735211587,buy,0.045315377792307994,2.0200316215761718
2026-03-31,TSLA,sell,0.3883354569767907,0.37451268990344994,0.2371518531197595,0.3883354569767907,buy,0.02525999735964806,1.0488704614896542
2026-04-01,TSLA,buy,0.3712964878312243,0.3712964878312243,0.26816464230747694,0.3605388698612988,sell,-0.05574001402961767,0.9183900622306931
2026-04-02,TSLA,buy,0.3940243161623025,0.3940243161623025,0.22799914536637006,0.37797653847132756,sell,-0.021783536042954785,0.7957038987728274
2026-04-06,TSLA,buy,0.39962868233539356,0.39962868233539356,0.2281989742056785,0.372172343458928,sell,-0.017642424845982326,0.8467135091360393
2026-04-07,TSLA,buy,0.39323596111493947,0.39323596111493947,0.22425701624979869,0.3825070226352619,hold,-0.009856563133277247,1.1438693440312817
2026-04-08,TSLA,buy,0.37689107141424455,0.37689107141424455,0.2522502671795563,0.37085866140619916,hold,0.0068808468500743715,0.32107000365162275
2026-04-09,TSLA,buy,0.3703859432736216,0.3703859432736216,0.2768243834460569,0.3527896732803215,hold,0.009588788947183922,0.05222710482895876
2026-04-10,TSLA,buy,0.35641548801338824,0.35641548801338824,0.30106510076753473,0.342519411219077,hold,0.00989500379675574,0.029202343179279007
2026-04-13,TSLA,buy,0.3556246325006496,0.3556246325006496,0.3111715221519566,0.33320384534739383,buy,0.03287951656879651,0.01803661349151922
2026-04-14,TSLA,sell,0.33696754375466853,0.3364613433192455,0.3265711129260859,0.33696754375466853,buy,0.07343111096819813,-0.13947832673449478
2026-04-15,TSLA,sell,0.3782207511352844,0.3187364105099122,0.30304283835480333,0.3782207511352844,hold,-0.0078120863116936485,-0.17295924217371522
2026-04-16,TSLA,sell,0.3569973476248078,0.30286606408492256,0.34013658829026966,0.3569973476248078,buy,0.0296911094422974,-0.22069953495404562
2026-04-17,TSLA,sell,0.3633487191499111,0.30161941411188253,0.3350318667382063,0.3633487191499111,sell,-0.020476797687229584,-0.3283949533595759
2026-04-20,TSLA,sell,0.3592299533085308,0.3148951775861767,0.32587486910529256,0.3592299533085308,sell,-0.0156116416401595,0.03966480927007472
2026-04-21,TSLA,sell,0.3547189176027763,0.31917732517313896,0.32610375722408463,0.3547189176027763,hold,0.0028167845306925577,0.21791181782624924
2026-04-22,TSLA,sell,0.35002820022930464,0.3231919757737782,0.3267798239969171,0.35002820022930464,sell,-0.03623482292188371,0.08260839459320009
2026-04-23,TSLA,sell,0.3813042867673562,0.35885408200573327,0.2598416312269104,0.3813042867673562,hold,0.006879807968652782,0.20612221044806892
2026-04-24,TSLA,sell,0.35192713231336337,0.3234005047731896,0.3246723629134471,0.35192713231336337,hold,0.006278483691632188,0.04973570637917398
2026-04-27,TSLA,sell,0.3591372500990621,0.3114448917336739,0.329417858167264,0.3591372500990621,hold,-0.007022844604162197,-0.1383307867416386
2026-04-28,TSLA,sell,0.3507077088366893,0.3227309111149595,0.3265613800483512,0.3507077088366893,hold,-0.008600254179982027,-0.18614556409297
2026-04-29,TSLA,sell,0.3550876745095429,0.3043456328481295,0.34056669264232753,0.3550876745095429,buy,0.023409515563600516,0.10529857365350428
2026-04-30,TSLA,hold,0.3517856625107108,0.298710650406025,0.3517856625107108,0.3495036870832641,buy,0.02379554904158833,-0.4479759288917811
2026-05-01,TSLA,sell,0.3464369479676647,0.31291783110486,0.3406452209274754,0.3464369479676647,hold,0.004314924812415465,-0.41239039984700754
2026-05-04,TSLA,hold,0.34896609119999444,0.30462796365639067,0.34896609119999444,0.346405945143615,hold,-0.008032003657369561,-0.021973536041431797
2026-05-05,TSLA,hold,0.352408031395519,0.3220367826906848,0.352408031395519,0.3255551859137961,buy,0.023754487827164997,-0.2866723900436747
2026-05-06,TSLA,hold,0.3611599834851451,0.2952777726763711,0.3611599834851451,0.3435622438384837,buy,0.03222900776203085,-0.27765403864015503
2026-05-07,TSLA,hold,0.34682021627550447,0.3093857274050117,0.34682021627550447,0.3437940563194839,buy,0.03942710124226755,-0.36388353574671634
2026-05-08,TSLA,hold,0.3742047059096717,0.2902757066265318,0.3742047059096717,0.33551958746379645,buy,0.03813364950728898,-0.32470542669529284
2026-05-11,TSLA,sell,0.3630067973036541,0.2979160550835765,0.3390771476127694,0.3630067973036541,sell,-0.026297804689101322,0.04063189818879537
2026-05-12,TSLA,sell,0.354605057066212,0.31586714175783154,0.32952780117595654,0.354605057066212,buy,0.02690433759547956,-0.07329628124845196
2026-05-13,TSLA,sell,0.35826480075299605,0.30634128841712194,0.33539391082988196,0.35826480075299605,hold,-0.004434100858338372,-0.10920489523411767
2026-05-14,TSLA,hold,0.36401606894469984,0.30218703541963066,0.36401606894469984,0.33379689563566955,sell,-0.048672864587404434,-0.29373257345475673
2026-05-15,TSLA,sell,0.34750754872471495,0.321086614381706,0.331405836893579,0.34750754872471495,sell,-0.029441104289050234,0.06268868115306028
2026-05-18,TSLA,sell,0.3393857366561348,0.33146776611390655,0.3291464972299585,0.3393857366561348,sell,-0.014445663458309575,-0.1230092500374077
2026-05-19,TSLA,sell,0.35331422365589865,0.3295585620470036,0.3171272142970977,0.35331422365589865,buy,0.03202247022638431,-0.050942720285505984
2026-05-20,TSLA,hold,0.35899393075544445,0.3042240432507746,0.35899393075544445,0.33678202599378104,hold,0.0014129789484986274,-0.23885672174366268
2026-05-21,TSLA,hold,0.34538117164902193,0.3164193680231094,0.34538117164902193,0.33819946032786874,buy,0.019340312041325056,-0.4441095891108319
2026-05-22,TSLA,hold,0.3562228604291917,0.3095469615143645,0.3562228604291917,0.33423017805644384,buy,0.017636535587117294,-0.4577383138031748
2026-05-26,TSLA,hold,0.3757027788917937,0.2939667838775177,0.3757027788917937,0.33033043723068856,buy,0.015493162254673815,-0.3535999863663162
2026-05-27,TSLA,hold,0.3729463359611887,0.29429481776681843,0.3729463359611887,0.332758846271993,hold,0.003943573700417892,-0.5700834016551456
2026-05-28,TSLA,hold,0.39404707410404605,0.28294731754446034,0.39404707410404605,0.3230056083514936,sell,-0.014375619088440037,-0.7331350689849943
2026-05-29,TSLA,hold,0.3669897731170766,0.29637365561677875,0.3669897731170766,0.33663657126614455,sell,-0.046763726698806594,-0.8555508126811494
2026-06-01,TSLA,hold,0.35712038944576346,0.3113199927345954,0.35712038944576346,0.33155961781964116,buy,0.018723267699191404,-0.6295303083539382
2026-06-02,TSLA,hold,0.3693708046569486,0.3033529951129653,0.3693708046569486,0.327276200230086,hold,-9.435010681166908e-05,-0.7109641544264648
2026-06-03,TSLA,buy,0.3354734184854251,0.3354734184854251,0.3299696431622486,0.33455693835232636,hold,-0.012468248792164637,-0.6203048665863439
2026-06-04,TSLA,hold,0.35292197211770426,0.3235127139358304,0.35292197211770426,0.3235653139464653,sell,-0.06784987766553562,-0.8172405655047367
2026-06-05,TSLA,buy,0.4025989231126215,0.4025989231126215,0.2829200939116669,0.3144809829757116,buy,0.04488536904530807,1.0321512314317247
2026-06-08,TSLA,buy,0.35615077138036844,0.35615077138036844,0.30683332522360024,0.3370159033960313,sell,-0.030463037176546175,0.2448533135107166
2026-06-09,TSLA,buy,0.3823658437406499,0.3823658437406499,0.2667669491123111,0.35086720714703906,sell,-0.0387831676710731,0.5292928988064687
2026-06-10,TSLA,buy,0.38668694277016885,0.38668694277016885,0.2652625360980312,0.3480505211318,buy,0.044990546617469984,1.231427870967441
2026-06-11,TSLA,sell,0.3662688442801282,0.3396593878585221,0.29407176786134964,0.3662688442801282,buy,0.018074423616042716,0.38892349666652537
2026-06-12,TSLA,sell,0.35682937483345223,0.3450738065577949,0.2980968186087529,0.35682937483345223,hold,0.011546402155351725,-0.14226903080188863
2026-06-15,TSLA,hold,0.35870118328752687,0.32621393366137547,0.35870118328752687,0.3150848830510977,sell,-0.015910879171028017,-0.5841077781456654
2026-06-16,TSLA,sell,0.3393077772968359,0.33150923569192675,0.3291829870112373,0.3393077772968359,sell,-0.020673857986175808,-0.5172162397694944
2026-06-17,TSLA,sell,0.35219248992272073,0.34288954682119954,0.3049179632560797,0.35219248992272073,hold,0.010315413608767319,0.10008520473567539
2026-06-18,TSLA,sell,0.34867097829517085,0.34541555343399183,0.30591346827083743,0.34867097829517085,hold,0.01132171311591987,-0.5132070138214024
2026-06-22,TSLA,buy,0.35694524698894614,0.35694524698894614,0.3120164628322392,0.3310382901788146,sell,-0.059611379843779726,-0.24294239503010637
2026-06-23,TSLA,buy,0.36017233122873615,0.36017233122873615,0.28753279002606585,0.35229487874519794,sell,-0.016060748057995154,0.42754937949100014
2026-06-24,TSLA,buy,0.36523345703575943,0.36523345703575943,0.2913804745663439,0.34338606839789665,hold,-0.0010923964729650014,0.16539247357650086
2026-06-25,TSLA,buy,0.3598725507101791,0.3598725507101791,0.29384907116015957,0.34627837812966134,hold,0.012161819203993191,0.24171910049593986
2026-06-26,TSLA,buy,0.38863322936761424,0.38863322936761424,0.2744368231430888,0.336929947489297,buy,0.08122713454703766,0.09398580833959788
2026-06-29,TSLA,sell,0.35872573635315513,0.33266522000072807,0.3086090436461168,0.35872573635315513,buy,0.02104736226435513,-0.13828511034194244
2026-06-30,TSLA,hold,0.3534193648978584,0.320407922347224,0.3534193648978584,0.32617271275491755,hold,0.011112495777372573,-0.5021638605330597
2026-07-01,TSLA,hold,0.348725572739145,0.3148291992558573,0.348725572739145,0.33644522800499765,sell,-0.07784074755080678,-0.45932414847134273
2026-07-02,TSLA,buy,0.35798196740862775,0.35798196740862775,0.28738933117730975,0.3546287014140625,buy,0.06475289005284912,-0.5920899169764093
2026-07-06,TSLA,sell,0.350685910909978,0.3070651547977652,0.34224893429225683,0.350685910909978,sell,-0.041018539011121395,-0.7666036067597525
2026-07-07,TSLA,hold,0.3423468783229462,0.3265826747859332,0.3423468783229462,0.33107044689112053,sell,-0.022185201276039682,-0.5943988666300544
2026-07-08,TSLA,sell,0.35146915962043485,0.31529778630454863,0.33323305407501647,0.35146915962043485,buy,0.0312037168556396,-0.3612110324931924
2026-07-09,TSLA,hold,0.3543151869083137,0.30571507763004613,0.3543151869083137,0.3399697354616401,hold,0.0029718973532871238,-0.6822296100047189
2026-07-10,TSLA,hold,0.3617646372378665,0.3133789007179139,0.3617646372378665,0.3248564620442195,sell,-0.03240077993929111,-0.9260670011373038
2026-07-13,TSLA,sell,0.33951999602375765,0.32250787619595733,0.337972127780285,0.33951999602375765,hold,0.003590624905497913,-0.28219152949591786
2026-07-14,TSLA,hold,0.35511136818117717,0.32737812472423056,0.35511136818117717,0.3175105070945923,hold,-0.004350915634406925,-0.4810956701560535
2026-07-15,TSLA,hold,0.33568068437920784,0.33466814303113157,0.33568068437920784,0.3296511725896605,hold,-0.008656724657948154,-0.7296376015843158
2026-07-16,TSLA,sell,0.34670984241712505,0.3225246904769879,0.330765467105887,0.34670984241712505,sell,-0.026481664853464253,-0.4084145264178843
2026-07-17,TSLA,sell,0.3569301870329477,0.34135798256874267,0.3017118303983096,0.3569301870329477,sell,-0.03003914234140675,0.20591976461276257
2026-07-20,TSLA,buy,0.3625909831852222,0.3625909831852222,0.3113699667694795,0.3260390500452983,buy,0.02501128466509805,0.1670023301221471
2026-07-21,TSLA,buy,0.3493536021966009,0.3493536021966009,0.3234878815998227,0.3271585162035764,hold,-0.013068910989716388,-0.3178241083872704
2026-07-22,TSLA,buy,0.34325598409410246,0.34325598409410246,0.32139521849967856,0.3353487974062189,sell,-0.15693077724657808,-0.4421482479365628
2026-07-23,TSLA,buy,0.42135272386624034,0.42135272386624034,0.19191032369136224,0.38673695244239736,sell,-0.021052755196125365,0.1777665338631884
2026-07-24,TSLA,buy,0.38717041064191837,0.38717041064191837,0.24570194850009638,0.3671276408579852,hold,-0.012246027070754707,0.13773291672399618
2026-07-27,TSLA,buy,0.38455824343116146,0.38455824343116146,0.26389158939209784,0.35155016717674076,hold,-0.0057730474244629066,0.16084272357076707
2026-07-28,TSLA,buy,0.37720576370633124,0.37720576370633124,0.2734508594800662,0.34934337681360256,sell,-0.03011319377555425,0.017142885299091262
2026-07-29,TSLA,buy,0.3821272125061376,0.3821272125061376,0.27265474833480535,0.34521803915905697,buy,0.034688981481862634,0.7576966159689555
2026-07-30,TSLA,buy,0.3650400655267514,0.3650400655267514,0.3027324854510436,0.3322274490222051,hold,0.007612156102981297,-0.33196410936969134
2026-07-31,TSLA,buy,0.3625046255067567,0.3625046255067567,0.3016736239502726,0.33582175054297064,buy,0.034332022193839726,-0.6661653999564779
2026-08-03,TSLA,buy,0.3391555745307957,0.3391555745307957,0.33507446101883,0.3257699644503743,buy,0.016230033331529004,-0.7002642307042627
2026-08-04,TSLA,hold,0.3558527143466069,0.3198667834281147,0.3558527143466069,0.3242805022252785,sell,-0.017876938914546434,-0.5037750093277213
2026-08-05,TSLA,buy,0.33555639381567565,0.33555639381567565,0.33543489830967177,0.3290087078746526,hold,-0.006301852314906756,-0.7107861271143682
2026-08-06,TSLA,hold,0.33783644802887536,0.33490795587127153,0.33783644802887536,0.32725559609985316,buy,0.02792913630936269,-0.9084917687441293
2026-08-07,TSLA,hold,0.3415189903962319,0.3364083701785066,0.3415189903962319,0.32207263942526143,hold,0.006975488024820526,-0.9810103055730187
2026-08-10,TSLA,hold,0.3664714378544524,0.3191733721890678,0.3664714378544524,0.3143551899564797,hold,0.005815962599747515,-0.8117022775635087
2026-08-11,TSLA,hold,0.3613342963357752,0.33075532246080486,0.3613342963357752,0.30791038120341985,sell,-0.016053130458727083,-0.8644474255499709
2026-08-12,TSLA,hold,0.3704498184846107,0.3190038388321465,0.3704498184846107,0.3105463426832427,buy,0.037309319717265685,-1.0853975365619515
2026-08-13,TSLA,hold,0.3777301229782158,0.29622100853240435,0.3777301229782158,0.3260488684893799,hold,0.0067719286826166255,-1.0615011231532923
2026-08-14,TSLA,hold,0.33778279617644985,0.3271386716802899,0.33778279617644985,0.3350785321432603,hold,-0.008715231364881356,-1.1751596018914214
2026-08-17,TSLA,hold,0.3673675141537177,0.30971093443358594,0.3673675141537177,0.3229215514126963,hold,-0.007187551055172664,-0.8904960150228793
2026-08-18,TSLA,hold,0.35492586600298504,0.31518908916746113,0.35492586600298504,0.3298850448295538,buy,0.04143094671567836,-0.6950915316193057
2026-08-19,TSLA,hold,0.3732858428600768,0.29970810800839937,0.3732858428600768,0.32700604913152387,sell,-0.01720685967593452,-0.9817503260975441
2026-08-20,TSLA,hold,0.3464828390646379,0.3124390876086588,0.3464828390646379,0.3410780733267033,buy,0.050095872774972884,-0.6427950661457017
2026-08-21,TSLA,hold,0.339274071617879,0.32183524789001733,0.339274071617879,0.3388906804921037,sell,-0.03908836412728585,-0.9067531993448023
2026-08-24,TSLA,hold,0.3494937549977796,0.32582553623934757,0.3494937549977796,0.3246807087628727,hold,0.0037185047717777416,-0.6919370891538119
2026-08-25,TSLA,hold,0.3562833552067263,0.3242987149171697,0.3562833552067263,0.3194179298761039,hold,-0.01272875556119292,-0.8146889843968194
2026-08-26,TSLA,hold,0.3422178308517901,0.3276247242003715,0.3422178308517901,0.33015744494783844,buy,0.025663998394328192,-0.888891031212466
2026-08-27,TSLA,hold,0.374668333686579,0.3083391170687089,0.374668333686579,0.31699254924471215,sell,-0.01722709491467637,-1.1006941327478228
2026-08-28,TSLA,hold,0.3539776554724451,0.33260830522034,0.3539776554724451,0.31341403930721484,buy,0.053591759412820184,-1.1249908770942423
2026-08-31,TSLA,buy,0.3385061589225926,0.3385061589225926,0.33305223155140723,0.32844160952600016,sell,-0.03276359494263283,-0.9751710913160972
2026-09-01,TSLA,hold,0.33776575648364854,0.33130429265561945,0.33776575648364854,0.33092995086073196,hold,0.0025803223399768612,-0.5428846535023673
2026-09-02,TSLA,hold,0.34623427961868436,0.32489636125451915,0.34623427961868436,0.3288693591267966,buy,0.052808869171430906,-0.8865374095666877
2026-09-03,TSLA,buy,0.3406740302288171,0.3406740302288171,0.3264863925856973,0.3328395771854856,sell,-0.061049850737314657,-1.1507504748367114
2026-09-04,TSLA,sell,0.35366090662715255,0.3470141253853952,0.2993249679874523,0.35366090662715255,buy,0.038994797854259064,-1.0855457484302957
2026-09-08,TSLA,sell,0.33805952323746724,0.3278765442384546,0.33406393252407823,0.33805952323746724,hold,-0.0009511423816780997,-0.7272075866219389
2026-09-09,TSLA,buy,0.336941744749924,0.336941744749924,0.3298248791116821,0.33323337613839393,hold,-0.011622155317144714,-0.5049183483477678
2026-09-10,TSLA,sell,0.3497161214661734,0.33558122512652616,0.3147026534073004,0.3497161214661734,hold,0.005157775173029117,-0.09062407154830421
2026-09-11,TSLA,buy,0.3430501391788496,0.3430501391788496,0.34243953378411507,0.31451032703703535,sell,-0.01786329077086875,-0.7001707414604008
2026-09-14,TSLA,buy,0.35497778382679607,0.35497778382679607,0.3158994290066406,0.3291227871665634,hold,-0.006680241987832851,-0.3190332779477186
2026-09-15,TSLA,buy,0.3479637571008237,0.3479637571008237,0.32899879789663966,0.3230374450025366,hold,0.004197806674681738,-0.2897359775219323
2026-09-16,TSLA,buy,0.35341171914487846,0.35341171914487846,0.31533931363553325,0.33124896721958824,buy,0.02242327795043716,-0.1370028863994617
2026-09-17,TSLA,buy,0.35143592638642385,0.35143592638642385,0.3363741947080415,0.31218987890553473,hold,-0.005284344822769503,-0.8283770493209659
2026-09-18,TSLA,buy,0.34386323227364635,0.34386323227364635,0.3361307382239192,0.3200060295024345,buy,0.029830352862943027,-1.0188488529092832
2026-09-21,TSLA,hold,0.3848770813920677,0.3227114981965984,0.3848770813920677,0.2924114204113339,hold,0.009546628301129739,-0.997883196414356
2026-09-22,TSLA,hold,0.38430647331657347,0.31100178835636627,0.38430647331657347,0.30469173832706015,hold,0.0032146775816225223,-1.192777704153892
2026-09-23,TSLA,hold,0.35692586234944434,0.317273146098862,0.35692586234944434,0.32580099155169373,hold,-0.0057515201759996614,-0.8964688565664073
2026-09-24,TSLA,hold,0.3583016088856503,0.3208968886677349,0.3583016088856503,0.3208015024466149,sell,-0.015545989199977985,-0.746086561348431
2026-09-25,TSLA,hold,0.34254872692007066,0.3376998976859483,0.34254872692007066,0.319751375393981,sell,-0.040193943758508294,-0.9874362647501919
2026-09-28,TSLA,buy,0.34222200489031834,0.34222200489031834,0.33196371283391574,0.3258142822757659,hold,-0.01298084035156419,-0.6240476426414561
2026-09-29,TSLA,buy,0.345149830769001,0.345149830769001,0.33930199592164056,0.3155481733093584,hold,0.005567742038637488,-0.6327319695499479
2026-09-30,TSLA,buy,0.34849824585405664,0.34849824585405664,0.31931588069053984,0.33218587345540346,,,-0.5420029249967168
2026-01-02,META,buy,0.3458366982333259,0.3458366982333259,0.3364697621902143,0.31769353957645974,buy,0.012801757866687167,-0.8340208452627474
2026-01-05,META,hold,0.35332194767041425,0.34452282079188057,0.35332194767041425,0.3021552315377051,hold,0.0027740866670097207,-0.7579799382312812
2026-01-06,META,hold,0.35795666718467417,0.33413206578432664,0.35795666718467417,0.30791126703099914,sell,-0.0182238217898139,-0.7829297773054127
2026-01-07,META,hold,0.34005562186212485,0.3309784088077686,0.34005562186212485,0.3289659693301066,hold,-0.0040625396307150145,-0.6637146936062013
2026-01-08,META,buy,0.33415868310492786,0.33415868310492786,0.3316854164877857,0.33415590040728643,buy,0.01077648773969337,-0.6499490046057679
2026-01-09,META,hold,0.35851453996095,0.33825796536384406,0.35851453996095,0.30322749467520604,sell,-0.01712743599496136,-0.8267668142609035
2026-01-12,META,hold,0.3490800188923778,0.33933534345701305,0.3490800188923778,0.3115846376506091,sell,-0.017092975628722983,-0.7060004596085142
2026-01-13,META,buy,0.3497170007632394,0.3497170007632394,0.3199516517334429,0.33033134750331766,sell,-0.02498105804165473,-0.5418264478935297
2026-01-14,META,buy,0.35961046578227346,0.35961046578227346,0.31450901913880214,0.32588051507892446,buy,0.008541491174937148,-0.3956201967968232
2026-01-15,META,buy,0.3495034325639977,0.3495034325639977,0.3257377349148938,0.3247588325211086,hold,-0.0008863402422519222,-0.5635793346401035
2026-01-16,META,buy,0.36299895936795384,0.36299895936795384,0.31901914605275483,0.3179818945792913,sell,-0.026349836865301082,-0.5595844291047153
2026-01-20,META,buy,0.3743776195892755,0.3743776195892755,0.2911291749621816,0.33449320544854283,buy,0.014526962005608768,0.2296070830015497
2026-01-21,META,buy,0.36667668185782853,0.36667668185782853,0.30626369233700024,0.32705962580517123,buy,0.05501979415359672,-0.3684193098148242
2026-01-22,META,buy,0.35993862868977755,0.35993862868977755,0.3076772294264885,0.332384141883734,buy,0.01703976422579954,-0.6049893999479897
2026-01-23,META,buy,0.33839376570397534,0.33839376570397534,0.32549546655877304,0.33611076773725157,buy,0.020434608425405492,-0.5216641520270681
2026-01-26,META,hold,0.36853370407119146,0.30655363651940787,0.36853370407119146,0.32491265940940073,hold,0.0009066973456223803,-0.5115260679511959
2026-01-27,META,hold,0.3745481502897665,0.29573794819877813,0.3745481502897665,0.32971390151145535,hold,-0.006320290181232291,-0.4754677310507676
2026-01-28,META,sell,0.3535302217514522,0.31933314414732245,0.32713663410122545,0.3535302217514522,buy,0.09898344902194488,-0.4741326191207244
2026-01-29,META,sell,0.41751299901987093,0.31458287549332237,0.26790412548680664,0.41751299901987093,sell,-0.029985587462644837,-0.37512632854026956
2026-01-30,META,sell,0.36759774785225163,0.30089653578868286,0.33150571635906556,0.36759774785225163,sell,-0.014182436439865453,-0.2707899526419606
2026-02-02,META,hold,0.349905376549182,0.3087543404261863,0.349905376549182,0.3413402830246316,sell,-0.021043401374202284,-0.47766010046642654
2026-02-03,META,sell,0.35040975029919097,0.32210084572670294,0.3274894039741061,0.35040975029919097,sell,-0.033383202150616985,-0.16734739142728539
2026-02-04,META,sell,0.3628051495676879,0.3260983170150104,0.3110965334173018,0.3628051495676879,hold,0.0018219696206452755,-0.047204904246303664
2026-02-05,META,sell,0.36668469792161457,0.3492848005737042,0.28403050150468123,0.36668469792161457,sell,-0.013141593309313764,0.5368412337657592
2026-02-06,META,sell,0.3729288888695765,0.3476672302439948,0.2794038808864288,0.3729288888695765,buy,0.023546596334636374,0.2708182495422911
2026-02-09,META,buy,0.3378544117944501,0.3378544117944501,0.32502169096945666,0.3371238972360932,hold,-0.009644371951472192,-0.29597411329588424
2026-02-10,META,hold,0.34079043793389824,0.3199219733161931,0.34079043793389824,0.33928758874990866,hold,-0.003031176984665263,-0.21617597830527788
2026-02-11,META,sell,0.36071718388192636,0.3281535191729768,0.3111292969450967,0.36071718388192636,sell,-0.0286405966000573,-0.244002932425073
2026-02-12,META,sell,0.3576571452422803,0.3532786529341774,0.2890642018235424,0.3576571452422803,sell,-0.015571183025669904,0.34871596466067484
2026-02-13,META,buy,0.3627811212580355,0.3627811212580355,0.2813279869494421,0.3558908917925223,hold,-0.0007507305287529001,0.3039574005061612
2026-02-17,META,buy,0.3558147021431335,0.3558147021431335,0.28980320327196707,0.35438209458489944,hold,0.006128647666434716,0.24196105128461382
2026-02-18,META,sell,0.36121622540554593,0.34041302511276933,0.2983707494816847,0.36121622540554593,hold,0.0024224176300295165,0.11224252176736896
2026-02-19,META,sell,0.3530231191287508,0.3376376548916644,0.3093392259795849,0.3530231191287508,buy,0.016733171027809392,0.22385406869502725
2026-02-20,META,sell,0.34662739246328494,0.34535913388637424,0.3080134736503408,0.34662739246328494,sell,-0.02848032746299336,0.005759938613991308
2026-02-23,META,buy,0.35068935176941674,0.35068935176941674,0.3109864459163091,0.3383242023142742,hold,0.003211788954991013,0.36482666404245373
2026-02-24,META,sell,0.34473053464507447,0.3380185873740459,0.3172508779808797,0.34473053464507447,buy,0.022259465702711416,0.0877336382726306
2026-02-25,META,hold,0.3443595167623366,0.32164264719192465,0.3443595167623366,0.33399783604573885,hold,0.005065986873871472,-0.2178168123512918
2026-02-26,META,sell,0.3486504907598603,0.3177776599201216,0.33357184932001815,0.3486504907598603,sell,-0.01353078121978472,-0.0848513092930791
2026-02-27,META,sell,0.35554644309127553,0.33567001104572275,0.3087835458630018,0.35554644309127553,buy,0.008265945757223425,0.14715509019972628
2026-03-02,META,buy,0.3395681725324067,0.3395681725324067,0.3208908488822247,0.33954097858536864,hold,0.0023229548422623006,0.445631061795098
2026-03-03,META,sell,0.3487889963934692,0.3465731037660864,0.30463789984044437,0.3487889963934692,buy,0.01912649753766743,0.8441958394327167
2026-03-04,META,hold,0.3376874608994061,0.3292561306964862,0.3376874608994061,0.3330564084041078,sell,-0.01078068955614589,0.38878062005106356
2026-03-05,META,sell,0.36468000897087044,0.3414752269108069,0.2938447641183227,0.36468000897087044,sell,-0.02406998044922376,0.8796696068190771
2026-03-06,META,sell,0.37962921204422584,0.35286131021534656,0.2675094777404275,0.37962921204422584,hold,0.003915837569880256,1.9445163771562122
2026-03-09,META,sell,0.3731605533914798,0.3466623786596562,0.280177067948864,0.3731605533914798,buy,0.010265381291220118,1.1950053083109693
2026-03-10,META,buy,0.3503537250479601,0.3503537250479601,0.30533167311614007,0.34431460183589985,hold,0.0012069878846512234,1.085797078106795
2026-03-11,META,sell,0.3517249482155495,0.3366357960689374,0.311639255715513,0.3517249482155495,sell,-0.025801062617061447,0.9607876485980706
2026-03-12,META,buy,0.361752649614495,0.361752649614495,0.28274760550341543,0.3554997448820895,sell,-0.039097872036375714,1.5349236973019835
2026-03-13,META,buy,0.39266737233550264,0.39266737233550264,0.23438003423472262,0.3729525934297747,buy,0.022997379326271838,1.509800839002838
2026-03-16,META,buy,0.3663798166596921,0.3663798166596921,0.28250654912856227,0.3511136342117457,hold,-0.007663376445494651,0.8219217785723462
2026-03-17,META,buy,0.36690026563161204,0.36690026563161204,0.2931880869128932,0.3399116474554948,sell,-0.011273242502218627,0.6075940870711809
2026-03-18,META,buy,0.3707582031251055,0.3707582031251055,0.2727296672925822,0.35651212958231226,sell,-0.014692895077674791,1.1114100250239425
2026-03-19,META,buy,0.37494802121973236,0.37494802121973236,0.2656053120470985,0.3594466667331691,sell,-0.02172774979877654,0.9159278539824394
2026-03-20,META,buy,0.416712426271905,0.416712426271905,0.22760272724951983,0.3556848464785752,buy,0.017366808617418857,1.4132187277841852
2026-03-23,META,buy,0.38254108324875064,0.38254108324875064,0.255682567917017,0.3617763488342323,sell,-0.018614051548680195,1.2870807774105806
2026-03-24,META,buy,0.38620475143465544,0.38620475143465544,0.2635745604881836,0.35022068807716106,hold,0.003317014856432747,1.4239617243999787
2026-03-25,META,buy,0.3827084901394945,0.3827084901394945,0.26250015649375336,0.35479135336675216,sell,-0.08294112210119081,1.1164963151717564
2026-03-26,META,buy,0.47680789337075147,0.47680789337075147,0.18054028893544774,0.34265181769380065,sell,-0.04066674851096255,1.4914996582752362
2026-03-27,META,buy,0.474722622550894,0.474722622550894,0.17157485754887597,0.3537025199002301,buy,0.020074215864235936,2.1252631351210445
2026-03-30,META,buy,0.4284486751286137,0.4284486751286137,0.19679619097907103,0.3747551338923152,buy,0.06452335372893657,2.0200316215761718
2026-03-31,META,sell,0.4253079031387392,0.365455422202044,0.2092366746592168,0.4253079031387392,buy,0.012333393005639185,1.0488704614896542
2026-04-01,META,sell,0.3789305657400675,0.3786180072241305,0.24245142703580205,0.3789305657400675,hold,-0.008269087217093848,0.9183900622306931
2026-04-02,META,sell,0.37209340764002746,0.35368462179613197,0.2742219705638405,0.37209340764002746,hold,-0.00250989936639049,0.7957038987728274
2026-04-06,META,buy,0.35996444656844706,0.35996444656844706,0.293165392764298,0.346870160667255,hold,0.0035363181154320677,0.8467135091360393
2026-04-07,META,sell,0.3633412412385088,0.35018002647763957,0.2864787322838517,0.3633412412385088,buy,0.06296135369644458,1.1438693440312817
2026-04-08,META,sell,0.3930589039317536,0.3529571330776772,0.25398396299056913,0.3930589039317536,buy,0.025742763149646235,0.32107000365162275
2026-04-09,META,sell,0.34678443853722773,0.3251111438901681,0.3281044175726041,0.34678443853722773,hold,0.0023364626035657214,0.05222710482895876
2026-04-10,META,hold,0.34863499709733037,0.3087419659847809,0.34863499709733037,0.3426230369178887,buy,0.007387173331832082,0.029202343179279007
2026-04-13,META,hold,0.3762446890176526,0.2909970625632977,0.3762446890176526,0.3327582484190495,buy,0.04312074700475604,0.01803661349151922
2026-04-14,META,hold,0.3674426387075132,0.2846188014072271,0.3674426387075132,0.34793855988525973,buy,0.013627743585842298,-0.13947832673449478
2026-04-15,META,hold,0.37921830009583773,0.277260514555617,0.37921830009583773,0.34352118534854537,buy,0.007846011044191461,-0.17295924217371522
2026-04-16,META,hold,0.39089383334897626,0.2656538485243264,0.39089383334897626,0.3434523181266974,buy,0.01710869274660332,-0.22069953495404562
2026-04-17,META,hold,0.40365532520145725,0.25995036916830166,0.40365532520145725,0.3363943056302412,sell,-0.025952897624824386,-0.3283949533595759
2026-04-20,META,hold,0.3689463752778053,0.2837793382866038,0.3689463752778053,0.34727428643559083,hold,-0.0030900620521360765,0.03966480927007472
2026-04-21,META,hold,0.35756824082020855,0.29925459078525607,0.35756824082020855,0.34317716839453544,buy,0.00875284687284244,0.21791181782624924
2026-04-22,META,hold,0.37837953866601115,0.28331468188815895,0.37837953866601115,0.33830577944582985,sell,-0.02334659983224751,0.08260839459320009
2026-04-23,META,sell,0.3615173187366026,0.305642441965938,0.33284023929745943,0.3615173187366026,buy,0.023806004349349517,0.20612221044806892
2026-04-24,META,hold,0.36363098574570507,0.2876644728385837,0.36363098574570507,0.3487045414157112,hold,0.005304121572969255,0.04973570637917398
2026-04-27,META,hold,0.3828892887071272,0.2802838617088193,0.3828892887071272,0.3368268495840535,sell,-0.010785599866338778,-0.1383307867416386
2026-04-28,META,hold,0.36002229631072147,0.2925950138890285,0.36002229631072147,0.3473826898002501,hold,-0.0033122855942094042,-0.18614556409297
2026-04-29,META,sell,0.36348617634694735,0.3115574222335495,0.32495640141950316,0.36348617634694735,sell,-0.08937827806119106,0.10529857365350428
2026-04-30,META,sell,0.43414117523724394,0.3428633228832224,0.22299550187953376,0.43414117523724394,hold,-0.005177467453735221,-0.4479759288917811
2026-05-01,META,sell,0.35954029522983477,0.3326984352433305,0.30776126952683475,0.35954029522983477,hold,0.0027232052559373813,-0.41239039984700754
2026-05-04,META,sell,0.3547030124549392,0.33727976858618497,0.30801721895887585,0.3547030124549392,sell,-0.008968545456936096,-0.021973536041431797
2026-05-05,META,sell,0.34023685814327204,0.33781091728913126,0.32195222456759676,0.34023685814327204,buy,0.013006828566828586,-0.2866723900436747
2026-05-06,META,sell,0.3563280777849443,0.3235456891260405,0.3201262330890152,0.3563280777849443,hold,0.006391800254510678,-0.27765403864015503
2026-05-07,META,sell,0.33906210501392686,0.32754951165983937,0.33338838332623383,0.33906210501392686,sell,-0.011708768379497228,-0.36388353574671634
2026-05-08,META,hold,0.34567426188910105,0.31912128085567326,0.34567426188910105,0.3352044572552258,sell,-0.01782434056785062,-0.32470542669529284
2026-05-11,META,sell,0.3410939591846816,0.331715372803094,0.32719066801222446,0.3410939591846816,buy,0.006889398079975665,0.04063189818879537
2026-05-12,META,hold,0.3361936217180917,0.32957211722720064,0.3361936217180917,0.3342342610547076,buy,0.02235194987158625,-0.07329628124845196
2026-05-13,META,sell,0.3437573653481035,0.32132522762963706,0.33491740702225936,0.3437573653481035,hold,0.0029147750519298026,-0.10920489523411767
2026-05-14,META,hold,0.3536767652722164,0.3177623544821745,0.3536767652722164,0.3285608802456091,hold,-0.006814471279219527,-0.29373257345475673
2026-05-15,META,sell,0.3457593932346465,0.34149806404969096,0.31274254271566254,0.3457593932346465,hold,-0.0049288634084825,0.06268868115306028
2026-05-18,META,buy,0.3387899597395682,0.3387899597395682,0.32476746873258566,0.33644257152784623,sell,-0.0141703849659383,-0.1230092500374077
2026-05-19,META,buy,0.3467937913968252,0.3467937913968252,0.3244362860225008,0.3287699225806739,hold,0.004057404517558643,-0.050942720285505984
2026-05-20,META,hold,0.34769959511450926,0.3249480522898273,0.34769959511450926,0.3273523525956635,hold,0.0038269238422706142,-0.23885672174366268
2026-05-21,META,hold,0.34065843210857044,0.32309742552704346,0.34065843210857044,0.33624414236438616,hold,0.004730566096830265,-0.4441095891108319
2026-05-22,META,hold,0.3598040214408615,0.3201220294858134,0.3598040214408615,0.3200739490733251,hold,0.003402556197571217,-0.4577383138031748
2026-05-26,META,hold,0.3715208322352668,0.30371272450783504,0.3715208322352668,0.3247664432568982,buy,0.03674670687615341,-0.3535999863663162
2026-05-27,META,hold,0.35539902024378106,0.30374117640631676,0.35539902024378106,0.3408598033499023,hold,4.715842575644896e-05,-0.5700834016551456
2026-05-28,META,hold,0.3722876847798119,0.2914693873037455,0.3722876847798119,0.33624292791644267,hold,-0.004385512320830528,-0.7331350689849943
2026-05-29,META,hold,0.3576793440655722,0.29950738143163796,0.3576793440655722,0.34281327450278987,sell,-0.05198347820956542,-0.8555508126811494
2026-06-01,META,sell,0.3547587602819929,0.33734305418999505,0.30789818552801207,0.3547587602819929,hold,-0.004740765526197034,-0.6295303083539382
2026-06-02,META,sell,0.3353381771645708,0.33339705977320455,0.33126476306222474,0.3353381771645708,buy,0.041542621977998094,-0.7109641544264648
2026-06-03,META,sell,0.3364076049955247,0.33305853818618064,0.3305338568182946,0.3364076049955247,buy,0.007340736791390922,-0.6203048665863439
2026-06-04,META,buy,0.3421122109277728,0.3421122109277728,0.3275422471549923,0.330345541917235,sell,-0.0566606989275318,-0.8172405655047367
2026-06-05,META,buy,0.400312358186174,0.400312358186174,0.2579948561827539,0.341692785631072,sell,-0.01291615216669664,1.0321512314317247
2026-06-08,META,buy,0.36055957893786605,0.36055957893786605,0.2919053592583366,0.3475350618037973,hold,-0.0013675724265206108,0.2448533135107166
2026-06-09,META,buy,0.3681266748160814,0.3681266748160814,0.28558697351481144,0.34628635166910704,sell,-0.02355655460777631,0.5292928988064687
2026-06-10,META,buy,0.4027883410645958,0.4027883410645958,0.25747143162782116,0.33974022730758296,hold,-0.004476051280587749,1.231427870967441
2026-06-11,META,buy,0.37564301172144327,0.37564301172144327,0.2687313077267634,0.3556256805517934,hold,-0.0025542434935139735,0.38892349666652537
2026-06-12,META,buy,0.3728152693872299,0.3728152693872299,0.3033994977253762,0.32378523288739386,buy,0.04660593635037774,-0.14226903080188863
2026-06-15,META,buy,0.34512373200153185,0.34512373200153185,0.33923744067010597,0.3156388273283621,buy,0.011276143820153064,-0.5841077781456654
2026-06-16,META,hold,0.3481026715390452,0.3288478494942799,0.3481026715390452,0.3230494789666749,sell,-0.05589784833476067,-0.5172162397694944
2026-06-17,META,buy,0.35837822503363664,0.35837822503363664,0.2888451452653366,0.35277662970102674,buy,0.016841638834168136,0.10008520473567539
2026-06-18,META,sell,0.35932549273064956,0.34767856195336544,0.292995945315985,0.35932549273064956,sell,-0.023435182867425894,-0.5132070138214024
2026-06-22,META,buy,0.35318850144152897,0.35318850144152897,0.3070795840958768,0.3397319144625942,hold,-0.0029305697120350586,-0.24294239503010637
2026-06-23,META,buy,0.37342117897530674,0.37342117897530674,0.2819066384184156,0.3446721826062776,hold,-0.008090269873054341,0.42754937949100014
2026-06-24,META,buy,0.37588844589812703,0.37588844589812703,0.2844322792643402,0.33967927483753274,sell,-0.026897511346503408,0.16539247357650086
2026-06-25,META,buy,0.3812761866966572,0.3812761866966572,0.2760139251837229,0.3427098881196199,buy,0.013502887808519779,0.24171910049593986
2026-06-26,META,buy,0.39241244409035103,0.39241244409035103,0.27489693406089816,0.33269062184875087,buy,0.022196084104301527,0.09398580833959788
2026-06-29,META,buy,0.3679900123395066,0.3679900123395066,0.3096996625215593,0.32231032513893404,hold,0.0012256923369592084,-0.13828511034194244
2026-06-30,META,buy,0.3491589598112714,0.3491589598112714,0.31872036248635305,0.3321206777023756,buy,0.08442351979156928,-0.5021638605330597
2026-07-01,META,buy,0.3583621614518381,0.3583621614518381,0.28453239343705417,0.3571054451111078,sell,-0.050202348077517445,-0.45932414847134273
2026-07-02,META,sell,0.34011556401781157,0.3339526874171566,0.3259317485650318,0.34011556401781157,buy,0.029397115290332648,-0.5920899169764093
2026-07-06,META,hold,0.35848679992510685,0.3044487708875967,0.35848679992510685,0.33706442918729645,buy,0.025152160341125173,-0.7666036067597525
2026-07-07,META,hold,0.35108902564277383,0.31355332591271184,0.35108902564277383,0.33535764844451427,sell,-0.020448764487568865,-0.5943988666300544
2026-07-08,META,hold,0.34964636737647237,0.30347241428328237,0.34964636737647237,0.3468812183402453,buy,0.045950007541939016,-0.3612110324931924
2026-07-09,META,sell,0.3744188609181313,0.2912463442794612,0.3343347948024075,0.3744188609181313,buy,0.05803174993106454,-0.6822296100047189
2026-07-10,META,sell,0.3509393129257783,0.29952216806437837,0.34953851900984334,0.3509393129257783,sell,-0.01882502186272947,-0.9260670011373038
2026-07-13,META,sell,0.3526008697495098,0.3081136847447476,0.3392854455057427,0.3526008697495098,hold,0.006541344717337282,-0.28219152949591786
2026-07-14,META,hold,0.365305352793805,0.29574410472864954,0.365305352793805,0.3389505424775455,buy,0.030203173428946288,-0.4810956701560535
2026-07-15,META,hold,0.3709592381616486,0.28169711637028,0.3709592381616486,0.3473436454680714,sell,-0.024922433270471042,-0.7296376015843158
2026-07-16,META,hold,0.35551481956960196,0.2914834068555775,0.35551481956960196,0.3530017735748207,sell,-0.028279984582476127,-0.4084145264178843
2026-07-17,META,sell,0.37702395923328913,0.32209511654150286,0.30088092422520807,0.37702395923328913,hold,-0.00024776416609612186,0.20591976461276257
2026-07-20,META,sell,0.34284710968176024,0.32226973530735964,0.3348831550108801,0.34284710968176024,hold,-0.003163626861580626,0.1670023301221471
2026-07-21,META,hold,0.3743450027847985,0.3076694509949373,0.3743450027847985,0.3179855462202642,sell,-0.02618603757992261,-0.3178241083872704
2026-07-22,META,hold,0.35328215956464876,0.3141141600928258,0.35328215956464876,0.3326036803425254,sell,-0.03417268283606626,-0.4421482479365628
2026-07-23,META,sell,0.3698862134795156,0.3335833282320382,0.2965304582884462,0.3698862134795156,sell,-0.018164258192068877,0.1777665338631884
2026-07-24,META,buy,0.34122685188624124,0.34122685188624124,0.3180552244005494,0.3407179237132093,hold,-0.0022202600731345665,0.13773291672399618
2026-07-27,META,buy,0.35203043788955496,0.35203043788955496,0.32122469814512367,0.3267448639653213,hold,-0.0007749116701945256,0.16084272357076707
2026-07-28,META,buy,0.3478410979068893,0.3478410979068893,0.3136672812101017,0.33849162088300905,sell,-0.013231477322596979,0.017142885299091262
2026-07-29,META,buy,0.37491254680440056,0.37491254680440056,0.27001488012302155,0.35507257307257795,sell,-0.08288270973420606,0.7576966159689555
2026-07-30,META,buy,0.3939622996270964,0.3939622996270964,0.22585292299719892,0.3801847773757046,buy,0.032273151155720034,-0.33196410936969134
2026-07-31,META,buy,0.35643605334151335,0.35643605334151335,0.29787919405393476,0.3456847526045518,buy,0.05848474316245962,-0.6661653999564779
2026-08-03,META,sell,0.3530766848316776,0.3326823550912851,0.3142409600770374,0.3530766848316776,hold,-0.0039042817929164464,-0.7002642307042627
2026-08-04,META,hold,0.3450237393297602,0.3151260970633174,0.3450237393297602,0.33985016360692244,hold,0.001410713494443174,-0.5037750093277213
2026-08-05,META,hold,0.3519191178848529,0.30888079531849605,0.3519191178848529,0.33920008679665103,hold,0.001917486305610128,-0.7107861271143682
2026-08-06,META,hold,0.3612843878982595,0.30955648053985685,0.3612843878982595,0.32915913156188376,hold,0.003722366225877122,-0.9084917687441293
2026-08-07,META,hold,0.37588793424041017,0.3069237043929285,0.37588793424041017,0.3171883613666614,hold,0.004751460338464643,-0.9810103055730187
2026-08-10,META,hold,0.3631005438463431,0.3193972412505414,0.3631005438463431,0.3175022149031154,buy,0.0070349145066037864,-0.8117022775635087
2026-08-11,META,hold,0.36385673584518324,0.32368671677828714,0.36385673584518324,0.31245654737652956,sell,-0.034418558886026615,-0.8644474255499709
2026-08-12,META,hold,0.36895138736696337,0.3155032866333238,0.36895138736696337,0.31554532599971286,buy,0.027467628883612392,-1.0853975365619515
2026-08-13,META,hold,0.40622548139560666,0.2762017335881747,0.40622548139560666,0.31757278501621866,hold,-0.008642724525718853,-1.0615011231532923
2026-08-14,META,hold,0.3986591309488441,0.2915875168621383,0.3986591309488441,0.3097533521890176,sell,-0.0360405445267914,-1.1751596018914214
2026-08-17,META,hold,0.3568814325778115,0.3116682604662804,0.3568814325778115,0.33145030695590805,sell,-0.04548522905092176,-0.8904960150228793
2026-08-18,META,sell,0.3530501708633633,0.34010187557963795,0.3068479535569987,0.3530501708633633,hold,0.004331502280614236,-0.6950915316193057
2026-08-19,META,sell,0.3421261942422319,0.3211489888921778,0.33672481686559036,0.3421261942422319,hold,-0.0003663231579575674,-0.9817503260975441
2026-08-20,META,sell,0.3476613964521197,0.32142875141237776,0.3309098521355026,0.3476613964521197,buy,0.007428838391575098,-0.6427950661457017
2026-08-21,META,hold,0.3546206858904779,0.32258925217673745,0.3546206858904779,0.32279006193278464,buy,0.016448888976044428,-0.9067531993448023
2026-08-24,META,hold,0.36234662582283933,0.309411199196233,0.36234662582283933,0.3282421749809276,buy,0.01953871529142359,-0.6919370891538119
2026-08-25,META,hold,0.3982838050856644,0.2904309681696326,0.3982838050856644,0.31128522674470305,buy,0.010626623632392484,-0.8146889843968194
2026-08-26,META,sell,0.35376417103598573,0.31705763347844573,0.3291781954855686,0.35376417103598573,hold,-0.008786442021908387,-0.888891031212466
2026-08-27,META,hold,0.35691961713683046,0.31882434246464797,0.35691961713683046,0.32425604039852157,buy,0.01204426452245861,-1.1006941327478228
2026-08-28,META,hold,0.35795425925432434,0.3230915523317607,0.35795425925432434,0.31895418841391493,hold,-0.009875277756110048,-1.1249908770942423
2026-08-31,META,hold,0.36847406501594954,0.32279610949085386,0.36847406501594954,0.30872982549319655,buy,0.010774394628771456,-0.9751710913160972
2026-09-01,META,hold,0.3442260022920569,0.33393074585798127,0.3442260022920569,0.3218432518499618,buy,0.024433712960559344,-0.5428846535023673
2026-09-02,META,hold,0.3587347035153185,0.32740813956788095,0.3587347035153185,0.31385715691680044,buy,0.029631741201243185,-0.8865374095666877
2026-09-03,META,hold,0.37478989633106197,0.3159729819367099,0.37478989633106197,0.3092371217322281,buy,0.00992310483974854,-1.1507504748367114
2026-09-04,META,hold,0.3865936914126507,0.29331512902158235,0.3865936914126507,0.32009117956576694,hold,-0.005348533774199563,-1.0855457484302957
2026-09-08,META,hold,0.3578793759999988,0.31668054879619495,0.3578793759999988,0.32544007520380624,buy,0.06348555830346835,-0.7272075866219389
2026-09-09,META,sell,0.3582580863161963,0.3067107053978832,0.3350312082859204,0.3582580863161963,sell,-0.014344547601190522,-0.5049183483477678
2026-09-10,META,sell,0.34646797659602796,0.3182362220766557,0.3352958013273163,0.34646797659602796,hold,0.005648429725333688,-0.09062407154830421
2026-09-11,META,hold,0.36138640489426055,0.3196811962527216,0.36138640489426055,0.3189323988530178,buy,0.02675181501778656,-0.7001707414604008
2026-09-14,META,hold,0.3648483197492842,0.2994164848235279,0.3648483197492842,0.33573519542718794,hold,0.006946984801726237,-0.3190332779477186
2026-09-15,META,hold,0.3538097250001085,0.3076524209482245,0.3538097250001085,0.3385378540516671,hold,0.004569970761570193,-0.2897359775219323
2026-09-16,META,hold,0.3677439442753924,0.30258062578667505,0.3677439442753924,0.3296754299379326,buy,0.013278277279149764,-0.1370028863994617
2026-09-17,META,hold,0.38531454306904134,0.2902936618965002,0.38531454306904134,0.32439179503445853,sell,-0.024569866646660325,-0.8283770493209659
2026-09-18,META,hold,0.3522124060842154,0.31882382163929834,0.3522124060842154,0.3289637722764863,buy,0.10821256596678755,-1.0188488529092832
2026-09-21,META,sell,0.3907575732092597,0.28952490237228545,0.3197175244184549,0.3907575732092597,hold,-0.0062929794452316,-0.997883196414356
2026-09-22,META,hold,0.353822716999253,0.3027634707146926,0.353822716999253,0.34341381228605433,buy,0.010130430726321367,-1.192777704153892
2026-09-23,META,sell,0.3599604520415838,0.2941071266486738,0.3459324213097425,0.3599604520415838,buy,0.04402402592500573,-0.8964688565664073
2026-09-24,META,sell,0.3648162649533215,0.2775089973254397,0.35767473772123876,0.3648162649533215,sell,-0.033915369196507755,-0.746086561348431
2026-09-25,META,hold,0.3631793048440801,0.28964071040137596,0.3631793048440801,0.347179984754544,sell,-0.04913476532608198,-0.9874362647501919
2026-09-28,META,sell,0.34977168287192234,0.3142911432070929,0.33593717392098477,0.34977168287192234,buy,0.031864390033715675,-0.6240476426414561
2026-09-29,META,sell,0.3523260654841538,0.29725923475101224,0.350414699764834,0.3523260654841538,sell,-0.018593793227627373,-0.6327319695499479
2026-09-30,META,sell,0.3532540717963348,0.3088879387844762,0.3378579894191891,0.3532540717963348,,,-0.5420029249967168
2026-01-02,NVDA,hold,0.34211960023945376,0.3395678104822806,0.34211960023945376,0.31831258927826567,hold,-0.0038731062614616196,-0.8340208452627474
2026-01-05,NVDA,hold,0.3372946406061763,0.3369632766675648,0.3372946406061763,0.32574208272625876,hold,-0.004688755678429477,-0.7579799382312812
2026-01-06,NVDA,hold,0.3496521163049938,0.3309412915420264,0.3496521163049938,0.31940659215297984,hold,0.009937622050970938,-0.7829297773054127
2026-01-07,NVDA,sell,0.3377151676438364,0.3246555445183127,0.3376292878378509,0.3377151676438364,sell,-0.021756852572826037,-0.6637146936062013
2026-01-08,NVDA,sell,0.33943593323953886,0.3285223731482833,0.33204169361217784,0.33943593323953886,hold,-0.0009732409959576952,-0.6499490046057679
2026-01-09,NVDA,hold,0.34322330522986255,0.33098462411259727,0.34322330522986255,0.3257920706575401,hold,0.000432696062586976,-0.8267668142609035
2026-01-12,NVDA,hold,0.33806537451955804,0.33086165985794336,0.33806537451955804,0.3310729656224987,hold,0.004693098117511798,-0.7060004596085142
2026-01-13,NVDA,sell,0.33983144582343583,0.3370179563801347,0.3231505977964295,0.33983144582343583,sell,-0.014473624385823834,-0.5418264478935297
2026-01-14,NVDA,sell,0.349781335146645,0.3332501648779255,0.3169684999754295,0.349781335146645,buy,0.021125027369051533,-0.3956201967968232
2026-01-15,NVDA,buy,0.34856673356647294,0.34856673356647294,0.3184476121390091,0.33298565429451804,hold,-0.004393486617098522,-0.5635793346401035
2026-01-16,NVDA,buy,0.34635266513889373,0.34635266513889373,0.3270287774701379,0.3266185573909683,sell,-0.04480562416582223,-0.5595844291047153
2026-01-20,NVDA,buy,0.3624843696762759,0.3624843696762759,0.28145733644433174,0.35605829387939236,buy,0.02905637683729892,0.2296070830015497
2026-01-21,NVDA,buy,0.3653333573365028,0.3653333573365028,0.2966811011180524,0.3379855415454449,hold,0.008257312820147,-0.3684193098148242
2026-01-22,NVDA,buy,0.3500606911383716,0.3500606911383716,0.32768427951172235,0.32225502934990596,buy,0.015194523916385622,-0.6049893999479897
2026-01-23,NVDA,buy,0.34910022752501785,0.34910022752501785,0.33025039203154305,0.32064938044343916,hold,-0.006414683649914931,-0.5216641520270681
2026-01-26,NVDA,buy,0.3466363173424486,0.3466363173424486,0.3386790945782564,0.31468458807929506,hold,0.010933720767139945,-0.5115260679511959
2026-01-27,NVDA,hold,0.34131696185020005,0.33675167537404543,0.34131696185020005,0.32193136277575457,buy,0.015788058828167452,-0.4754677310507676
2026-01-28,NVDA,hold,0.3472339666484023,0.3301209535049793,0.3472339666484023,0.32264507984661844,hold,0.005155924628249999,-0.4741326191207244
2026-01-29,NVDA,sell,0.3524256488263609,0.3273874567237278,0.3201868944499112,0.3524256488263609,sell,-0.007194232038127074,-0.37512632854026956
2026-01-30,NVDA,buy,0.34515673118265805,0.34515673118265805,0.31383743585075574,0.3410058329665862,sell,-0.029306192922961393,-0.2707899526419606
2026-02-02,NVDA,buy,0.35936602921390026,0.35936602921390026,0.3116455728932771,0.32898839789282264,sell,-0.028803789285737028,-0.47766010046642654
2026-02-03,NVDA,buy,0.363567995777862,0.363567995777862,0.2898061507810515,0.3466258534410866,sell,-0.03469717392603443,-0.16734739142728539
2026-02-04,NVDA,buy,0.3738313604360313,0.3738313604360313,0.2783443949716753,0.3478242445922934,sell,-0.013350121156681534,-0.047204904246303664
2026-02-05,NVDA,buy,0.3969326105584128,0.3969326105584128,0.2585470285127672,0.34452036092882005,buy,0.07577310728429514,0.5368412337657592
2026-02-06,NVDA,sell,0.3736379976124437,0.36000016034146726,0.266361842046089,0.3736379976124437,buy,0.024664798949681436,0.2708182495422911
2026-02-09,NVDA,buy,0.36869801807752106,0.36869801807752106,0.30077045886038223,0.3305315230620967,sell,-0.00792426887457399,-0.29597411329588424
2026-02-10,NVDA,hold,0.33395198023646955,0.3326077470297461,0.33395198023646955,0.3334402727337843,hold,0.007976982149579426,-0.21617597830527788
2026-02-11,NVDA,sell,0.34029666764832417,0.32665267328607683,0.333050659065599,0.34029666764832417,sell,-0.01649947390686615,-0.244002932425073
2026-02-12,NVDA,buy,0.3547807900632532,0.3547807900632532,0.29531541479084944,0.34990379514589737,sell,-0.02234036339336612,0.34871596466067484
2026-02-13,NVDA,buy,0.363632169044114,0.363632169044114,0.29107888246421637,0.34528894849166963,hold,0.011746263743006894,0.3039574005061612
2026-02-17,NVDA,buy,0.36466552175808703,0.36466552175808703,0.2864575111279013,0.3488769671140117,buy,0.016141856246182345,0.24196105128461382
2026-02-18,NVDA,buy,0.3562444232161547,0.3562444232161547,0.305415424121884,0.3383401526619613,hold,-0.00042561569043617976,0.11224252176736896
2026-02-19,NVDA,sell,0.346371707854229,0.3438264266039706,0.30980186554180045,0.346371707854229,hold,0.010166399603082204,0.22385406869502725
2026-02-20,NVDA,buy,0.34586201910974707,0.34586201910974707,0.3120498181493293,0.34208816274092363,hold,0.009072568651146638,0.005759938613991308
2026-02-23,NVDA,buy,0.35881314252467084,0.35881314252467084,0.29969811545039354,0.3414887420249357,hold,0.006763900557690002,0.36482666404245373
2026-02-24,NVDA,sell,0.35053611253850225,0.34382584035304736,0.3056380471084504,0.35053611253850225,buy,0.013954478728536618,0.0877336382726306
2026-02-25,NVDA,sell,0.3472620089365141,0.341674648721044,0.3110633423424418,0.3472620089365141,sell,-0.05610613126070414,-0.2178168123512918
2026-02-26,NVDA,sell,0.37312593977992975,0.3634636980348834,0.2634103621851868,0.37312593977992975,sell,-0.04253843777848231,-0.0848513092930791
2026-02-27,NVDA,sell,0.37663591933276674,0.3750941342520101,0.24826994641522318,0.37663591933276674,buy,0.029417882046687684,0.14715509019972628
2026-03-02,NVDA,buy,0.36798508644790096,0.36798508644790096,0.2732468798013825,0.3587680337507164,sell,-0.013405929087643301,0.445631061795098
2026-03-03,NVDA,buy,0.37463557240651857,0.37463557240651857,0.2649714080155343,0.3603930195779471,buy,0.016470019153972674,0.8441958394327167
2026-03-04,NVDA,buy,0.3637017184630472,0.3637017184630472,0.28313327836445046,0.35316500317250227,hold,0.0016376527280979592,0.38878062005106356
2026-03-05,NVDA,sell,0.376692705250495,0.3579127409582248,0.26539455379128024,0.376692705250495,sell,-0.030570364626370486,0.8796696068190771
2026-03-06,NVDA,buy,0.39590785960985736,0.39590785960985736,0.2331477510677044,0.37094438932243823,buy,0.02679978787359143,1.9445163771562122
2026-03-09,NVDA,buy,0.37032060022796,0.37032060022796,0.26284534693841594,0.36683405283362414,hold,0.011540058388765982,1.1950053083109693
2026-03-10,NVDA,buy,0.3751492010335854,0.3751492010335854,0.2750870297072956,0.3497637692591191,hold,0.006850273285434028,1.085797078106795
2026-03-11,NVDA,buy,0.36076189669008457,0.36076189669008457,0.2843413981022845,0.3548967052076309,sell,-0.015656971488297627,0.9607876485980706
2026-03-12,NVDA,buy,0.36938929439792795,0.36938929439792795,0.26750812922674905,0.3631025763753229,sell,-0.015906186400759685,1.5349236973019835
2026-03-13,NVDA,buy,0.38673571997176337,0.38673571997176337,0.2617237600031036,0.3515405200251331,buy,0.01634292168004435,1.509800839002838
2026-03-16,NVDA,buy,0.4009307082258122,0.4009307082258122,0.24448488889118508,0.35458440288300275,hold,-0.007065732815045204,0.8219217785723462
2026-03-17,NVDA,buy,0.3726524068502234,0.3726524068502234,0.289338425987936,0.33800916716184065,sell,-0.008445355802422788,0.6075940870711809
2026-03-18,NVDA,buy,0.37442588783249764,0.37442588783249764,0.28133674498623173,0.3442373671812706,sell,-0.010251908266992219,1.1114100250239425
2026-03-19,NVDA,buy,0.38006700983546515,0.38006700983546515,0.25663327219647575,0.3632997179680591,sell,-0.03336877036653223,0.9159278539824394
2026-03-20,NVDA,buy,0.4091685074786768,0.4091685074786768,0.24044676642959692,0.35038472609172633,buy,0.016880511060914493,1.4132187277841852
2026-03-23,NVDA,buy,0.38612130401882827,0.38612130401882827,0.25260253464771665,0.3612761613334551,hold,-0.0025082603923013867,1.2870807774105806
2026-03-24,NVDA,buy,0.38772945704001055,0.38772945704001055,0.25723742583416703,0.3550331171258224,buy,0.019668304028877433,1.4239617243999787
2026-03-25,NVDA,buy,0.3833649942585204,0.3833649942585204,0.260151010147568,0.3564839955939117,sell,-0.04253033849182578,1.1164963151717564
2026-03-26,NVDA,buy,0.4022025735510593,0.4022025735510593,0.2500517650711892,0.3477456613777515,sell,-0.021963430183359018,1.4914996582752362
2026-03-27,NVDA,buy,0.42183730250170465,0.42183730250170465,0.22458088635691578,0.35358181114137943,sell,-0.014127466657072667,2.1252631351210445
2026-03-30,NVDA,buy,0.42780721524201654,0.42780721524201654,0.21910517763475607,0.35308760712322734,buy,0.054376284697636154,2.0200316215761718
2026-03-31,NVDA,sell,0.3929128980251755,0.3735025223122158,0.23358457966260868,0.3929128980251755,hold,0.007711033810612094,1.0488704614896542
2026-04-01,NVDA,buy,0.3843914778950406,0.3843914778950406,0.2639257336764643,0.3516827884284951,hold,0.009288087530847224,0.9183900622306931
2026-04-02,NVDA,buy,0.3673444897497231,0.3673444897497231,0.279075945950658,0.3535795642996189,hold,0.0014083633873314685,0.7957038987728274
2026-04-06,NVDA,buy,0.36496322490739275,0.36496322490739275,0.2952511194701187,0.3397856556224885,hold,0.002586176316994212,0.8467135091360393
2026-04-07,NVDA,buy,0.3682091295916371,0.3682091295916371,0.2787343806929057,0.3530564897154572,buy,0.022101008162042288,1.1438693440312817
2026-04-08,NVDA,buy,0.353952338854626,0.353952338854626,0.3171746825905706,0.32887297855480335,hold,0.01000032528803561,0.32107000365162275
2026-04-09,NVDA,hold,0.3396758566770235,0.3367041394905412,0.3396758566770235,0.3236200038324354,buy,0.025340959023316116,0.05222710482895876
2026-04-10,NVDA,buy,0.3411883364659303,0.3411883364659303,0.3332853466846027,0.3255263168494671,hold,0.0035983899424540016,0.029202343179279007
2026-04-13,NVDA,hold,0.35543192181007793,0.32452225055374573,0.35543192181007793,0.32004582763617645,buy,0.03732743039584176,0.01803661349151922
2026-04-14,NVDA,hold,0.3689595359570739,0.3071696522502379,0.3689595359570739,0.32387081179268823,hold,0.011938083175825558,-0.13947832673449478
2026-04-15,NVDA,hold,0.35489176593374033,0.30677871379263294,0.35489176593374033,0.3383295202736267,hold,-0.002618197740074391,-0.17295924217371522
2026-04-16,NVDA,hold,0.3531215464821525,0.30547149956229835,0.3531215464821525,0.3414069539555491,buy,0.016649045567807226,-0.22069953495404562
2026-04-17,NVDA,hold,0.392269353109334,0.2860410801906253,0.392269353109334,0.32168956670004073,hold,0.0018824088642086202,-0.3283949533595759
2026-04-20,NVDA,hold,0.3622138169326297,0.2981244723261418,0.3622138169326297,0.3396617107412284,sell,-0.010847369949045943,0.03966480927007472
2026-04-21,NVDA,hold,0.35214881670827763,0.31619945348853257,0.35214881670827763,0.3316517298031899,buy,0.013022643204450814,0.21791181782624924
2026-04-22,NVDA,hold,0.37391186660703923,0.291887966274956,0.37391186660703923,0.3342001671180047,sell,-0.014224179207966972,0.08260839459320009
2026-04-23,NVDA,sell,0.3483863473583895,0.31668180183758937,0.33493185080402116,0.3483863473583895,buy,0.04231958149382599,0.20612221044806892
2026-04-24,NVDA,sell,0.35607919209533145,0.30614584790842825,0.3377749599962403,0.35607919209533145,buy,0.03926320391664804,0.04973570637917398
2026-04-27,NVDA,hold,0.36569809799403047,0.28496241312682014,0.36569809799403047,0.34933948887914945,sell,-0.016008553153041564,-0.1383307867416386
2026-04-28,NVDA,sell,0.35810149252910356,0.3015273121289197,0.3403711953419767,0.35810149252910356,sell,-0.018560242407810068,-0.18614556409297
2026-04-29,NVDA,hold,0.35462662704113623,0.29153556698304584,0.35462662704113623,0.35383780597581793,sell,-0.04736460140450071,0.10529857365350428
2026-04-30,NVDA,sell,0.36550092871075873,0.31276699262888996,0.32173207866035136,0.36550092871075873,hold,-0.005627955087470711,-0.4479759288917811
2026-05-01,NVDA,sell,0.34263658560354654,0.3161791739813162,0.3411842404151373,0.34263658560354654,hold,0.0001511142133114438,-0.41239039984700754
2026-05-04,NVDA,sell,0.3457720142542083,0.3353416997092717,0.31888628603652003,0.3457720142542083,sell,-0.010025881252397003,-0.021973536041431797
2026-05-05,NVDA,hold,0.3473835894559632,0.3309346216441847,0.3473835894559632,0.32168178889985205,buy,0.05605804391454571,-0.2866723900436747
2026-05-06,NVDA,sell,0.3485947894280246,0.306492714901397,0.3449124956705784,0.3485947894280246,buy,0.017504588949092632,-0.27765403864015503
2026-05-07,NVDA,sell,0.34574810791426996,0.321272722120312,0.3329791699654181,0.34574810791426996,buy,0.01734281474781367,-0.36388353574671634
2026-05-08,NVDA,hold,0.3668560066457234,0.30267487461280235,0.3668560066457234,0.3304691187414743,buy,0.019511022435273598,-0.32470542669529284
2026-05-11,NVDA,hold,0.3476286528947103,0.30795790559760333,0.3476286528947103,0.3444134415076865,hold,0.006087886202129122,0.04063189818879537
2026-05-12,NVDA,sell,0.3483991790676313,0.31750515401351415,0.3340956669188546,0.3483991790676313,buy,0.022615770328045653,-0.07329628124845196
2026-05-13,NVDA,hold,0.35464586364957423,0.3031027800951633,0.35464586364957423,0.3422513562552625,buy,0.04294702226715254,-0.10920489523411767
2026-05-14,NVDA,hold,0.36729292208240355,0.29230092917546385,0.36729292208240355,0.3404061487421326,sell,-0.045207834901241424,-0.29373257345475673
2026-05-15,NVDA,sell,0.35586996335165794,0.32978964833361935,0.3143403883147228,0.35586996335165794,sell,-0.01340385307769225,0.06268868115306028
2026-05-18,NVDA,sell,0.3398510155423351,0.32636819712560133,0.3337807873320635,0.3398510155423351,sell,-0.007721418440803279,-0.1230092500374077
2026-05-19,NVDA,sell,0.34668547649129494,0.3404671822568592,0.31284734125184593,0.34668547649129494,buy,0.012880773701817838,-0.050942720285505984
2026-05-20,NVDA,sell,0.34905086321081846,0.3256185208039793,0.3253306159852023,0.34905086321081846,sell,-0.01787940718646221,-0.23885672174366268
2026-05-21,NVDA,sell,0.34737421919370737,0.34692593304168284,0.3056998477646097,0.34737421919370737,sell,-0.01922607229301708,-0.4441095891108319
2026-05-22,NVDA,hold,0.3410354937916894,0.3251625139883879,0.3410354937916894,0.33380199221992257,hold,-0.00218503386614648,-0.4577383138031748
2026-05-26,NVDA,sell,0.34423922775603866,0.3289591189346945,0.3268016533092669,0.34423922775603866,sell,-0.010574216746573724,-0.3535999863663162
2026-05-27,NVDA,sell,0.35380223441390973,0.32185854765094424,0.32433921793514603,0.35380223441390973,hold,0.00773103477642207,-0.5700834016551456
2026-05-28,NVDA,hold,0.3445450742244845,0.31787736888478635,0.3445450742244845,0.33757755689072905,sell,-0.014622054590327213,-0.7331350689849943
2026-05-29,NVDA,buy,0.3576380455652111,0.3576380455652111,0.29680755646797957,0.3455543979668093,buy,0.060730476039717304,-0.8555508126811494
2026-06-01,NVDA,hold,0.347698141722635,0.3186139780350351,0.347698141722635,0.33368788024232987,hold,-0.006887683586835274,-0.6295303083539382
2026-06-02,NVDA,buy,0.34433372868316947,0.34433372868316947,0.32418851104294577,0.33147776027388465,sell,-0.03688968245588396,-0.7109641544264648
2026-06-03,NVDA,sell,0.3462077590191666,0.3296147786884669,0.32417746229236655,0.3462077590191666,buy,0.019208270674456164,-0.6203048665863439
2026-06-04,NVDA,sell,0.34782437339929045,0.3335023628067716,0.318673263793938,0.34782437339929045,sell,-0.06402035472821264,-0.8172405655047367
2026-06-05,NVDA,buy,0.38726039760513303,0.38726039760513303,0.26384038685320815,0.3488992155416587,buy,0.017112603807336074,1.0321512314317247
2026-06-08,NVDA,buy,0.3672479034109688,0.3672479034109688,0.29891797239218976,0.33383412419684133,hold,-0.0021591370494536254,0.2448533135107166
2026-06-09,NVDA,buy,0.3738470059455064,0.3738470059455064,0.2694806614622007,0.3566723325922929,sell,-0.038035992401868494,0.5292928988064687
2026-06-10,NVDA,buy,0.3962304934310537,0.3962304934310537,0.2534264592854339,0.3503430472835124,buy,0.02196044988977364,1.231427870967441
2026-06-11,NVDA,buy,0.35921247336271833,0.35921247336271833,0.2818088859847738,0.35897864065250795,hold,0.001560816085060168,0.38892349666652537
2026-06-12,NVDA,buy,0.3609629729682273,0.3609629729682273,0.3110898974170818,0.3279471296146909,buy,0.034770245936598033,-0.14226903080188863
2026-06-15,NVDA,hold,0.35902488462963145,0.329623714699508,0.35902488462963145,0.3113514006708605,sell,-0.02400913718585415,-0.5841077781456654
2026-06-16,NVDA,hold,0.3411385020193149,0.3297005170240606,0.3411385020193149,0.3291609809566245,sell,-0.013396368141542946,-0.5172162397694944
2026-06-17,NVDA,sell,0.34910621905330064,0.3436598293495169,0.3072339515971826,0.34910621905330064,buy,0.02908672936471219,0.10008520473567539
2026-06-18,NVDA,buy,0.34614271380770456,0.34614271380770456,0.31287382515698337,0.340983461035312,sell,-0.009729724138660469,-0.5132070138214024
2026-06-22,NVDA,buy,0.3506695028254955,0.3506695028254955,0.3192513339858469,0.33007916318865754,sell,-0.04214084177739289,-0.24294239503010637
2026-06-23,NVDA,buy,0.3674082554511163,0.3674082554511163,0.27967564010036033,0.3529161044485234,hold,-0.005212502071331129,0.42754937949100014
2026-06-24,NVDA,buy,0.37002339370979925,0.37002339370979925,0.2795367164242117,0.35043988986598906,sell,-0.01651753295293209,0.16539247357650086
2026-06-25,NVDA,buy,0.3734403861572528,0.3734403861572528,0.2737709962575422,0.35278861758520497,sell,-0.016535307270296173,0.24171910049593986
2026-06-26,NVDA,buy,0.39633157357373416,0.39633157357373416,0.263438744506331,0.34022968191993486,buy,0.01259370647032923,0.09398580833959788
2026-06-29,NVDA,buy,0.36210481031363495,0.36210481031363495,0.2939094590359412,0.3439857306504238,buy,0.025921544114228087,-0.13828511034194244
2026-06-30,NVDA,buy,0.3510911726514428,0.3510911726514428,0.32417432023463577,0.32473450711392143,sell,-0.012623661489360512,-0.5021638605330597
2026-07-01,NVDA,buy,0.35066856470080393,0.35066856470080393,0.3081049085919728,0.3412265267072232,sell,-0.014016138213330864,-0.45932414847134273
2026-07-02,NVDA,buy,0.35867072796933014,0.35867072796933014,0.30497715052099666,0.3363521215096732,hold,0.0036887035620646394,-0.5920899169764093
2026-07-06,NVDA,hold,0.34861953153404035,0.34106993663176266,0.34861953153404035,0.31031053183419693,hold,0.007032188158412175,-0.7666036067597525
2026-07-07,NVDA,buy,0.3425078168694832,0.3425078168694832,0.3298450237642581,0.32764715936625866,buy,0.03585970861898619,-0.5943988666300544
2026-07-08,NVDA,sell,0.33440597464637095,0.3328982959360145,0.3326957294176145,0.33440597464637095,hold,-0.006586402530205283,-0.3612110324931924
2026-07-09,NVDA,hold,0.34896459222868004,0.31894203458815656,0.34896459222868004,0.33209337318316345,buy,0.03954694687033319,-0.6822296100047189
2026-07-10,NVDA,hold,0.36719190542642666,0.3122682736574899,0.36719190542642666,0.3205398209160834,sell,-0.03585518479736162,-0.9260670011373038
2026-07-13,NVDA,buy,0.3386021605790919,0.3386021605790919,0.33115136156431985,0.3302464778565882,buy,0.03982909676092798,-0.28219152949591786
2026-07-14,NVDA,hold,0.3427356256335219,0.32516173981487173,0.3427356256335219,0.3321026345516064,hold,0.003299488571561179,-0.4810956701560535
2026-07-15,NVDA,hold,0.3410904323264277,0.3192860250427554,0.3410904323264277,0.3396235426308168,sell,-0.02429269139057868,-0.7296376015843158
2026-07-16,NVDA,sell,0.34920002688587554,0.3160291597292487,0.3347708133848758,0.34920002688587554,sell,-0.022379714518091908,-0.4084145264178843
2026-07-17,NVDA,sell,0.3615693964693142,0.3537232553400076,0.28470734819067817,0.3615693964693142,hold,0.002314797039956324,0.20591976461276257
2026-07-20,NVDA,buy,0.3487704326179018,0.3487704326179018,0.3256700256630896,0.3255595417190086,buy,0.01953439349536178,0.1670023301221471
2026-07-21,NVDA,hold,0.34320133808585984,0.33546662522952536,0.34320133808585984,0.32133203668461485,buy,0.022750524392297727,-0.3178241083872704
2026-07-22,NVDA,hold,0.3377681580970863,0.32680428704982784,0.3377681580970863,0.33542755485308595,sell,-0.015684054141053956,-0.4421482479365628
2026-07-23,NVDA,sell,0.35479255696724693,0.3249253012289294,0.32028214180382364,0.35479255696724693,hold,-0.009239684266176492,0.1777665338631884
2026-07-24,NVDA,buy,0.34688048654303144,0.34688048654303144,0.3076548872601546,0.3454646261968139,sell,-0.05123221161344423,0.13773291672399618
2026-07-27,NVDA,buy,0.35642823769603127,0.35642823769603127,0.29167766817147844,0.35189409413249023,hold,0.0025411391948645563,0.16084272357076707
2026-07-28,NVDA,buy,0.3523978083347988,0.3523978083347988,0.29622116770634643,0.3513810239588547,sell,-0.036177767496128915,0.017142885299091262
2026-07-29,NVDA,buy,0.3814776485438042,0.3814776485438042,0.2763602425166626,0.3421621089395332,buy,0.02612791410440112,0.7576966159689555
2026-07-30,NVDA,buy,0.3637184175703918,0.3637184175703918,0.3024882585436454,0.33379332388596283,buy,0.028855741862525482,-0.33196410936969134
2026-07-31,NVDA,buy,0.3478973439084311,0.3478973439084311,0.32155029398302065,0.3305523621085484,buy,0.02891782585108809,-0.6661653999564779
2026-08-03,NVDA,hold,0.3417663288713591,0.32775419080081547,0.3417663288713591,0.3304794803278254,buy,0.02532502488665963,-0.7002642307042627
2026-08-04,NVDA,hold,0.3735008385018657,0.30721722628232967,0.3735008385018657,0.3192819352158046,buy,0.033772589146277385,-0.5037750093277213
2026-08-05,NVDA,hold,0.3537053706045508,0.31945948563138965,0.3537053706045508,0.32683514376405953,hold,-0.0010496949486409586,-0.7107861271143682
2026-08-06,NVDA,hold,0.3649988809784762,0.31017254124674887,0.3649988809784762,0.3248285777747749,buy,0.022441406260388007,-0.9084917687441293
2026-08-07,NVDA,hold,0.3941111185409858,0.2975816990248229,0.3941111185409858,0.30830718243419125,sell,-0.029038808532230523,-0.9810103055730187
2026-08-10,NVDA,hold,0.3671295567174827,0.3141980154450865,0.3671295567174827,0.3186724278374307,hold,-0.00022984898503273905,-0.8117022775635087
2026-08-11,NVDA,hold,0.37298437587970307,0.3161192180566211,0.37298437587970307,0.3108964060636759,buy,0.029848870986494056,-0.8644474255499709
2026-08-12,NVDA,hold,0.3842260479282543,0.3063266085849625,0.3842260479282543,0.3094473434867832,hold,0.005385163518183502,-1.0853975365619515
2026-08-13,NVDA,hold,0.38723118779207416,0.29853946991908975,0.38723118779207416,0.31422934228883603,hold,-0.0006216014110184485,-1.0615011231532923
2026-08-14,NVDA,hold,0.40089822565711936,0.2928276461528734,0.40089822565711936,0.3062741281900072,hold,-0.0006664548102916446,-1.1751596018914214
2026-08-17,NVDA,hold,0.3821626188414763,0.3056144168115549,0.3821626188414763,0.31222296434696883,sell,-0.023699768862002164,-0.8904960150228793
2026-08-18,NVDA,hold,0.35625379492507686,0.31367022873332256,0.35625379492507686,0.33007597634160046,sell,-0.009970368892519498,-0.6950915316193057
2026-08-19,NVDA,hold,0.3740585267088431,0.3141595314982582,0.3740585267088431,0.3117819417928987,hold,-0.0032687653275796646,-0.9817503260975441
2026-08-20,NVDA,hold,0.35036040555657905,0.3208497936709937,0.35036040555657905,0.3287898007724272,hold,-0.009871040401640017,-0.6427950661457017
2026-08-21,NVDA,hold,0.3671766631867557,0.32423474151293846,0.3671766631867557,0.3085885953003058,sell,-0.029491771965305436,-0.9067531993448023
2026-08-24,NVDA,buy,0.34483116506573475,0.34483116506573475,0.33161030377805756,0.3235585311562077,buy,0.0216837834284371,-0.6919370891538119
2026-08-25,NVDA,hold,0.346935309656102,0.33622165307260865,0.346935309656102,0.3168430372712893,sell,-0.016039729009766298,-0.8146889843968194
2026-08-26,NVDA,buy,0.34936244382119847,0.34936244382119847,0.3188689745592379,0.3317685816195637,buy,0.08377069688720136,-0.888891031212466
2026-08-27,NVDA,buy,0.34716317844112565,0.34716317844112565,0.30983181344682326,0.3430050081120511,sell,-0.04682916515516023,-1.1006941327478228
2026-08-28,NVDA,buy,0.34970235072396594,0.34970235072396594,0.3163929082601975,0.3339047410158366,buy,0.014738043661139488,-1.1249908770942423
2026-08-31,NVDA,hold,0.3426542334622843,0.32236371240671674,0.3426542334622843,0.33498205413099896,sell,-0.015243739030777564,-0.9751710913160972
2026-09-01,NVDA,buy,0.3413914885712251,0.3413914885712251,0.319698633743626,0.3389098776851489,buy,0.031551759119991356,-0.5428846535023673
2026-09-02,NVDA,buy,0.34862885766176416,0.34862885766176416,0.31947505425261197,0.3318960880856239,buy,0.017842597643374064,-0.8865374095666877
2026-09-03,NVDA,hold,0.3539279726502103,0.33337695683248825,0.3539279726502103,0.3126950705173014,hold,0.00832594454203437,-1.1507504748367114
2026-09-04,NVDA,hold,0.3424617457940314,0.3387325909261763,0.3424617457940314,0.3188056632797923,sell,-0.020303739602603912,-1.0855457484302957
2026-09-08,NVDA,hold,0.3477174022837486,0.3336351721290556,0.3477174022837486,0.31864742558719594,hold,-0.009167825722225414,-0.7272075866219389
2026-09-09,NVDA,hold,0.3476400613118155,0.32604740001456,0.3476400613118155,0.3263125386736244,sell,-0.022908320238411505,-0.5049183483477678
2026-09-10,NVDA,buy,0.3424841702894622,0.3424841702894622,0.31639056746342165,0.3411252622471161,hold,-0.00032065647908931683,-0.09062407154830421
2026-09-11,NVDA,buy,0.353227809032281,0.353227809032281,0.3444503586953635,0.3023218322723555,sell,-0.03415584935928981,-0.7001707414604008
2026-09-14,NVDA,buy,0.3585529013566596,0.3585529013566596,0.2990937724271074,0.34235332621623304,hold,0.005719257624555324,-0.3190332779477186
2026-09-15,NVDA,buy,0.3464501646295638,0.3464501646295638,0.32892552145121356,0.3246243139192226,hold,0.008120756059029677,-0.2897359775219323
2026-09-16,NVDA,buy,0.35423442703641916,0.35423442703641916,0.31280017201617755,0.3329654009474033,buy,0.025114433082098275,-0.1370028863994617
2026-09-17,NVDA,hold,0.35401495837086183,0.33473249079356,0.35401495837086183,0.3112525508355782,hold,0.013269857682593715,-0.8283770493209659
2026-09-18,NVDA,buy,0.3344248517788636,0.3344248517788636,0.33244048911618007,0.33313465910495627,buy,0.02272976985658299,-1.0188488529092832
2026-09-21,NVDA,hold,0.3785967244081817,0.30913156831893884,0.3785967244081817,0.3122717072728794,hold,0.006531487260611347,-0.997883196414356
2026-09-22,NVDA,hold,0.38547581062150915,0.3026743804482851,0.38547581062150915,0.3118498089302056,sell,-0.01478965593717306,-1.192777704153892
2026-09-23,NVDA,hold,0.3606862522611331,0.3045169331750063,0.3606862522611331,0.3347968145638606,hold,-0.0041324802010050616,-0.8964688565664073
2026-09-24,NVDA,hold,0.3610422714783645,0.3041883603017294,0.3610422714783645,0.33476936821990605,hold,0.0021794981748305747,-0.746086561348431
2026-09-25,NVDA,hold,0.3569891174587152,0.3291943464068577,0.3569891174587152,0.31381653613442706,buy,0.016698968084026492,-0.9874362647501919
2026-09-28,NVDA,buy,0.34526631633986565,0.34526631633986565,0.336898970114636,0.3178347135454984,hold,-0.007235736044407124,-0.6240476426414561
2026-09-29,NVDA,hold,0.36009136375218104,0.33152976660088823,0.36009136375218104,0.30837886964693073,hold,0.005136200141629782,-0.6327319695499479
2026-09-30,NVDA,hold,0.34369954129723296,0.33423577728499804,0.34369954129723296,0.322064681417769,,,-0.5420029249967168
